{"train_losses": [1.50743967294693, 1.2526650428771973, 0.5413083034966674, 0.5352027607815606, 0.5866362026759556, 0.5785187629184553, 0.6919382342270443, 0.5269803279744727, 0.4949392176100186, 0.9551209424223218, 0.4688535680595253, 0.8732358132089887, 0.49360559082456995, 0.720514965908868, 0.3064625437504479, 0.08461351320147514, 0.05436264271182673, 0.05087353874530111, 0.05007318566952433, 0.04298365703185222, 0.044156127609312534, 0.04342074239892619, 0.0425322222124253, 0.04097840853501111, 0.06910498014518193, 0.07726397046021052, 0.050272029957601, 0.04318341739209635, 0.038585963658988476, 0.02548558304884604, 0.02344883549293237, 0.02413683313144637, 0.02511943663869585, 0.02343518380075693, 0.023272732106436576, 0.07201316101210457, 0.044530694905136316, 0.03477270741547857, 0.03538172213094575, 0.029206425749829838, 0.025522496617798294, 0.0230994221554803, 0.02486856228538922, 0.01846280480302604, 0.02014919450240476, 0.019133720280868665, 0.019543183967471123, 0.01899786097263651, 0.017562107449131354, 0.017055990107889687, 0.02044354791619948, 0.01881054842046329, 0.029474257225436822, 0.055177636976752965, 0.03082433475979737, 0.05698736171637263, 0.0525209903717041, 0.025496863094823703, 0.02138315566948482, 0.019914229001317705, 0.01915269930447851, 0.02111848975930895, 0.01846027054956981, 0.016368874548269168, 0.016677804623863528, 0.017557049968412945, 0.015857839291649207, 0.016899797533239638, 0.016837125777133873, 0.01651588241968836, 0.015733329446188042, 0.013694792437101049, 0.016061536302523955, 0.015796415773885592, 0.015989080320910683, 0.016425020261002437, 0.01601214741822332, 0.01596578742776598, 0.015544778043736837, 0.01433415436310627, 0.015800788200327327, 0.014138627364965422, 0.014193643017538957, 0.017147347198000977, 0.015764726708377048, 0.017391837468104705, 0.023652872070670128, 0.01915912882291845, 0.01872435587990497, 0.01762796559238008, 0.016947895754128695, 0.018750087757195746, 0.021887168820415224, 0.017029789392836392, 0.017197215597012212, 0.01767207475911294, 0.018243552252118076, 0.016808216193956987, 0.017260527204988257, 0.016321807700608457], "train_accurs": [], "valid_losses": [0.8712310642004013, 0.4868270754814148, 0.39235521480441093, 0.32898890040814877, 0.3253911705687642, 0.34053548984229565, 0.342629705555737, 0.3162932829000056, 0.2977788117714226, 0.3287382088601589, 0.3212231919169426, 0.3482060544192791, 0.3167458027601242, 0.3523826189339161, 0.07141481712460518, 0.03413441590964794, 0.026694349478930235, 0.02439901721663773, 0.02875341707840562, 0.026347290724515915, 0.02615444571711123, 0.025958058889955282, 0.026638679672032595, 0.0257427548058331, 0.04548065643757582, 0.03092128597199917, 0.029446719912812114, 0.025189027190208435, 0.01442207582294941, 0.010554277338087559, 0.013185679446905851, 0.014051820617169142, 0.011354371905326843, 0.011558604892343283, 0.008765066624619067, 0.017497120425105095, 0.024082422256469727, 0.02072144951671362, 0.009417413966730237, 0.012824199628084898, 0.012357670813798904, 0.012454536277800798, 0.011906908359378576, 0.010083986213430762, 0.011694960296154022, 0.007285034633241594, 0.006756252609193325, 0.0068660922115668654, 0.006669294205494225, 0.0074332591611891985, 0.006156377028673887, 0.006336714548524469, 0.007910675602033734, 0.017504775896668434, 0.009979066671803594, 0.038551582023501396, 0.01333814999088645, 0.015418958850204945, 0.014955963008105755, 0.011353671550750732, 0.006924551911652088, 0.006493876688182354, 0.009492283221334219, 0.005484200897626579, 0.009405848104506731, 0.010941904503852129, 0.014595983549952507, 0.008309509139508009, 0.00996778579428792, 0.01078769937157631, 0.007957459893077612, 0.008367897244170308, 0.006624722154811025, 0.00786258326843381, 0.010122090112417936, 0.011161805130541325, 0.01070010056719184, 0.01449995581060648, 0.007713969564065337, 0.010980687104165554, 0.005046385223977268, 0.012112447060644627, 0.007764425361528993, 0.0064370299223810434, 0.008497778791934252, 0.007712127408012748, 0.007766298716887832, 0.008561880327761173, 0.009698736481368542, 0.00863480824045837, 0.0060113928047940135, 0.008683355059474707, 0.007701101480051875, 0.008308999240398407, 0.009906033985316753, 0.010379610117524862, 0.008215804118663073, 0.00826810603030026, 0.007035241462290287, 0.006908946903422475], "valid_accurs": []}