{"train_losses": [2.838194644876889, 1.0803362280130386, 1.023914852312633, 0.9410037057740348, 0.9440541999148471, 0.906876304985157, 0.9104587786964008, 0.9248296405587878, 0.9323736131191254, 1.4528993197849818, 0.887619192712009, 0.9022074026454773, 1.7328283786773682, 1.053470045787565, 0.5486827652369227, 0.07552459869267684, 0.0405050524111305, 0.03502262556659324, 0.02338291721285454, 0.019362335093319416, 0.017287983426025937, 0.020143633176173483, 0.022953522790755545, 0.024854619055986404, 0.02206371272248881, 0.01838980588529791, 0.016227537599791373, 0.013273774346868907, 0.01600120189998831, 0.01685252313369087, 0.020949849592787877, 0.016755402720134174, 0.016259921847709587, 0.014601859580060201, 0.013432327258799757, 0.014857941307127476, 0.015380060832415308, 0.014277188772601741, 0.020334774495235512, 0.02197399948324476, 0.022455540020018816, 0.01865106894235526, 0.01704196141300989, 0.016372754770730222, 0.01674395812941449, 0.016935845238289664], "train_accurs": [], "valid_losses": [0.6135919652879238, 0.6977657601237297, 0.8167988806962967, 0.5796071691438556, 0.6514486894011497, 0.6318566557019949, 0.5755766797810793, 0.5957970283925533, 0.6072639934718609, 0.5681858472526073, 0.6338447816669941, 0.5689656473696232, 0.600908974185586, 0.7031937390565872, 0.04009479284286499, 0.040147680789232254, 0.029448878951370716, 0.012360606575384736, 0.01502133160829544, 0.01728068757802248, 0.012131836730986834, 0.011539639439433813, 0.012675980105996132, 0.015531653072685003, 0.01277667679823935, 0.008346742833964527, 0.011041905730962753, 0.009507242124527693, 0.014653119258582592, 0.010084060719236732, 0.01582471840083599, 0.01477228058502078, 0.00898068305104971, 0.013199171051383018, 0.012133865151554346, 0.011794338002800941, 0.012444154359400272, 0.01159638212993741, 0.01926527451723814, 0.01965996529906988, 0.018371850717812777, 0.021526237949728966, 0.009447877993807197, 0.015253177378326654, 0.01857929676771164, 0.00899521098472178], "valid_accurs": []}