{"train_losses": [2.0203141697815488, 1.1126300266810827, 0.6647415778466633, 0.6659247704914638, 0.8926128915378025, 0.5381454298538821, 0.5389781977449145, 0.5264410919376782, 0.5343748245920453, 0.5887642736945834, 0.5665349406855447, 0.5866815096565655, 0.5221295048083577, 0.9004329187529427, 0.32775687905294554, 0.09636353275605611, 0.05485909378954342, 0.03156837794397559, 0.02188531229538577, 0.015996454416641166, 0.014621914364397526, 0.01923491938837937, 0.015173368131010128, 0.01838711995099272, 0.017018275867615427, 0.012189187641654695, 0.01237457019409963, 0.012677746026643686, 0.012921249227864402, 0.015308176499924489, 0.014709606217885656, 0.015365296442593847, 0.014054653933271766, 0.013467855485422271, 0.013838864197688443, 0.013439656800723501, 0.01504167914390564, 0.01236238397125687, 0.0131169166748545, 0.011870093710188354, 0.011650199046666134, 0.050310956846390455, 0.022454745186093663, 0.019508171460724304, 0.016005486948415637, 0.014261219916599137, 0.013812558725476265, 0.012273094018122979, 0.019329113686191186, 0.015930046992642537, 0.012326400265530018, 0.012004956037604384, 0.012956221055771624, 0.010913996059181435, 0.00966278493745319, 0.011803655486021723, 0.011880710355139204, 0.013258892427464681, 0.014195635548925825, 0.013915689894929528, 0.015553666677858149, 0.018835554564637796, 0.015851338319147805, 0.0157073768787086, 0.015788429009262472, 0.015042822708242707, 0.01673018160675253], "train_accurs": [], "valid_losses": [0.9648505747318268, 0.7482583522796631, 0.4708598852157593, 0.4811747930943966, 0.3246190957725048, 0.36429829336702824, 0.3423235956579447, 0.3314920300617814, 0.35335091035813093, 0.37357883155345917, 0.4267352297902107, 0.36707638017833233, 0.3184147020801902, 0.4385659620165825, 0.33309830725193024, 0.10293703898787498, 0.039866166189312935, 0.016513433307409286, 0.022685383446514606, 0.013404223136603832, 0.011234780307859182, 0.014189943671226501, 0.00689078657887876, 0.00821447791531682, 0.008665608707815409, 0.007910671643912792, 0.008841843577101827, 0.00952342920936644, 0.011883807834237814, 0.016164500266313553, 0.009236836805939674, 0.007291911402717233, 0.007629378465935588, 0.008598724380135536, 0.00796276773326099, 0.010264249984174967, 0.008242128184065223, 0.006540519883856177, 0.009735781466588378, 0.00810605613514781, 0.006701028207316995, 0.017334431409835815, 0.017730548046529293, 0.019992027431726456, 0.007260874612256885, 0.0047156926011666656, 0.0038713132962584496, 0.00452980468980968, 0.006415798328816891, 0.0051249919924885035, 0.007221530191600323, 0.007907119812443852, 0.006805904675275087, 0.0058092642575502396, 0.006977030308917165, 0.004436962190084159, 0.006853582337498665, 0.007171425269916654, 0.007998120272532105, 0.007385657634586096, 0.005780059844255447, 0.011344020254909992, 0.010024918243288994, 0.011251798830926418, 0.011284409556537867, 0.006869346369057894, 0.009006318170577288], "valid_accurs": []}