{"train_losses": [0.06768168242252116, 0.03745985608042231, 0.030828395805730404, 0.029106561591789735, 0.03592345687008686, 0.044191640114824696, 0.043230885542861745, 0.04295871729174486, 0.04288446261416868, 0.04491167136244644, 0.04499520514817799, 0.04464537279503378, 0.044782261178740276, 0.044989005203160765, 0.04538690490538583, 0.045279966899071614, 0.04526052766003355, 0.045259078307186854, 0.04532952717088196, 0.04550180675217469, 0.045412411091520506, 0.04548215458161151, 0.045497444382451506, 0.04563950796556823], "train_accurs": [], "valid_losses": [0.02982081299913781, 0.02480656695219555, 0.023758935791972493, 0.023305516906215677, 0.04554944628450487, 0.04498420659053538, 0.04464784577222807, 0.044415858407904, 0.0442398540409548, 0.046446422879983275, 0.04633454669133893, 0.04624182900546917, 0.04616522616041558, 0.046868840498583655, 0.04680681557926748, 0.046753728396392295, 0.046710670593061616, 0.04666757214415286, 0.04703489980394287, 0.0469994520369385, 0.046964921622670124, 0.046931121398561766, 0.04713569305438016, 0.047106663596683314], "valid_accurs": []}