{"train_losses": [54201444.735584036, 4982.924841142887, 1391.5281562632565, 574011.6146447368, 20950061.01087572, 1435550.500678291, 21202149.65620505, 3086307.4704853594, 29742135.311158884, 343040.1106802133, 9265598.683120934, 90609.31668021776, 45187015.991590954, 46274804.474039346, 3392263.229505444, 178020243.74868318, 4144734.307444853, 2470670.517366021, 156619391.14798015, 3995373.3334143455, 30852198.157783337, 31755787.7509147, 1817105.333862857, 344158.5594753075, 335666372.822734, 2099017.7024931065, 65811372.09982148, 5952298.158229638, 240533951.68990386, 14700550.385180995, 4397376.682975113, 74572584.15214932, 20011973.966487557, 24430441.59332579, 1266688170.3826358, 11628690.23642534, 386983137.8607979, 1467988.3069322682, 8375207.495643029, 77435842.92624965, 265566172.1438861, 12575193.880514706, 53919775.91501697, 14682728.52912896], "train_accurs": [], "valid_losses": [2429.2432883126394, 3251.326202392578, 2305.7193025861466, 1852.3287778581891, 7392891.866071428, 3904.494960239955, 410299.87559291295, 1297.2817044939313, 3458.927403041295, 12597.854248046875, 23379.435093470984, 16611.94065638951, 17724.650320870536, 525450.0803571428, 42027.212681361605, 732760.3236607143, 609371.125, 70778.4443359375, 70329.36844308036, 89208.23465401786, 49793041.14285714, 24001465.035714287, 3712.5038103376114, 788.6876754760742, 44258.25739397322, 6681.348031180246, 5112532.678571428, 262908.65652901784, 335268.55524553574, 205640.548828125, 198670.9935825893, 887247.0323660715, 375141.29854910716, 235890.8208705357, 2630151.1741071427, 806953.0982142857, 28904.849714006697, 80395.46672712054, 4003.70938546317, 106592.48270089286, 4050489.8839285714, 2238565.0089285714, 1883962.845982143, 807843.0691964285], "valid_accurs": []}