{"train_losses": [2.0701663625422375, 0.052349207880674986, 0.07608328045375341, 0.2475750647249265, 0.05089794215219458, 0.8911429915147332, 5.35044142597553, 0.05952937070836579, 0.04444973537386542, 1106.7144057049006, 202.90992303779223, 16.14316898894526, 0.11468126074035917, 20.36433715382549, 111.35693418336568, 7.892840292439606, 1.8241079680419345, 0.07169468528527885, 0.9710447803282967, 12.97718229300313, 0.04083771692647923, 26.613738795632827, 0.4920605689295614, 1.8561955781029833, 0.04299971298630691, 38.31655907429064, 0.8772861219656009, 0.05064040703521999, 37.90928978851377, 0.09610822162173722, 1.9108606873889247, 0.04409082954100489, 10.851982551803854, 0.2305119074754653, 0.043743464033797856, 6.188802535645664, 6.6906349226217126, 0.048282066284261675, 344.29591733806376, 98.58977469275979, 2.0760405295069133, 2.47167395413495, 17.552025863913425, 0.23019267280261577, 336.94006167461345, 15.459447335333845, 60.447018600966594, 7.422632441531479, 3.100701929487254, 19.27480504808029, 0.032453794445319956, 3.03572963165094, 0.04113243883728509, 25.258586389440367, 163.32223003374506, 6.800740046199091, 5.479150797177224, 6.164093984198247, 46.509671597189495, 25.27219603180346, 24.02495518421156, 36.374694989277764, 24.54455278146321, 11.386745419144647, 0.05967470280809235, 364.4679154699871, 4.495341863297769, 0.1461579785450484, 9.18504693265583, 0.04296775134828161, 20.49423802863149, 1.9422502888712139, 0.048233484680768594, 15.809648937250728, 0.04420081399617152, 107.23748341628362, 0.043991292856330244, 3.0616921430655935, 0.06124732037374067, 55.678107020390385, 18.16652605220743, 94.08521299593454, 8.139151734868864, 12.36420231991831, 0.8407638666401217], "train_accurs": [], "valid_losses": [0.043435762536578944, 0.04615483186872942, 0.046566712337413003, 0.0476374692682709, 0.04448981985582837, 0.04417867396425988, 0.043243643727951815, 0.04371373847659145, 0.04403515965012567, 38.5917842728751, 0.9629203815545354, 0.5373085194400379, 0.04616792323733015, 0.05056751901949091, 0.7133084120494979, 0.05065333490659084, 0.04684980123836015, 0.04803917779853301, 0.04052901334528412, 0.04567253276971834, 0.04094799664536757, 0.5712512444172587, 0.04239782488106617, 0.04176790184075279, 0.04043545015156269, 0.04265243440334286, 0.06178876817492502, 0.045231730045218556, 0.045221710577607155, 0.0527408590673336, 0.04523229166599257, 0.04485343190442238, 0.06161605580044644, 0.044815818479816825, 0.04480477977943208, 0.04478381534240076, 0.04895918330709849, 0.0491189886815846, 4905.767639160156, 0.16191420783954008, 0.0508387539801853, 0.128914820695562, 0.7577667161822319, 0.03752913355960378, 1.5330477910382407, 1.0296375708920615, 36.64903327396938, 1.989408593092646, 1.1215387774365289, 0.02978162667048829, 0.02976418875290879, 0.04769404997516956, 0.02988884420067604, 110.75361020224435, 1.290396164570536, 0.37361360767057966, 0.37897112273744177, 0.3885625010090215, 6.047457030841282, 6.03129392010825, 6.059876297201429, 5.943761655262539, 5.979278189795358, 0.027415190390976413, 0.026849277716662203, 1.1017030434949058, 0.047668397958789556, 0.05017207370006612, 0.0421046855127705, 0.042150526540353894, 3.854692212172917, 0.04213772231845984, 0.051922572211229374, 0.044679460248776844, 0.04298120105106916, 0.04290349172827389, 0.043245236322815926, 0.34170577409011976, 0.043067153609756915, 24.182532719203405, 2.122918035302843, 0.08070156583562493, 2.534355423280171, 0.13434147462248802, 0.055579653808048794], "valid_accurs": []}