{"train_losses": [0.11881324148218556, 0.10050063833965166, 0.0996562815503095, 0.09991784515154307, 0.06909348531225823, 0.035303419304177235, 0.032201861427481625, 0.02823231491466723, 0.025723200028012105, 0.0492898449280649, 0.04619380610476657, 0.04327922955163801, 0.04058441037430146, 0.045993653372587526, 0.05417778993413122, 0.05111872489939178, 0.049148607851591856, 0.047610718133223005, 0.057813521563096555, 0.057131513066134704, 0.054849925370912204], "train_accurs": [], "valid_losses": [0.027952625798726722, 0.02862209974721606, 0.02838180126023612, 0.028128866738240634, 0.03831817402637431, 0.03845347281146262, 0.03898222225585154, 0.04217098896125598, 0.04063665673934987, 0.07636664175827589, 0.08123493753373623, 0.08068893291056156, 0.08562062008838568, 0.11443442505385194, 0.1058705526936267, 0.10978958862168449, 0.11504915589466691, 0.11317259592137166, 0.13608803413808346, 0.13763541701648915, 0.13773041564439023], "valid_accurs": []}