{"train_losses": [0.18653952507344307, 0.1746068987405408, 0.17227639104513562, 0.17172970605078597, 0.1131113605169217, 0.044539298474518964, 0.04474372908102171, 0.04443650280138082, 0.04433335146626533, 0.04487723019184772, 0.04482726939443954, 0.044852174283321354, 0.044709170098117305, 0.04481115467357555, 0.044936989834405715, 0.044835281402412046, 0.0449395982371601, 0.0447677649574447, 0.0447886604310026, 0.04469566711338397, 0.044799180069255616, 0.04464766455654105, 0.04479398001280373, 0.044830498669077366, 0.0448553636290841, 0.044930503577229934, 0.044765189639819424, 0.0448990709852107, 0.04488233083277536], "train_accurs": [], "valid_losses": [0.1413777426683477, 0.13977468053677253, 0.1390928156407816, 0.13847097368644817, 0.04619939142971167, 0.046106529887765646, 0.04605505638755858, 0.045997327393186946, 0.0459449492128832, 0.046565123268270066, 0.046525668552411456, 0.04650651051529816, 0.046481898886018565, 0.0466334347812725, 0.04662050612803016, 0.04658907498898251, 0.04655987506599298, 0.046538816864735315, 0.04661440263901438, 0.04660554429782288, 0.04659117831449423, 0.04657156339713505, 0.046716736729389856, 0.046696877805516124, 0.04668102040886879, 0.04665938043035567, 0.046644494702507346, 0.04678995142291699, 0.04677586347263839], "valid_accurs": []}