{"train_losses": [0.16533434114574846, 0.15781118685371195, 0.15495229303432267, 0.15413269272487087, 0.10355708247042214, 0.04976449107194985, 0.04983083097626586, 0.04946187254867403, 0.049401696611246375, 0.04653495871693705, 0.04627849073971019, 0.046393952821276035, 0.04622641543760828, 0.046110077946535336, 0.04603373121082513, 0.04601155925221842, 0.04604430301157058, 0.04601300989037455, 0.04601958470326339, 0.0461822628924345, 0.046242648331086024, 0.04604956580165824, 0.0460043065123496, 0.04581772302998002, 0.04598206658405146, 0.046045197186595443, 0.045954727445522585, 0.04607696368093539, 0.04613945699756232, 0.046231930097775764, 0.04620719388363318, 0.046327102802929836, 0.04667795135964096, 0.046555986052707714, 0.046543024362347245, 0.046514602871063876, 0.046829035948136005, 0.046807418396165465, 0.04679372895728139, 0.04681232199072838, 0.046700948482691164, 0.046589050593689015, 0.04654844904242598, 0.04669650808836405, 0.046657475246731785, 0.04679692573676821, 0.04683139224481933], "train_accurs": [], "valid_losses": [0.15988849249801465, 0.15788697291697776, 0.15578407913978612, 0.15350353664585523, 0.051285410299897194, 0.05114441990320172, 0.05092689122206399, 0.050744565802493265, 0.0505622349612947, 0.04787270565118108, 0.047822553963799565, 0.047765277359368544, 0.04770002766911473, 0.04760878243749695, 0.047555012828005214, 0.0475464465229639, 0.04751260921226016, 0.04747324520056801, 0.047721861695338576, 0.04769527725875378, 0.0476712518970349, 0.047662891214713454, 0.047479476214253476, 0.04746786401873188, 0.04744291654787958, 0.047421171030561836, 0.047402420114459734, 0.047777276585942934, 0.047756472535963566, 0.04773992276750505, 0.04771846805566123, 0.04821149359590241, 0.04818243719637394, 0.048168512693207176, 0.04815097386017442, 0.04811699069770319, 0.04837896984203586, 0.04835833785390215, 0.048348183810178726, 0.048329548012199144, 0.04824809942926679, 0.048239232173987796, 0.04821118339896202, 0.04819555896600442, 0.04817468882538378, 0.04840314980330212, 0.048382935779435296], "valid_accurs": []}