{"train_losses": [0.549270171385545, 0.42925645026685966, 0.34256445977213157, 0.2829966547802023, 0.21580562571999173, 0.15842075490843657, 0.13610525902916942, 0.1191784506368691, 0.10662691333074106, 0.09063356700964373, 0.08313720196283242, 0.07751553302538071, 0.07206412882657882, 0.0698438053318548, 0.06594233356871351, 0.06360245153847323, 0.06235839381847716, 0.05950641352261893, 0.05732833988526288, 0.05617220588534126, 0.054436871752446325, 0.05401687718911004, 0.053017174361518066, 0.05235077250681447, 0.05164802916415406, 0.050936062390414566, 0.05086341348995046, 0.05027265600624128], "train_accurs": [], "valid_losses": [0.05239705990866891, 0.05320361306491707, 0.053553370592583506, 0.053211430952485116, 0.038868123100006154, 0.03899622216288533, 0.03876486270954566, 0.03873792733065784, 0.038866221671923995, 0.04169333490010883, 0.04169080978525536, 0.04183143593503961, 0.0417266349707331, 0.04382056081002312, 0.04376968615023153, 0.04379012089754854, 0.04383630046088781, 0.04376968342278685, 0.04357809237470584, 0.043578138441911766, 0.04360414040274918, 0.043637421048645465, 0.04404716197002147, 0.0440243949914085, 0.044020189704107385, 0.044021707360765765, 0.04413639857167644, 0.04431740557109671], "valid_accurs": []}