{"train_losses": [0.06443251841764779, 0.059429871757004864, 0.057582153673220546, 0.05821967685418161, 0.05065380417788191, 0.042846848100963224, 0.042539287876860316, 0.04265575075513637, 0.04261694447352336, 0.04338407742356822, 0.043400577808903086, 0.04322537320889364, 0.04338884092783092, 0.04348178356843769, 0.04373740191609342, 0.04377697029770499, 0.043711752681339755, 0.043667981114525065, 0.04391326751071134, 0.04388861725637816, 0.043733687279113816, 0.04380782255776462, 0.04401470144275087, 0.044294634104887556, 0.044226560471958706, 0.04419431361744846, 0.04418098395142485, 0.04469920535533946], "train_accurs": [], "valid_losses": [0.051242343216602294, 0.04868260062565761, 0.04788053275219032, 0.047114951170182655, 0.044165011295782666, 0.044113369226189594, 0.0439150014093944, 0.04387821632969592, 0.04398960287549666, 0.04476265978467252, 0.04473563313617238, 0.0446999516404633, 0.044682194611855915, 0.04507637542805502, 0.04500878638853984, 0.04499299484970314, 0.04501873823548002, 0.04494526666322989, 0.04522273632963853, 0.045221039127292376, 0.045156068268365095, 0.04513678170873651, 0.045569680498114655, 0.045557363191619515, 0.04551965616909521, 0.04555903348539557, 0.04550453381878989, 0.046017228426145654], "valid_accurs": []}