{"train_losses": [0.06881660922552665, 0.06149594947628306, 0.06195837132025898, 0.060839349349193717, 0.052194242454155, 0.040617256964729655, 0.038880592528140655, 0.03690598605251218, 0.03558423161944922, 0.04920650110474674, 0.04708692415014786, 0.04560924412859646, 0.043568822015835416, 0.047718657926567806, 0.05258383776579575, 0.05115952632891444, 0.04920267343006995, 0.047538162999242815, 0.05894516955016021, 0.057955099002150526, 0.055625921435553026, 0.05412282296182478, 0.05362497819840436, 0.0550104280516539], "train_accurs": [], "valid_losses": [0.038340660477323193, 0.03725897314559136, 0.03741025039926171, 0.03615955702428307, 0.04542933623971684, 0.04624243722563343, 0.04610779169680817, 0.04638196714222431, 0.04786203435755202, 0.06749990974952068, 0.06965537548863462, 0.07037215779668518, 0.07120606702353273, 0.09546927156459008, 0.09605107083916664, 0.09950183717800039, 0.0904661452264658, 0.09360999101772904, 0.13062752916344575, 0.12343469481649143, 0.12334227655082941, 0.1173878934766565, 0.13204049292419637, 0.12935906409152917], "valid_accurs": []}