{"train_losses": [1.1845627916710717, 1.1144145067249025, 1.0726545326135777, 1.0432881347874485, 1.011999685691778, 1.0051337210116562, 0.9866997443494343, 0.9724904821505622, 0.9714047630470266, 0.9554322291776617, 0.9568675766703943, 0.9579456592047656, 0.9547892950830006, 0.9465588771161579, 0.9482439154828036, 0.9385329318582696, 0.9406372363920565, 0.9310218352804739, 0.9294367121956336, 0.9255400857439747, 0.927417247462525, 0.9173534369815595, 0.914914694097307, 0.9066874602484325, 0.9002924620632141, 0.8964578289361227, 0.8977654357120474, 0.8872598283505314, 0.889798713818429, 0.8783907960489313], "train_accurs": [], "valid_losses": [0.5052475099052701, 0.3407403182770525, 0.2493705911827939, 0.14997443610004016, 0.09063236175903253, 0.0679964991286397, 0.03710523547072496, 0.04344380320981145, 0.030462865102370933, 0.026033780737114803, 0.04146185500680336, 0.042798821248912385, 0.04564231168478727, 0.06134609731712511, 0.06601595938471812, 0.07862889221204179, 0.08360025845468044, 0.08724875841289759, 0.09656311172459807, 0.10011858333434377, 0.10284597998751062, 0.109582345799676, 0.1121534492288317, 0.11740496781255517, 0.12048310094646045, 0.12155899591743946, 0.1252781054271119, 0.12646475793527706, 0.12675250840506383, 0.12850051293415682], "valid_accurs": []}