{"train_losses": [0.31493079803917745, 0.14494406263348203, 0.1286279493816433, 0.12529519637751632, 0.08596141605608469, 0.04226045831785078, 0.0417804110845829, 0.0415343426429241, 0.04113313577630941, 0.0437863139536788, 0.04395336690632736, 0.043907391990438034, 0.043682903160943705, 0.04361135913775517, 0.043370935400079816, 0.043363181482241976, 0.04321222562696869, 0.043228727558889, 0.04335982345752586, 0.04344390381582722, 0.04339121018717596, 0.04333532196617099, 0.04309672772951795, 0.04260207328321707, 0.04262902088277885, 0.04257234608611235, 0.04267342060349241, 0.04416835217892584], "train_accurs": [], "valid_losses": [0.06819030456244946, 0.06879012985154986, 0.06772900153217572, 0.06717844759779316, 0.041259247809648514, 0.04121100659748273, 0.04113284618194614, 0.041093336850670834, 0.04110164471369769, 0.04444844285691423, 0.04434151857692216, 0.04449563446853842, 0.04433272828880165, 0.0440417590018894, 0.043998136783816984, 0.04419776807273073, 0.04410008953085968, 0.044002497768295665, 0.04423212236724794, 0.044414504165095944, 0.04421117768755981, 0.04447249492763409, 0.04366274058286633, 0.04349328151771, 0.043490902720285315, 0.0436777299536126, 0.043494185898453, 0.045375267442848], "valid_accurs": []}