{"train_losses": [10200.105152250955, 5864.438327426824, 5666.254392321833, 5528.277701123267, 2850.43212297815, 0.5053448924685225, 0.4274412860158342, 0.311027109808377, 0.22445313002054507, 0.11816684389276202, 0.10008763193207629, 0.09818563518447304, 0.08554914785018064, 0.08245770860783655, 0.07364199552432174, 0.07187959268200317, 0.07014194350453658, 0.06914001414594473, 0.0665857577907149, 0.06507294325840689, 0.06518585666828701, 0.06434310059910177, 0.07083349323903139, 0.0691243025234045, 0.06757847008156291, 0.06757367224900296, 0.06710163578053945, 0.06378011848372976, 0.05841010540504666], "train_accurs": [], "valid_losses": [6218.418308803013, 5990.943620954241, 5770.268197195871, 5699.183367047991, 0.5969573988446167, 0.2711916235940797, 0.23564749769866467, 0.2301458611286112, 0.18637453272406543, 0.26599425563056556, 0.33549675305507015, 0.3261093332964395, 0.2759175789542496, 0.5311273660377732, 0.5372707701753825, 0.5609379117044487, 0.5827859884926251, 0.5459742713719606, 0.740850157769663, 0.7029978579708508, 0.7414585417469165, 0.6857719850792948, 0.767788991132485, 0.8349706898110786, 0.7836103177230272, 0.7635583324091775, 0.7871696974616498, 0.7216010103002191, 0.733216466515192], "valid_accurs": []}