{"train_losses": [0.03132317810028589, 0.028995540937012676, 0.02704001667095997, 0.024926775029746655, 0.035844479217636505, 0.045731015355912, 0.042231551813998375, 0.03960674113438073, 0.03697666446404422, 0.06138335354204766, 0.058900576851823754, 0.05461562527933609, 0.05169301700243111, 0.05243242293284422, 0.05415115826573577, 0.05159325231650499, 0.049155050882336376, 0.047487461697141645, 0.06269126814659431, 0.059727112908017445, 0.05807488520178792, 0.05658819331846524], "train_accurs": [], "valid_losses": [0.029614135356886045, 0.02958910829121513, 0.030815102060192397, 0.03167093340640089, 0.06089360170465495, 0.07450723880901933, 0.06424146138929895, 0.06471573282033205, 0.07561738875561527, 0.11972977194402899, 0.11840530325259481, 0.12107923779902714, 0.11569454946688243, 0.12734451384416648, 0.13046704352434194, 0.13119986460411123, 0.14128514525613614, 0.12864206804494774, 0.17038534262350627, 0.16786644468083978, 0.17533224528389318, 0.15815864270552993], "valid_accurs": []}