{"train_losses": [0.46094910492972724, 0.443395176813716, 0.3682302276372279, 0.23877875510820004, 0.23734141681244764, 0.2386274003872165, 0.23907286326878915, 0.2388671245327387, 0.24205804633952321, 0.2419905233241263, 0.24286520396354339, 0.243431861458159, 0.24345647951676733, 0.2514639115798726, 0.25392168671602294, 0.2538250098349871, 0.2550095335516349, 0.25446741671237366, 0.25947952440018374, 0.2645679431617575, 0.2648028605198734, 0.26744282695036087, 0.26773376421874795, 0.26721522334233794], "train_accurs": [], "valid_losses": [0.24561548099986144, 0.24382122233510017, 0.20399947304810798, 0.19837093486317567, 0.21157960833183356, 0.20707484228270395, 0.20975832188768045, 0.2128928450069257, 0.21697214804589748, 0.21446448351655686, 0.21719311363995075, 0.2166399351720299, 0.2142426007028137, 0.23046340367623738, 0.2228362855634519, 0.23233385996094771, 0.22608403488993645, 0.23001426405140332, 0.23632714924003398, 0.24745934536414488, 0.23855826844062125, 0.2434509896806308, 0.2365449448781354, 0.2403457316436938], "valid_accurs": []}