{"train_losses": [7.4713403762332975, 6.6884856123142145, 5.068508018261541, 2.0271775865207906, 1.681658206004945, 1.3271480815278158, 0.9360111092054655, 0.7971934129203123, 0.6453391715647683, 0.48238647386195166, 0.4718021705510124, 0.39770854430066216, 0.3235488979825898, 0.389367121473822, 0.3078938385757504, 0.2819945938668396, 0.29875669215938877, 0.22495358689101758, 0.2523578013337794, 0.22407306732718277, 0.1786088887010775, 0.22773544240013632, 0.1704304406330699, 0.17208509989299628, 0.18529791967381562, 0.1356082717646603, 0.16313016533891045, 0.13934940110064215, 0.11828266042555688, 0.17378103111688264, 0.12629835556443564, 0.1333827100270403, 0.1424623451949585], "train_accurs": [], "valid_losses": [2.6120731064251492, 2.554631999560765, 0.9446797291082996, 1.0020990744233131, 0.9486257673374244, 0.681991192379168, 0.6545841449073383, 0.42766723728605677, 0.45827851231609074, 0.3989780327039106, 0.38583037363631384, 0.37640714379293577, 0.3648352436721325, 0.46259800664016176, 0.42425159897123066, 0.4754192073430334, 0.43873501462595804, 0.4436097906104156, 0.48715099160160336, 0.4852598575609071, 0.43447156250476837, 0.48291367664933205, 0.4699452609888145, 0.511075347661972, 0.4705817459949425, 0.4374487926917417, 0.4833742869751794, 0.4455236986811672, 0.47032607932175907, 0.4967157947165625, 0.5322255806199142, 0.5576013007334301, 0.5260480626353196], "valid_accurs": []}