{"train_losses": [0.018501766131373283, 0.01714700331165544, 0.015080810938561461, 0.013582398928491172, 0.027873447290263496, 0.04058176721551569, 0.037837753809853644, 0.03496913294354243, 0.03261166978079606, 0.04823014382862937, 0.04340637700075949, 0.040433416163076843, 0.03804326425222217, 0.04518393242238637, 0.05312655124037918, 0.04908577446948012, 0.0458238013994741, 0.043719008909454106, 0.06240817380866786, 0.056420393686370744, 0.05276528397802584], "train_accurs": [], "valid_losses": [0.01845726345865322, 0.018771689135714302, 0.019514155008697083, 0.019074673265484825, 0.07922104885801673, 0.07841372017615608, 0.07118582033685275, 0.07533576672098466, 0.08390578527801804, 0.13043993904388376, 0.13087802067665116, 0.15867167631430285, 0.14341521043596522, 0.20758028541292464, 0.22041144820728473, 0.2099492817318865, 0.21364597736724786, 0.22562384392533982, 0.25648926038827213, 0.23672749155334064, 0.26775280359600273], "valid_accurs": []}