{"train_losses": [0.02698563996753002, 0.024641778176793687, 0.022146500743993, 0.019952246154409863, 0.03057473448707777, 0.04055006169330548, 0.0363744451365185, 0.03370309655230105, 0.03155630755941995, 0.05124128344826973, 0.046900734092568244, 0.04292492037196538, 0.03984359891693281, 0.04653519203009851, 0.05529157210950533, 0.04981214464199624, 0.046669504796976555, 0.04430903047344298, 0.061552912470930976, 0.057809287111161116, 0.05474956303716919], "train_accurs": [], "valid_losses": [0.026250882223913714, 0.0271515132460211, 0.03137956642811852, 0.031151024807643677, 0.0633847348924194, 0.07035180803255311, 0.07397046824917197, 0.0802948899301035, 0.07554724386760167, 0.12698998222393648, 0.13509467097797564, 0.14626832605738724, 0.13111397996544838, 0.1850682512990066, 0.19612292679292814, 0.17716287608657563, 0.18257874543113367, 0.18475830794445106, 0.22773951178948795, 0.23929740861058235, 0.2232773205531495], "valid_accurs": []}