{"train_losses": [0.5239724112408501, 0.4786994336616425, 0.3952652050389184, 0.24814607067004082, 0.2439561017527782, 0.23390428765267923, 0.2300224565166645, 0.2275208137614071, 0.23253863842950928, 0.23096276171229504, 0.23267727414215053, 0.23380573062354296, 0.2335662154293565, 0.23787564167348796, 0.238094224224961, 0.23828968200734052, 0.24248192889034434, 0.24193011833325265, 0.24280985679339478, 0.24302636260393434, 0.24296974477471497, 0.24546783121805343, 0.24572806001182587], "train_accurs": [], "valid_losses": [0.19768746489925043, 0.1968490851244756, 0.141702061918165, 0.142527425528637, 0.14449949296457426, 0.14707298975970065, 0.14924557001463004, 0.15547170064279012, 0.1595883769914508, 0.16101555433124304, 0.16570198935057437, 0.16799283346959523, 0.16894249045955284, 0.17430916535002844, 0.17590361833572388, 0.18002545700541564, 0.1808448497738157, 0.18072298914194107, 0.1852508940334831, 0.18693831722651208, 0.18664653013859475, 0.18942416406103543, 0.1892658653003829], "valid_accurs": []}