{"train_losses": [0.04413738367632369, 0.04271668477649737, 0.04237824095606939, 0.04213820410496239, 0.0429788831183139, 0.04433724550083617, 0.04412330804409552, 0.04384797628193554, 0.04365995435710002, 0.04873651896110352, 0.04902209407266449, 0.04884962598915418, 0.048755657812791175, 0.04983633591865118, 0.0512669430834945, 0.05128363564998181, 0.05106467497008284, 0.051014422198833384, 0.047294899020596866, 0.04673691514070352, 0.04661701787558144, 0.04654904398898598, 0.0476678271032027, 0.049423375744288324], "train_accurs": [], "valid_losses": [0.041727884273443906, 0.04108078006122794, 0.04106362855860165, 0.040152955101802945, 0.046096196331615956, 0.04586387804842421, 0.0457914374835257, 0.045877922525895495, 0.045233083822365315, 0.05106109919558678, 0.05105024283485753, 0.050932822549449544, 0.051036302532468526, 0.05383769818581641, 0.053562380805877705, 0.053699292575142214, 0.05364286403969994, 0.053671592247805426, 0.04954304243437946, 0.04928717838733324, 0.04930567771329412, 0.04920623029050018, 0.052266144493062584, 0.05228416741426502], "valid_accurs": []}