{"train_losses": [0.2767143264885933, 0.21295286685464873, 0.18755632352143053, 0.13010431325467176, 0.15052909007857715, 0.18590318950671683, 0.19627351542471577, 0.19546297742497354, 400.64086598999523, 0.22286342370210502, 0.22285096014224032, 0.2238430449413875, 0.2193747942961713, 0.24394984580773524, 0.2488302956852648, 0.24458369064741034, 0.22326986339909058, 0.2230765282043389, 0.244789928690624, 0.4758887969391056, 0.231798528363465], "train_accurs": [], "valid_losses": [0.08714212051459722, 0.09078202489763498, 0.14510802179574966, 0.13161086131419455, 0.16173003959868634, 0.1807575191238097, 0.157511679588684, 0.25213627091475893, 0.21350187249481678, 0.20005682802626065, 0.19610922943268502, 0.19160248738314425, 0.1815860141068697, 0.2514328866132668, 0.2263909075409174, 0.19937668873795442, 0.2028012645563909, 0.22325152424829348, 0.23940362355538777, 0.21826244464942388, 0.24230221712163516], "valid_accurs": []}