{"train_losses": [0.6181451699563435, 0.4489347213711688, 0.3182829087846494, 0.19724617837361558, 0.19022129174499286, 0.08480945655770561, 0.030787428577366487, 0.028604409061175173, 0.08036042126043448, 0.06131021781435246, 0.07789448358699995, 0.09467961626846796, 0.07107706025252661, 0.10427832472625942, 0.08657416892508982, 0.07836824759259504, 0.10635205435630664, 0.07725074397469009, 0.09083355691963954, 0.08622853894269576, 0.07005166680744243, 0.09689213597171363, 0.07469268597258383, 0.0759955273729271, 0.0926588756086492, 0.06716386846478575], "train_accurs": [], "valid_losses": [0.49103966408542227, 0.46940980904868673, 0.10298619552382401, 0.06894352373534016, 0.05710208382723587, 0.03865768747138126, 0.04445013217628002, 0.15545313219938958, 0.14827044800456082, 0.1215363551995584, 0.18836232048592397, 0.1847988430942808, 0.19995147428874457, 0.30474054041717735, 0.2589171417057514, 0.3041332853691919, 0.32916993567986147, 0.28403348768396036, 0.33166040879275116, 0.3095940724015236, 0.33851282405001776, 0.37547616713813375, 0.35317674838006496, 0.4382671192288399, 0.4598487112671137, 0.4578478927058833], "valid_accurs": []}