{"train_losses": [0.23517597395749318, 0.09950324233187727, 0.08587014157246187, 0.04429688010975797, 0.034766500406755656, 0.09059651157074662, 0.12392991035191155, 0.1456502468359691, 73.71722226024225, 0.15446566237461945, 0.17338338680565357, 0.1961288113324415, 0.19426109624050913, 0.23286297870060754, 0.2429662093756691, 0.2507074686388175, 0.2087974853064648, 0.21213275018744368, 0.25646711399079, 0.30721814145959875, 0.2953419138199438], "train_accurs": [], "valid_losses": [0.0088028260943247, 0.010484336983479028, 0.05503586440214089, 0.04617734878723111, 0.04707830356034849, 0.16023270386670316, 0.09471314480262143, 0.1395347345886486, 0.11579071743679899, 0.13725338809724366, 0.14188555854239635, 0.1384168341755867, 0.1759386993944645, 0.1923886173005615, 0.2043562696448394, 0.1476302287940468, 0.18228354730776378, 0.19309496533657824, 0.36597882743392673, 0.23186384833284787, 0.2898388209619692], "valid_accurs": []}