{"train_losses": [0.34843902853588576, 0.3313839520726885, 0.3296711503986328, 0.33058354081142516, 0.32467694600265495, 0.3376773941926855, 0.3412588712557283, 0.3416870201706256, 0.40755742110272564, 0.40361990724448804, 0.41578866115638186, 0.43406480333950154, 0.42882242309984075, 0.5003536886008328, 0.5184906055687597, 0.5160390353865094, 0.544795030521022, 0.5391684480839305, 0.5001427058583845, 0.4567004094915415, 0.45028959269876834, 0.4884499266112923, 0.49002785286890765, 0.4909998081112034, 0.5119076647534573], "train_accurs": [], "valid_losses": [0.2866987476923636, 0.2879764474928379, 0.3048677630722523, 0.28967875987291336, 0.2535821595894439, 0.26999838064823833, 0.2955900398748262, 0.33336006104946136, 0.4081101140805653, 0.4928633426981313, 0.46318646307502476, 0.368788373789617, 0.3728185407817364, 0.5438595398196152, 0.48869437511478153, 0.5010258017906121, 0.47610956164343016, 0.43788910603949, 0.3808299388204302, 0.4853974735098226, 0.4038163029721805, 0.3950232868748052, 0.40278552738683565, 0.5577536603169782, 0.4821673770036016], "valid_accurs": []}