{"train_losses": [0.17414625151644622, 0.14392841853713864, 0.1411107670634039, 0.15465959658225378, 0.14772194177503623, 0.17520589954047291, 0.18585999952579932, 0.18400149735272245, 0.21147080974052193, 0.2097150617766948, 0.21577901217751402, 0.22407072433640088, 0.22439975459030065, 0.23381878459264363, 0.23596247636451922, 0.23527665824565308, 0.2360967787564116, 0.23647646424631594, 0.23746611716018784, 0.23959151012872262, 0.23925724759619071, 0.24228497281197517], "train_accurs": [], "valid_losses": [0.020462272189823643, 0.019455989556653158, 0.0890947226434946, 0.09423863781349999, 0.09009304443108183, 0.14157517866364547, 0.14703160311494554, 0.1700551374150174, 0.17999809102288314, 0.17980814379240787, 0.1948573083749839, 0.1997214877711875, 0.19263969415000506, 0.21158895189208643, 0.21823264152875968, 0.21022493445447513, 0.20787702341164863, 0.21277829046760285, 0.22539415769279003, 0.22283625416457653, 0.21802070337746823, 0.21470292311693942], "valid_accurs": []}