{"train_losses": [0.4394218539355567, 0.3898281629336366, 0.38348520125738633, 0.3761984484430352, 0.2648955447877424, 0.14804087400571253, 0.13935047890400995, 0.1322644253965147, 0.127338109209257, 0.11356424729074288, 0.11006732504157458, 0.10597786029202366, 0.1010979778339825, 0.09752738974752469, 0.09256813101200766, 0.08934212596539189, 0.08716467641529994, 0.08398755648219747, 0.0804167626788039, 0.07775395582703983, 0.0767182890595489, 0.07459291818286229, 0.07275067783083042, 0.07000037975508164, 0.06931081010509131, 0.06789351571604138, 0.06759275243158254, 0.06590428344517676, 0.06580889793070732, 0.06505120529611995, 0.06282810347652004, 0.062417130984736786, 0.06040203814053428, 0.05972426574323242, 0.05852968993331242, 0.05800119357613417, 0.0582312550227162, 0.05741865192940332, 0.05679168995486665, 0.056519944182854165, 0.05564603713926821, 0.054990885079716126, 0.054147773544510565], "train_accurs": [], "valid_losses": [0.28428916313818525, 0.28425439367336885, 0.2842462911669697, 0.28425328460122856, 0.05042296272170331, 0.05021544728827264, 0.050341512176341245, 0.05024849217651146, 0.05030575085298291, 0.04441000218503177, 0.04457677804332759, 0.04459151465977941, 0.0445284867393119, 0.0429860749614558, 0.04305330963273134, 0.04291674737552447, 0.042911947006359696, 0.04292641550169459, 0.04305284111095326, 0.04298145047921155, 0.04295649702128555, 0.043067653297579715, 0.042468200836862834, 0.04249129141680896, 0.04251495379555438, 0.04247008433698544, 0.042491150088608265, 0.043954020199765055, 0.04389815252008183, 0.04392933679212417, 0.04391371555227254, 0.043099476589954326, 0.043086711782962084, 0.04304147518372962, 0.04306289270919349, 0.04304865288681218, 0.043915384515587776, 0.04387207755020687, 0.043838893163150976, 0.043840614114222784, 0.04370888911320695, 0.043679847747885754, 0.04368840517210109], "valid_accurs": []}