{"train_losses": [0.2237005122090222, 0.18427750911580493, 0.18169430806828302, 0.18073065345474768, 0.11352460468145786, 0.038782647713951394, 0.038804841472248955, 0.038659544299226, 0.03859491478778186, 0.04214752464222288, 0.04217911331505595, 0.04218122460015489, 0.04202475767515229, 0.043794559565587685, 0.045845421519956436, 0.04569428810234523, 0.045819865514385216, 0.04552329923721595, 0.046041980385780334, 0.04632094375603744, 0.046020934826007526, 0.04610329176134923, 0.04729149897258341, 0.04942737906176715, 0.04928159122081364, 0.04937141170784224, 0.04918999047907769], "train_accurs": [], "valid_losses": [0.03876422501967421, 0.03814694085823638, 0.03886584551738841, 0.03807706322654018, 0.03736990836582014, 0.037364405513341935, 0.03727934772281775, 0.037318377223398, 0.037610819696315696, 0.04133892155784581, 0.042181755881756544, 0.04161828520175602, 0.041387876329411356, 0.04773677150452776, 0.04512033089330154, 0.04509677917563489, 0.04509205949891891, 0.04640023177489638, 0.04607671206550939, 0.04585715612795736, 0.04609973286278546, 0.04591741389594972, 0.04991089832037687, 0.04933909695994641, 0.0500143216590264, 0.050136387847097855, 0.04936939321591386], "valid_accurs": []}