{"train_losses": [0.20914741145279356, 0.19362650011424665, 0.19303548046284252, 0.19334311598034762, 0.19294619918973357, 0.20554888615059475, 0.21107952044439063, 0.21004524113482267, 0.2035208762322784, 0.20324398608750135, 0.2046771949088132, 0.20714082602391798, 0.20759998934057655, 0.20102516979609847, 0.1988957540659362, 0.19994352111425348, 0.20904798332660918, 0.20943665453208188, 0.21752453023794466, 0.22622639419777052, 0.22663263117194807, 0.23704520478923485], "train_accurs": [], "valid_losses": [0.11257298170988049, 0.09009879468274969, 0.208461961842009, 0.21432676405778953, 0.21303006687334605, 0.1993127382759537, 0.16350445869777883, 0.18207371128456934, 0.17635209379451616, 0.20444366761616298, 0.2362751111920391, 0.22425545938313007, 0.19799170563263552, 0.18998088102255548, 0.19642368890345097, 0.1840296419603484, 0.20131185145250388, 0.18305340356060437, 0.19851665438285895, 0.20116676363561833, 0.22483642931495393, 0.2391599076134818], "valid_accurs": []}