{"train_losses": [0.965661239974639, 0.9148188671644997, 0.916003486419695, 0.9183294210094133, 0.5045279012950836, 0.046511107415163136, 0.04650937200721977, 0.04653174371134102, 0.046489504486221266, 0.044080254533307044, 0.04394392436159547, 0.04395128237884239, 0.04394142588861792, 0.044162491016191054, 0.04438700973229036, 0.04440457374700324, 0.04442483775435665, 0.04441402154254023, 0.04417305688344245, 0.04417629831162918, 0.04420146159406296, 0.044167327753592674, 0.04358311315231463, 0.042543994524090537, 0.042509477577125865, 0.04252687571106723, 0.042557017492105116, 0.04330588249717228, 0.04342725497935962, 0.04349308635415804, 0.04344606039228078, 0.04215746739145992, 0.039237960654719656, 0.03927681051464372, 0.03926826859676865, 0.03920759938707853, 0.041588339815548374, 0.042155439088888025, 0.04215569414906372, 0.04216847612577326, 0.04202336259607681, 0.041655039831962254, 0.04168157241142848, 0.041676550838101775, 0.04166783716074482, 0.042249076081043724, 0.04242546630947434, 0.04247364597774334, 0.04244216817233088, 0.04255511430492498, 0.04284229457622807, 0.04287354651063141, 0.04285071324978479, 0.042827898236118024, 0.04293886714981557], "train_accurs": [], "valid_losses": [0.9144063464232853, 0.9130929250802312, 0.9133451783231327, 0.9134541558367866, 0.04765777575916478, 0.047691977549610395, 0.04765696161692696, 0.04766111092508903, 0.04763705449710999, 0.045113900011139255, 0.045074103134019036, 0.04505043090986354, 0.045255911736083884, 0.04551018927512424, 0.04563272002685283, 0.04644169245979616, 0.04550250702803688, 0.04551644713085677, 0.04528991269346859, 0.04542253678664565, 0.04529201309196651, 0.04693578789010644, 0.04443106564160969, 0.043602357252634, 0.043597346803705604, 0.04409862113451319, 0.04378084050092314, 0.044611836151619046, 0.04454672965221107, 0.04458778008951673, 0.044591848173045685, 0.040436653686421256, 0.040376876813492606, 0.040334070567041636, 0.04025709116831422, 0.040304390247911215, 0.043342149151223044, 0.04341925501025149, 0.04332745085204286, 0.0432522514768477, 0.04287035972811282, 0.04282707045786083, 0.04271832371263632, 0.043075017764100006, 0.04285337323588984, 0.043741487099656036, 0.0437103083490261, 0.043641922396740744, 0.04354887884775443, 0.04392899113840291, 0.04393254270377968, 0.04392847638311131, 0.044387485000437925, 0.044151567587895055, 0.044437326258048415], "valid_accurs": []}