{"train_losses": [0.1926030925900688, 0.1739110657903134, 0.17382953228319392, 0.17371545910700414, 0.10553636756932101, 0.02744972597327235, 0.029550187536241376, 0.02817988633157104, 0.02736231203220481, 0.04095691448810818, 0.04226228833299686, 0.04146592045514697, 0.04138696406508598, 0.04136616205248762, 0.04122758287161049, 0.04115721036161705, 0.041151429716143675, 0.041100756391646905, 0.04171539815690588, 0.04195755600035865, 0.04181020646208552, 0.042191123223244066, 0.043286709409898226, 0.04529526039148887, 0.045175973734738334, 0.045277644998111606, 0.04535966916894751, 0.04407237363532523], "train_accurs": [], "valid_losses": [0.12270887728248324, 0.12307905498892069, 0.12145092923726354, 0.12118252113993679, 0.028037720908676938, 0.027891732419707944, 0.028156329495167092, 0.02768413062273924, 0.027879428251513412, 0.04226998050164964, 0.04249045462347567, 0.042138991810913594, 0.042166354201201885, 0.041841757051380615, 0.041806686569803526, 0.04181926108763686, 0.04175560735166073, 0.04200710489281586, 0.04253085140538003, 0.04288572385641081, 0.04253083104932947, 0.04283799992741218, 0.04607637452759913, 0.045994604438809414, 0.046366570716989894, 0.04614099261483976, 0.04595717571542731, 0.044552868930622935], "valid_accurs": []}