{"train_losses": [0.3862112846512061, 0.1650205646890186, 0.16207218884882343, 0.15740236350887232, 0.09948426751394616, 0.03362999018281698, 0.03330763912131816, 0.03299173391613755, 0.03275845018405113, 0.04257169610091666, 0.042218466786608705, 0.041183046452970794, 0.04011027831837063, 0.04088861187203573, 0.04264036733741404, 0.04189227922183221, 0.04149312730794309, 0.04067269366074404, 0.045530048949112986, 0.04497701678703206, 0.04365507896770449, 0.042299806140363216], "train_accurs": [], "valid_losses": [0.005475009575353137, 0.005162012494110968, 0.005178540262152508, 0.005173791398971973, 0.033550983627459834, 0.03349024719292564, 0.03340425854548812, 0.03334442196813013, 0.03313008273419525, 0.04506143694743514, 0.04537357722542116, 0.04476693565292018, 0.04392050868565483, 0.04865801597147116, 0.04803664500026831, 0.04804738012275526, 0.04837280831166676, 0.04773747485264072, 0.05559108496111419, 0.0551255800029529, 0.055277852640886395, 0.05452131513240082], "valid_accurs": []}