{"train_losses": [0.2082258120731071, 0.1954838211929041, 0.19542467373388786, 0.2002182064982003, 0.19868738838919886, 0.23382794927983058, 0.24773245409288736, 0.24739252149112642, 0.26151151267230194, 0.2605246128465133, 0.26702768477813277, 0.2763474422787863, 0.2748884803088254, 0.32785719646899786, 0.34203925397660995, 0.34602584812060866, 0.3834409123611829, 0.38064187784831993, 0.3933921027041617, 0.4077517959885496, 0.4035626854057665], "train_accurs": [], "valid_losses": [0.11822253093123436, 0.11951823120138474, 0.17620606480964593, 0.16369446127542428, 0.17575972633702414, 0.23118261540574686, 0.25247719830700327, 0.26126023940742016, 0.22433339059352875, 0.20425376641963208, 0.22272860019334725, 0.28679804796619074, 0.23720086445765837, 0.30671005030827864, 0.2954199383301394, 0.28159239222960813, 0.313741034162896, 0.33386077731847763, 0.4040565235274179, 0.3404598134968962, 0.38542261719703674], "valid_accurs": []}