{"train_losses": [0.34555965772381536, 0.3279323769073007, 0.23286191110435145, 0.05431269701057799, 0.054014161997844305, 0.1111632655547173, 0.1348077102648045, 0.13724937714715169, 0.18029315572567087, 0.18007333137134396, 0.19224714611967406, 0.20979356136981142, 0.20957620138371433, 0.21624803598280307, 0.2180646108808341, 0.21861886162133443, 0.22501383974123254, 0.22490851082420224, 0.22476736499518946, 0.22431712485258543, 0.22416006552952308, 0.22904838048039922], "train_accurs": [], "valid_losses": [0.008764709711873106, 0.00756276778910043, 0.02939000479610903, 0.03143600447635565, 0.04172016214579344, 0.1807766245411975, 0.1430899884019579, 0.14755234042448656, 0.1602970308491162, 0.16208129482609884, 0.21670568761016643, 0.2030789383820125, 0.2234509510121175, 0.24720179183142527, 0.1897972407085555, 0.2169126466448818, 0.21491546609572001, 0.2177594889487539, 0.21322057130081312, 0.19572204218379088, 0.20659570768475533, 0.18287024620388234], "valid_accurs": []}