{"train_losses": [0.41395375530374534, 0.2880398420052291, 0.2867005064206965, 0.28418569843289, 0.23240726628252284, 0.17286790831528637, 0.17068253246839768, 0.16792717636710378, 0.16290023034581771, 0.15610335293601002, 0.15436385361250168, 0.14849935146680784, 0.1467055945543412, 0.14380205999132734, 0.14086945803321865, 0.13683712239718546, 0.13364705237732755, 0.13244263890169863, 0.12986352911631985, 0.1263297122831528, 0.12486993602363232, 0.12307429760357373, 0.12032307810845418, 0.12013178377736748, 0.11695944644274754, 0.1158330331459574, 0.11274594311261069, 0.11191272895732617, 0.1097542375107022, 0.10843272926917982, 0.10644357318555878, 0.10513099819017212, 0.10355495583957137, 0.10299937987523111, 0.10105492407245334, 0.09966296712737277, 0.09860769473016262, 0.0981496246573747, 0.09645205131011311, 0.09566814226532414], "train_accurs": [], "valid_losses": [0.1822424036051546, 0.17484515186931407, 0.1748260935502393, 0.17485664838126727, 0.05000001581252685, 0.05022132709356291, 0.0500861680401223, 0.05005247235697295, 0.05018218906064119, 0.043181398284754584, 0.0430909493339381, 0.04310642505463745, 0.04311568832157978, 0.042845090185957294, 0.042904556529330354, 0.04292305528984538, 0.042966133050088375, 0.04301805651214506, 0.04260860982217959, 0.04257416834921709, 0.042577680200338364, 0.04260225717111358, 0.04319050735128777, 0.043210960957886915, 0.0431521233902978, 0.04312314884737134, 0.043195172013448815, 0.04274542476715786, 0.04281890887900123, 0.04277751608086484, 0.04274938099219331, 0.04302494181320071, 0.04305078820990665, 0.043059460153537135, 0.04299950027572257, 0.04304227379283735, 0.04357828040208135, 0.04362475047154086, 0.04359136984151389, 0.04360404540784657], "valid_accurs": []}