{"train_losses": [0.07199467840389563, 0.0496368553337738, 0.048092114530520605, 0.04533960679187798, 0.044580363634788345, 0.04059831336418765, 0.03763770559861649, 0.03480486091799461, 0.03284241687885709, 0.058057066411353074, 0.054977165210604396, 0.052356490102592364, 0.0498688411898911, 0.05775051947253255, 0.0666134247821819, 0.061528660116793074, 0.059343206207373295, 0.05715911686462582, 0.0742041804676041, 0.07029856411462052, 0.06695680244408582], "train_accurs": [], "valid_losses": [0.03321334975771606, 0.033281351872054596, 0.03415450533585889, 0.03514356974379292, 0.06131278903090528, 0.058447178752560704, 0.06708716414868832, 0.06778352900541254, 0.0637996778158205, 0.1219119309846844, 0.12976235656866006, 0.12331816341195788, 0.1339033031836152, 0.18447233124503068, 0.18227947636374406, 0.20265908659036672, 0.19734692240932158, 0.20621024923665182, 0.24142527327473676, 0.2446046487561294, 0.24662465841642447], "valid_accurs": []}