{"train_losses": [1.3799866365091833, 1.30216883911806, 1.2286809949853301, 1.1689140880269702, 1.088941146885108, 1.0113571247094357, 0.9544947035442111, 0.9055415042654961, 0.8569620742517359, 0.7814496030095476, 0.7359282877380492, 0.6973245494505939, 0.6522944994371941, 0.6078726628382282, 0.5576611538817979, 0.526690326395078, 0.49593253979855534, 0.4702329371309928, 0.42811548554789425, 0.3999606572529849, 0.3747777166814286, 0.35794917783990704, 0.3334079518307388, 0.3054782255674919, 0.2904817567826396, 0.2747477987840165, 0.26083682467360303, 0.24040036085504213, 0.22630415206176663, 0.21458693772419546, 0.20718014476256133, 0.19712450665451284, 0.18265162868534818, 0.17448206102618805, 0.16603447776709207, 0.16150942712819955, 0.15159060642527777, 0.14626326047861737, 0.14013032802292125, 0.1357773321078104, 0.13019168525259958, 0.12432414032013168], "train_accurs": [], "valid_losses": [0.12379234097898006, 0.10969460276620728, 0.10850590893200465, 0.10848563896226031, 0.046062605089641044, 0.04630962147244385, 0.04647709821750011, 0.04668973575878356, 0.046776900733155866, 0.041822755709290504, 0.04148201597854495, 0.041361815495682616, 0.04124723777307996, 0.04188963325162019, 0.04191572132653424, 0.04182582375194345, 0.04187640331552497, 0.04206314726200487, 0.040999476897663305, 0.04105219121889344, 0.040872196633634825, 0.04078615230641195, 0.04135478301239865, 0.04134840824242149, 0.041507017466106584, 0.041452118062547276, 0.04146778769791126, 0.04166147987624364, 0.04158345310549651, 0.041540883581287096, 0.041458653851545284, 0.04171893975165274, 0.04167615622282028, 0.041720865427383354, 0.04177456977777183, 0.041782385569864085, 0.0416681716617729, 0.04171262062819941, 0.04168268486059138, 0.04168862836169345, 0.0419855192968888, 0.04195021837949753], "valid_accurs": []}