{"train_losses": [0.24915236752159994, 0.158130798868127, 0.14810198919670614, 0.14392617798296575, 0.10090105675531728, 0.05318090576273958, 0.04977091392122917, 0.04674790999788909, 0.04455180931836367, 0.05934688882539849, 0.05806230951724279, 0.055830443069355654, 0.054396061616532536, 0.05299449791685084, 0.05211825102854233, 0.050566959055772735, 0.049394173770974395, 0.04849767574315629, 0.059538312433329646, 0.05906464198258667, 0.05824218082717911, 0.056614182345838836, 0.05776416874444323, 0.059507427770829846, 0.05813655922425346, 0.05674887539153051, 0.05564535204616135], "train_accurs": [], "valid_losses": [0.1355345339647361, 0.13288701378873416, 0.13091153052768537, 0.13100996586893285, 0.058098428982443044, 0.06098221927615149, 0.0561082965827414, 0.056647588565413444, 0.05686354726952102, 0.07104154290365321, 0.07225023921845215, 0.07188248168677092, 0.07363189763522573, 0.07117415335960686, 0.07386596866750292, 0.07188808621971735, 0.07171721576846071, 0.07587650075687893, 0.09169437982408064, 0.09480187303519674, 0.09703563971977149, 0.09834562601255518, 0.0976865069408502, 0.10130805575421878, 0.10295008069702558, 0.1026271000903632, 0.10333070039216961], "valid_accurs": []}