{"train_losses": [0.6691429637884968, 0.6468741842520931, 0.4643743103616452, 0.11353494284093064, 0.09226510389436962, 0.12818736847115572, 0.12736662662533857, 0.1195659416052636, 0.1694961220873569, 0.1534187831674461, 0.17366204365457177, 0.19291812802354494, 0.1806555584605251, 0.22226232687435138, 0.217176904487941, 0.21300418675931357, 0.23613287839624617, 0.21986986187202906, 0.23674580074413112, 0.23475693400811265, 0.22431420168233296], "train_accurs": [], "valid_losses": [0.07005914839516793, 0.08306793855237109, 0.13946817482688598, 0.10369870532304049, 0.11645182049168008, 0.161922415319298, 0.1637722340279392, 0.24189212625580175, 0.23037735505827836, 0.24308042228221893, 0.28034357194389614, 0.297503847894924, 0.2821997044874089, 0.31206219111170086, 0.31847583901669296, 0.34417701166655335, 0.323308174099241, 0.3315360884049109, 0.3461512590625456, 0.32103758837495533, 0.34079063470874515], "valid_accurs": []}