{"train_losses": [0.21326035465118032, 0.10565462562664332, 0.08602892140524959, 0.08089719977802955, 0.06134197173631704, 0.04348059310851728, 0.04262369260090779, 0.04192528208692419, 0.04158444861919362, 0.04305269736459487, 0.04315312232872749, 0.04266151132660484, 0.04276648335731947, 0.042352850270790485, 0.041797391838516315, 0.04170543088143632, 0.04170059207068309, 0.041632016290535485, 0.0427486084578601, 0.04278939704482372, 0.04278979397366219], "train_accurs": [], "valid_losses": [0.03763329473856304, 0.03819963226227888, 0.03858834777825645, 0.037830162061644454, 0.04071441342655037, 0.04071601380461028, 0.040712827151375156, 0.04093463938417179, 0.04101531729767365, 0.04328646098396608, 0.043081274056541066, 0.04310306680521795, 0.043088847172579596, 0.0423311076592654, 0.042328708938189914, 0.042568174323865345, 0.04273065911339862, 0.04238036471152944, 0.0438374050094613, 0.04363775299862027, 0.04363327150765274], "valid_accurs": []}