{"train_losses": [40024876.48684965, 2005765.7270623806, 11391982.982296214, 15459.36040541705, 26652837.129937496, 84217.93944649675, 12491694.58586238, 865351133.9219325, 3880137.2016402716, 590116.724582862, 119352.97935078478, 24696644.33263221, 149705.8713588801, 259206.95180653015, 74733926.6788446, 62790.88232421875, 2901854089.9849863, 5048903.326887726, 1439343.3731264141, 39067561.23317308, 6202130.731847427, 1854754439.8293977, 33884661.13465074, 1110248.0770865737, 73899049.69904421, 1834574.984268948, 11059192.212130586, 98075970.95980297, 1331138.9150611567, 80480.97902931455, 74810336.54217778, 472758762.0301221, 30484946.79843043, 3198763.1413143384], "train_accurs": [], "valid_losses": [1355.8414851597377, 21319.749476841516, 11838.753121512276, 1544.5834023611885, 10588.86049107143, 7504.272426060268, 118608.91350446429, 6912816.53125, 256540.58426339287, 42618.17424665178, 25856.025146484375, 189531.15625, 27933.391462053572, 1237.6473846435547, 13170.570277622768, 2229.706063406808, 246468.1400669643, 1261872.0111607143, 50780.56982421875, 35524.09033203125, 67837.41727120536, 12353716.69642857, 24458.957589285714, 34332.32903180803, 212289.77566964287, 87551.66364397321, 23445.503487723214, 10647319.642857144, 179338.0415736607, 10184.92124720982, 185291.42857142858, 666833082.2857143, 61826.00341796875, 33500.38933454241], "valid_accurs": []}