{"train_losses": [1.5235053802293443, 1.2421559684333348, 0.9137346343822265, 0.3713264338790424, 0.3773904828423703, 0.15968831560066926, 0.05493458195850647, 0.05918946370935787, 0.15087299819582353, 0.14292656087252514, 0.1728272919281923, 0.20581244032770868, 0.19874733089218063, 0.2924282611323097, 0.3134836771737331, 0.3167835705613018, 0.3700927809353859, 0.35732325856332425, 0.4143454546414355, 0.458857418762313, 0.46168924986370025, 0.5018396040907612, 0.4956107747065958, 0.4905274809195251], "train_accurs": [], "valid_losses": [1.1656146379453796, 1.3144354479653495, 0.36179724442107336, 0.0276818456311178, 0.24210526501493795, 0.046838018111884594, 0.050779280585369894, 0.14113452511706523, 0.13651895044105394, 0.13367111289075442, 0.20912897746477807, 0.22108058977339948, 0.23983335016029222, 0.3002516704478434, 0.2864758718226637, 0.3529679671462093, 0.3940000773540565, 0.35253514455897467, 0.47870311034577234, 0.4635990842112473, 0.42365206139428274, 0.45500503161123823, 0.4631679616868496, 0.5650707866464343], "valid_accurs": []}