{"train_losses": [9.421937821876435, 9.398356830632245, 6.533540155600618, 1.2046031005010402, 1.1966846858067488, 0.8086087706464308, 0.6185546911582744, 0.6331210793562667, 0.7659697299281125, 0.7591816146695425, 0.7513688366722178, 0.7347241930229954, 0.7402306592495984, 0.3512429941701826, 0.24655858468678263, 0.23570033901484397, 0.08698201023052057, 0.0916381234958492, 0.08061120393267147, 0.06621577295785148, 0.06602084995666273, 0.11843515684946425, 0.12361658873558833, 0.12792678405998875, 0.13839575110210312, 0.13700928175378413, 0.23791748309931743, 0.3347607134156442, 0.3130173662667552, 0.4529649504317493, 0.4608448008617396, 0.4459574347923672, 0.4399483721486475, 0.44980496550520893, 0.43524384790312043, 0.44783345996229734, 0.4431796288364148, 0.4053747929908611, 0.3933453656457089], "train_accurs": [], "valid_losses": [8.991196393966675, 10.841222848211016, 0.3659365177154541, 1.1284935027360916, 0.3923952222934791, 0.4036099820264748, 0.4443247430026531, 0.6090933382511139, 0.3253550258065973, 0.9122745831097875, 0.8320836190666471, 0.3623022884130478, 0.6311589724251202, 0.07430996073942099, 0.30088202921407564, 0.15397071998034204, 0.014025474470275055, 0.08282715108777795, 0.0087082532367536, 0.09275433993233102, 0.00950370658288843, 0.034040814165824225, 0.07752152691994395, 0.03640993375198117, 0.0535610629511731, 0.037129834527149796, 0.17966802285185882, 0.11173968043710504, 0.6849187069705555, 0.18194395915738173, 0.30396448182208197, 2.0150289918695177, 0.2710442370069878, 0.22743545100092888, 0.8763074193681989, 0.16475808194705419, 0.18446090897279127, 0.39015108346939087, 0.9089316033891269], "valid_accurs": []}