{"train_losses": [0.17527811733238838, 0.16421741328088407, 0.1620171328172155, 0.16332218256606235, 0.10420352878782274, 0.04509311793077046, 0.045060291073002696, 0.044920824864263985, 0.04480965978284767, 0.04455729062791189, 0.04458549687832729, 0.044578472620120685, 0.04445979705004536, 0.04434450443126093, 0.04383255369809553, 0.043876897552097005, 0.043809387575818134, 0.04387790861021205, 0.04379568387632052, 0.043734446075235016, 0.043697783672904, 0.04368508940486752, 0.04393824794628906, 0.044243055707627564, 0.04407245434011539, 0.04420884347592409, 0.044232466030545634, 0.044771392555797804, 0.045030173993083684, 0.04494477397597888, 0.04495737896768621, 0.044873830301864114, 0.04453603441224379, 0.04468168483886918, 0.04463780877429031, 0.044471550707566254, 0.044938214468807657, 0.045044804345900656, 0.04514452786821181, 0.04508376125313712, 0.04504874831158246], "train_accurs": [], "valid_losses": [0.14386565264846599, 0.1397076202556491, 0.13688347302377224, 0.13424367218145303, 0.04648752267738538, 0.046478320844471455, 0.04649408035246389, 0.04642456769943237, 0.04626440356618592, 0.046186293508591394, 0.04615129653497466, 0.04613345854782632, 0.04600227151864341, 0.04549539238879723, 0.04539357601398868, 0.045382199775693674, 0.045391279771657925, 0.045425868327064176, 0.04525562169562493, 0.04521863545025034, 0.04517291273389544, 0.045233498028080375, 0.04581043819364693, 0.04573005540961666, 0.0456712727235364, 0.04570368647442332, 0.04577005957253277, 0.04646400352274733, 0.04644584096968174, 0.04647397698967585, 0.0464003322912114, 0.04627669429672616, 0.0462455563579819, 0.04615506593004933, 0.04616932780481875, 0.04618392439026918, 0.046766618599316905, 0.046619571379518936, 0.04669882530080421, 0.046595344452985694, 0.046286716957443526], "valid_accurs": []}