{"train_losses": [0.20972019774476866, 0.14234355171274277, 0.1364671666663966, 0.1341663351729175, 0.09810462243838143, 0.057207410733691705, 0.05638745112757607, 0.056353500955717055, 0.05613254329265512, 0.052374181312369816, 0.051799663064402965, 0.05190048593505205, 0.0518039890366914, 0.05130681543025226, 0.05049570888382007, 0.050635786073880765, 0.050390257394758824, 0.050417807564240504, 0.04990409576329845, 0.0499768323555791, 0.04987524525258201, 0.04988197356513048, 0.049955020380539325, 0.04969896665643648, 0.04959682419862413, 0.049569362205583854, 0.04973757332738708, 0.04980474186226793, 0.04950293182180478, 0.049567530412075206, 0.04936472165537366, 0.04951727868171569, 0.049446153534551014, 0.049335514633532834, 0.04947430913534639, 0.04942692903489953, 0.049427893038046844, 0.04961314518004656, 0.04931654353790423, 0.0494366845335154, 0.0492555102611559, 0.049380337414900645, 0.049330839440563684, 0.04918856266885996, 0.049304066740010116, 0.0492056216623179, 0.04910862675501346, 0.0492885198899254, 0.04923855046408748, 0.04925716937228835, 0.049250759020009464, 0.04932661992560954, 0.04914972257307347, 0.049127756689603515, 0.04926494645940907, 0.04913829044097554, 0.049059759985604974, 0.0491406572561256, 0.04895731328872804, 0.04919785950164315, 0.049264936522492184, 0.04924904860185282, 0.04911713143262793, 0.04925198460680462, 0.04906155320297404, 0.0491662141508781, 0.049165338737156866, 0.04909208024181931, 0.04912828016031651, 0.049064357267751685, 0.049251391409108274, 0.049127610809089645, 0.04913635505152639, 0.049112788279334345, 0.04899862417066259, 0.04903828962052839, 0.04911142888971988, 0.04911133940268426, 0.04898200025234152, 0.049021008361248945, 0.04911833980470491, 0.049188146135891994, 0.049231851692585385, 0.04890140207543362, 0.04900621274713747, 0.049039578499331465, 0.04914335682735319, 0.0489481393483834, 0.049079014144298445, 0.049380419367073075, 0.049119490514850726, 0.04905429253632801, 0.04913916098316331, 0.04917209703744941, 0.049188252648009974, 0.04916117880999098, 0.04914270658720268, 0.04907612695582043, 0.04921465576099594, 0.04917964282365541, 0.049155989573316065], "train_accurs": [], "valid_losses": [0.14024859693433558, 0.13114697326506888, 0.12988441064953804, 0.12954426037945918, 0.057296442333608866, 0.05709379904770425, 0.05700760351360908, 0.05696543934755027, 0.05693900282494724, 0.05309784176227238, 0.05307965855380254, 0.05306419294460544, 0.053046200391171236, 0.05197284008110208, 0.05195840820670128, 0.05194289629746761, 0.05192236000272844, 0.051903112226032784, 0.051541868231392333, 0.051523615406560044, 0.05150460032746196, 0.051485899736040404, 0.051349016305591376, 0.051330331446869035, 0.05131124033193503, 0.05129442137799093, 0.05127652421859758, 0.05116775146286402, 0.05115070080916796, 0.0511326687743089, 0.05111640079745224, 0.051095956936478615, 0.05108020012266934, 0.051063471008092165, 0.05104895282004561, 0.05103333650289902, 0.05100933209593807, 0.05099506247123437, 0.050979126610660126, 0.05096372942041073, 0.050975195065672906, 0.05096111077416156, 0.05094960757664272, 0.050934167578816414, 0.0509206337654697, 0.0508897931514574, 0.05087671309177365, 0.050865383918530176, 0.05085286474786699, 0.050842059476833255, 0.050830996462277005, 0.050818084040656686, 0.05080779342512999, 0.05079575458408466, 0.05080903254981552, 0.050797353797991364, 0.050784318308745115, 0.05077410203271678, 0.05079830860319946, 0.05078860265868051, 0.05077815624619169, 0.05076822848059237, 0.05075796217923718, 0.05080767863962267, 0.050798616205741255, 0.05078819487243891, 0.05077820790133306, 0.05078575956369085, 0.050776848469727805, 0.05076637398451567, 0.05075792984903923, 0.050749220519459674, 0.05079494380126042, 0.05078785673582128, 0.05077898462436029, 0.05077036310519491, 0.05078273306467703, 0.0507752025566463, 0.050765788448708396, 0.05075645912438631, 0.05074813735804388, 0.05078025474878294, 0.05077191791497171, 0.05076367660824742, 0.050755009653845, 0.05080200116416173, 0.05079468672296831, 0.05078853400690215, 0.05078109027817845, 0.05077316774986684, 0.050807285721280744, 0.05079917134051876, 0.05079276167920658, 0.0507850233199341, 0.0507788732980511, 0.05080244274410818, 0.05079609474965504, 0.05078855792193541, 0.05078207585029304, 0.0508009513307895, 0.05079398420639336], "valid_accurs": []}