{"train_losses": [0.06951648146082642, 0.040316578569691376, 0.040200644273867166, 0.040861532537738596, 0.03603501727897252, 0.029972316579244256, 0.02838299912505897, 0.025617354456756718, 0.022938871726697115, 0.04505530079801428, 0.043422469296134435, 0.03991379949361153, 0.037917818572810465, 0.04313142475886987, 0.049656088792664164, 0.047139655348815326, 0.04504090853296726, 0.04265526474171162, 0.05930584969369872, 0.0566396054398791, 0.05389088122342709, 0.051675502370992395, 0.057223940727499006], "train_accurs": [], "valid_losses": [0.005263179231665812, 0.005253871000604704, 0.005242573043038387, 0.005347432834761483, 0.03157377718681736, 0.030812362026024078, 0.031372616233836324, 0.031429995982242484, 0.03195988935684519, 0.07084385485255293, 0.07279850855203611, 0.07214198627376131, 0.07331212091126613, 0.10696882688041244, 0.1040993934231145, 0.11556108415658985, 0.10014105062665683, 0.12111094866746239, 0.16909497510641813, 0.16897478766207183, 0.16847842732178314, 0.17369971996439354, 0.2381281235388347], "valid_accurs": []}