{"train_losses": [2.2543960078809056, 2.070171731090114, 2.074548766084386, 2.0795287740716026, 1.1040169734389804, 0.03685188104664039, 0.03770284426748348, 0.03955449530964389, 0.041953024736761504, 0.05046970259010522, 0.05363942324120669, 0.05089279554565163, 0.051551645132818374, 0.05038670461405726, 0.05098695884884348, 0.0522799707898592, 0.04912139774127379, 0.05019161020451946, 0.0564370447668622, 0.054242835468633684, 0.05368247311309452, 0.05157772576377403, 0.051535589725824234, 0.04492013756084631, 0.046484990479483596], "train_accurs": [], "valid_losses": [2.045178711414337, 2.04783219737666, 2.045757702418736, 2.063090300985745, 0.029318253360023454, 0.0338497791006895, 0.0383809265414519, 0.030425712033840164, 0.03041040408425033, 0.041218872115548165, 0.04483313186626349, 0.04207132473987128, 0.04542903625406325, 0.041105038220328946, 0.04045029989044581, 0.04510991807494845, 0.04203236033208668, 0.03957919932768813, 0.05142339192596929, 0.0427311626595578, 0.04573472436251385, 0.05289462800802929, 0.039477723284757564, 0.03569417849316129, 0.04568794722269688], "valid_accurs": []}