{"train_losses": [0.38026393453280133, 0.24119768439540787, 0.20014418839974693, 0.1312083331326013, 0.11941276509413327, 0.15507064534045717, 0.165549528918096, 0.16521485098613004, 0.19592546111849882, 0.19470535563649954, 0.2022514614478621, 0.21433775956747392, 0.21260517628656495, 0.22256390442923893, 0.22565163228483426, 0.2256730895627428, 0.23084074936846577, 0.23062393873456924, 0.23285416823136743, 0.23542355172454366, 0.23415150142535962, 0.23660243038462583], "train_accurs": [], "valid_losses": [0.021116692373262986, 0.020430766994000545, 0.04993634152093104, 0.05561340946171965, 0.06163498100691608, 0.09299758741898197, 0.1008050838219268, 0.11577792851520437, 0.12767660271908557, 0.12996715054448163, 0.14446551352739334, 0.14868309109338693, 0.15073796241943324, 0.16153503874582903, 0.16246556171349116, 0.16792337064232146, 0.1709845151220049, 0.17165175639092922, 0.17630379301096713, 0.17662578288997924, 0.177630749131952, 0.18208438158035278], "valid_accurs": []}