{"train_losses": [2.5299637981129988, 2.3919185691289773, 2.3822209863371437, 2.38964757255839, 1.2915040833529978, 0.0859162509778506, 0.08553302749923991, 0.08997172036321995, 0.0848995255331648, 0.056712403602695846, 0.05516407932091622, 0.058003990236686634, 0.058960849722653495, 0.06076190840638331, 0.06617656335807763, 0.06550357954332192, 0.06786629736710054, 0.06464261842293167, 0.05417561462376587, 0.05349186606435485, 0.053903804468285986, 0.05169624895093398, 0.0557179717743154, 0.056680466962885534, 0.05896011865550307, 0.06018492587045577, 0.0569502417781976, 0.05529787426822865, 0.05361252458454257, 0.053894484002665694, 0.05570145181434996, 0.05069129588714552, 0.043444018170439816, 0.04553140493792511, 0.04487395471138922, 0.044812198338516025, 0.06853468501645381, 0.07155171941915249, 0.07262162675415229, 0.07117308704056081, 0.06468673700643746, 0.04816273957221217, 0.0478101937875691, 0.04947648161170979, 0.04935287557778315, 0.05732778174490815, 0.05901942987045551, 0.05956717799691593, 0.060203323262950144, 0.058688160685223964, 0.06039555249862137, 0.05866394334839345], "train_accurs": [], "valid_losses": [2.3530111014842987, 2.3502937129565646, 2.3566575816699435, 2.3518279237406596, 0.0736533417366445, 0.07165065900023494, 0.0695712213803615, 0.06765296409970947, 0.06707358174026012, 0.03831605380401015, 0.03733029239811003, 0.043301599931770136, 0.037467201672760506, 0.04471217864193022, 0.04471767164899835, 0.045376410242170095, 0.04573281531754349, 0.04731839183451874, 0.040515709635136385, 0.03547608360115971, 0.06315325712785125, 0.03414800367318094, 0.03954518290369639, 0.040017505874857306, 0.044039920471342545, 0.039025958494416306, 0.050150198296510747, 0.03842497417437179, 0.038131173101386855, 0.04467259307524988, 0.03633224741289658, 0.028842439692068313, 0.029029162783574845, 0.032141399320348034, 0.029182241813811873, 0.02908148297241756, 0.05185118064816509, 0.059397196397185326, 0.06389478234840291, 0.052309021852644424, 0.07253991559680019, 0.0318608243417527, 0.03472360927012882, 0.03499706265782671, 0.038675846465464146, 0.04107854222612722, 0.0530558609669762, 0.04379297902674547, 0.0432294648406761, 0.04376584787054786, 0.05053076919700418, 0.0528452979467277], "valid_accurs": []}