{"train_losses": [0.3313303534631376, 0.3170003155788417, 0.2815590076266773, 0.21848682020470578, 0.21856754458455183, 0.22840069762613407, 0.2325443440368251, 0.23176706672976258, 0.2240918118250433, 0.22370575890733452, 0.2335956891969083, 0.2476606965459213, 0.24761388642053125, 0.22483958912983773, 0.21804956547797671, 0.21883929469598035, 0.2234693135494593, 0.2232790899773439, 0.2305162676940204, 0.23784497813888328, 0.23782078158997355, 0.23388785080461905, 0.2328861777784017], "train_accurs": [], "valid_losses": [0.16308574937283993, 0.16184008360973426, 0.1548379859221833, 0.21505978836544923, 0.22176465126020567, 0.2545225795890604, 0.18561224027403764, 0.19166527289365018, 0.20193088427186012, 0.19210249265389784, 0.231443246028253, 0.2522025337176664, 0.2411259516541447, 0.18181924734796798, 0.15801915898919106, 0.20107311941683292, 0.2044943797269038, 0.2369165774434805, 0.24006327294877597, 0.24143214843102864, 0.2046812613095556, 0.21849423620317662, 0.20583473624927656], "valid_accurs": []}