{"train_losses": [0.1344424944627222, 0.09497027169597685, 0.08526242532762428, 0.0791986917524978, 0.0774252430373241, 0.12404765175389391, 0.14261159560983144, 0.14505327874351115, 0.1876613131118199, 0.18792827206629295, 0.19292956326531355, 0.20071079745573342, 0.20088520447018915, 0.20682137238758583, 0.20869413970245254, 0.2113209221728895, 0.23102964539691884, 0.23099989840199078, 0.2381002750030901, 0.24546000069726712, 0.2455939763871135, 0.2554728561450565], "train_accurs": [], "valid_losses": [0.006314086690378774, 0.005084951003872058, 0.05590656692428248, 0.049467428653900115, 0.05605393122615559, 0.10417994763702154, 0.13593377611999, 0.16265241775129521, 0.18433239071496896, 0.17558967348720347, 0.1826361800943102, 0.19272411428391933, 0.18724848862205232, 0.2054790843810354, 0.19355485987450397, 0.2194762538586344, 0.21744844689965248, 0.22501684672066144, 0.2451744947050299, 0.24227399618497916, 0.2485326776014907, 0.22839548625051975], "valid_accurs": []}