{"train_losses": [0.3826750464461468, 0.3118111309866426, 0.22069695915179277, 0.06354755441357614, 0.05424584729951762, 0.05477120055171548, 0.04141626307228334, 0.038416863943908426, 0.09233205084979691, 0.06647410550987516, 0.07898293771391744, 0.09008852110081722, 0.07220730916276653, 0.09996940306432191, 0.0850737711720208, 0.07969500568680583, 0.10251255758678314, 0.07502320548519492, 0.09967785593240507, 0.09872649863322891, 0.07709945147246043, 0.11311897244452247, 0.08551418532435068], "train_accurs": [], "valid_losses": [0.19164645671844482, 0.18339678538697107, 0.019236683579427854, 0.02265785463220839, 0.029886360130538896, 0.09149533935955592, 0.07584897242486477, 0.193255671299994, 0.18896695971488953, 0.16398457730455057, 0.2595607712864876, 0.26396074066204683, 0.2506164014339447, 0.3416121785662004, 0.3236491499202592, 0.3462161666580609, 0.3639982600829431, 0.34614852842475685, 0.4405695226575647, 0.45803491425301346, 0.4056297939802919, 0.47375505124883993, 0.4841734900006226], "valid_accurs": []}