{"train_losses": [0.039604812451718346, 0.03500468101841292, 0.03456779226989431, 0.03002985635755491, 0.036987347869682906, 0.04359366022454937, 0.040852984754849074, 0.038440004184976964, 0.03925116078472987, 0.05831291957661442, 0.05598855626293167, 0.05336590280452937, 0.05101583052502431, 0.055493302229260896, 0.062346844074244685, 0.058981250760849244, 0.056307545909447365, 0.0550919869004399, 0.07033459498332097, 0.06598340953401041, 0.06457627555818984, 0.061784775091158185], "train_accurs": [], "valid_losses": [0.03605535070944045, 0.03603899964530553, 0.036841589458552856, 0.03782107524706849, 0.06241745302187545, 0.06075249386153051, 0.06233598205393979, 0.06578142289072275, 0.07446885335126094, 0.12072954872356993, 0.13557240553200245, 0.12635563633271626, 0.13708333737616027, 0.17211039351033314, 0.16967832589788095, 0.16804909679506505, 0.16090475368712628, 0.15530996397137642, 0.19547269945698126, 0.18803505985332386, 0.2215959546821458, 0.1930338510179094], "valid_accurs": []}