{"train_losses": [0.02880761284608714, 0.025998075947806037, 0.02371526509207332, 0.021423028413273766, 0.03215820971787886, 0.04198760480716892, 0.03915140650348898, 0.03600824732392419, 0.03377800405118193, 0.04949556157726171, 0.04466042109255203, 0.041368244896427944, 0.03836384822290003, 0.04493174675906844, 0.0519750934595672, 0.046945828453498595, 0.043632868538311435, 0.0417050743692584, 0.05752187708447523, 0.05199752662465718, 0.0492589737781707], "train_accurs": [], "valid_losses": [0.02818962492580925, 0.028590648917348256, 0.029546748364477286, 0.03141772278052356, 0.07788090813638908, 0.08153928437137178, 0.08715023226769907, 0.08685573090666107, 0.09376192538599883, 0.15235861923013413, 0.14545584975608758, 0.13683229219168425, 0.15293035909001315, 0.20950700555528914, 0.1793838573087539, 0.1906148571787136, 0.20295076471354281, 0.1823442518444998, 0.23758997635117599, 0.2662373036146164, 0.23708500154316425], "valid_accurs": []}