{"train_losses": [0.06100322654047025, 0.04085740230228535, 0.06014161761455908, 0.08697568978276596, 0.06860735239805998, 0.0995959620183659, 0.09508540324137482, 0.08603878252740417, 0.13342347957942852, 0.11041212936853448, 0.12509617434627324, 0.14187697118158063, 0.12621592799763356, 0.16335393643134802, 0.16167720984766093, 0.15114743270413586, 0.18161214960039293, 0.16619394684121722, 0.18257185357509467, 0.1810656832284713, 0.1667982353459275], "train_accurs": [], "valid_losses": [0.040596708289480636, 0.05699517810717225, 0.15298492541270597, 0.13269729034176894, 0.14201563530202424, 0.21875400521925517, 0.201646473657872, 0.26436816555048737, 0.24226595075534924, 0.25256386931453434, 0.3313643102134977, 0.30807645100035835, 0.3111796847411564, 0.3698497414588928, 0.3641082208071436, 0.46412794664502144, 0.4009263962507248, 0.4019451740064791, 0.42902351011122974, 0.42665316803114756, 0.4357067916010107], "valid_accurs": []}