{"train_losses": [1.4028620223992716, 1.3886640262666834, 1.3673503821489041, 1.3481411497113567, 1.3474899949062438, 1.3401502496193325, 1.3215012193199187, 1.308509126226738, 1.3038627984662536, 1.2951254162681165, 1.2848910194225411, 1.2668716928000172, 1.2616936697688683, 1.246575897096326, 1.2372270339222813, 1.2336490987627595, 1.2230748811726848, 1.2123972667115075, 1.1995996198956929, 1.1981003521769136, 1.1802824648915144, 1.176251101036551, 1.165509045045212, 1.1612615141445997, 1.149501569766216, 1.136130995772503, 1.1277943423027714], "train_accurs": [], "valid_losses": [0.0969092593129192, 0.06975086159738046, 0.06554353855816382, 0.04864689641233001, 0.03705420541310949, 0.0398893816330071, 0.032791204700645595, 0.03902113753637033, 0.03527662904733526, 0.0333981989284179, 0.04152282260890518, 0.04151817281464381, 0.0421845414343157, 0.05039196541266782, 0.051903898628162484, 0.05936290875875524, 0.061305635675255744, 0.06355942526300039, 0.07016681114743863, 0.07223849830084614, 0.07420583515028868, 0.07945984003267118, 0.08207138428198439, 0.08739186650408166, 0.08935282113296646, 0.09115807060152292, 0.09487115791333574], "valid_accurs": []}