{"train_losses": [0.07205260783512757, 0.04932686867359927, 0.06290477856491057, 0.07936859461503527, 0.06376857683062553, 0.10483886938906772, 0.10131377487310342, 0.093079493528912, 0.12762584240624197, 0.10653378967708223, 0.1276787907850963, 0.13702512400412054, 0.11963474179406172, 0.15661205611531698, 0.1416140252172395, 0.13997125212674733, 0.16467462543141906, 0.1427010454720369, 0.16760962736354304, 0.1624439855465892, 0.14717090193418755, 0.18247776305076308], "train_accurs": [], "valid_losses": [0.0724122985266149, 0.05164228279941848, 0.13535474347216742, 0.12571317409830435, 0.1262619019086872, 0.17318198603710958, 0.1935316284320184, 0.24654740866805827, 0.2363615089229175, 0.2338672098038452, 0.31847235054842066, 0.27436133474111557, 0.26513820327818394, 0.3188220315745899, 0.32023658018027035, 0.31749776670975344, 0.31915538252464365, 0.31643496001405375, 0.37705293031675474, 0.35917130139257225, 0.36417256189244135, 0.35892120748758316], "valid_accurs": []}