{"train_losses": [0.2534664144749364, 0.2356745123705536, 0.2380526455109397, 0.25064145976667684, 0.24138360017191166, 0.25080351742408263, 0.25538230904195675, 0.24935457120260235, 0.2587310967661401, 0.25397495095613143, 0.2557688984014685, 0.2550691066989823, 0.25216058610135283, 0.2492828464342488, 0.2475048565754184, 0.24590715219971365, 0.25456888750983925, 0.25166911913683176, 0.24762508994530116, 0.24393038621182164, 0.2419620170479729], "train_accurs": [], "valid_losses": [0.053531425073742867, 0.056476348744971414, 0.10442581067660026, 0.10590389503964356, 0.11234169253813368, 0.14916673781616346, 0.15290307785783494, 0.1662066307451044, 0.1746910105326346, 0.17239809328956263, 0.1809222126113517, 0.18233010172843933, 0.18149670585989952, 0.18663642981222697, 0.18670343527836458, 0.19920300000480243, 0.19574861521167414, 0.20108042683984553, 0.19121000223926135, 0.19915464892983437, 0.19717696362308093], "valid_accurs": []}