{"train_losses": [0.6084188390101782, 0.5727906066637772, 0.5705742702494919, 0.5731702902737785, 0.3258133331288445, 0.04752966048979786, 0.0461058265432648, 0.04615841446469677, 0.0455800103470346, 0.047863630186007845, 0.047987189055399386, 0.04828301949502386, 0.047549763934610925, 0.04882550497467701, 0.048905725755235725, 0.04961642777606238, 0.048308294274890584, 0.04782137993251172, 0.051840231235547846, 0.052125557035005474, 0.051966025171658166, 0.05243867704838649, 0.04970152045039637, 0.04425524473948851, 0.0442580768029412, 0.04447793299374402, 0.04431087725134187], "train_accurs": [], "valid_losses": [0.5687529678855624, 0.5683926296021257, 0.5683907717466354, 0.5692828622247491, 0.04969790321774781, 0.048252281034365296, 0.04814158962108195, 0.048234780418819616, 0.049017988078828366, 0.05127321955348764, 0.05169209159378495, 0.05116654234007001, 0.05159902881963977, 0.0531583484262228, 0.0553152259505753, 0.05518440386679556, 0.05491513306541102, 0.053554067986884286, 0.05735721751781447, 0.05754885097433414, 0.05749183996314449, 0.05788144066796771, 0.04969702388292977, 0.049377783866865296, 0.04831059672869742, 0.04938590619713068, 0.04836409941448697], "valid_accurs": []}