{"train_losses": [0.42862479644950735, 0.42689871109982647, 0.40642025100964085, 0.37399256757642857, 0.3673893008676786, 0.35258619430125077, 0.34112589049433906, 0.33786101958581377, 0.32894376669295883, 0.323998640355452, 0.32001843368486754, 0.3132552714850852, 0.3116754583974995, 0.30759567325865783, 0.30625984723132754, 0.3013837631575014, 0.2973918917554396, 0.29606604753505616, 0.29231742515213904, 0.2907776289555446, 0.2887931069723828, 0.28750916765559287, 0.2860841191910877, 0.28536638369162876, 0.2849686619229418, 0.28347746887929226, 0.28115338102850335, 0.2778065516638062, 0.27734621919730984, 0.27789587945376754, 0.2763250887039162, 0.27559739481362083, 0.27435041810311966, 0.2727978735689133, 0.2712376223354743], "train_accurs": [], "valid_losses": [0.2446981444954872, 0.2462066797805684, 0.20164206916732447, 0.19859808470521653, 0.19651854783296585, 0.18728145956993103, 0.18299826686935766, 0.17725837310510023, 0.1763514203152486, 0.1752082479319402, 0.17438215629330703, 0.17640416297529424, 0.17538853495248727, 0.17686707632882254, 0.17346872203052044, 0.17545331242893422, 0.17579080244260176, 0.1760706521038498, 0.17625897324510983, 0.1752778057541166, 0.17897878560636724, 0.17880020716360637, 0.18198908546141215, 0.18074718782944338, 0.18342580859150207, 0.18677590707583086, 0.1823378817311355, 0.18427760287054948, 0.185695297483887, 0.18732520804873534, 0.18841472161667688, 0.18700288848153182, 0.19180438933627947, 0.185567812195846, 0.18729151652327605], "valid_accurs": []}