{"train_losses": [0.5860683957780648, 0.25956550916463, 0.20079396695438015, 0.1908271352832134, 0.12472559610272155, 0.05379747888031184, 0.05200449681137077, 0.05096005709058019, 0.05035565546144862, 0.04931556178905845, 0.04900163864691603, 0.048533531917233814, 0.04799204904215233, 0.047804671103699445, 0.047853245547386854, 0.047958855121080425, 0.04697981308218581, 0.047095897114452195, 0.04712198911512869, 0.046946133722917796, 0.04712418553196062, 0.046513057465568115, 0.04682644880566392, 0.04663982822631414, 0.04628774214417956, 0.046385774254057204, 0.04626810688913138, 0.04643735666738241, 0.04619296715590614, 0.046027323070964125, 0.04584282803943389, 0.04574163590991929, 0.0460012225366758], "train_accurs": [], "valid_losses": [0.13907753410083906, 0.1350337934813329, 0.136156793151583, 0.1363901575761182, 0.04510469249050532, 0.04497486572446568, 0.04480203999472516, 0.04463593345800681, 0.04446925093153758, 0.04460240521335176, 0.04445962514728308, 0.044341308397373984, 0.04422645134452198, 0.04486231302975544, 0.04477214996170785, 0.04469527556960072, 0.04462096697118666, 0.044546235618846755, 0.04505131037772766, 0.04499022433135126, 0.04493795830889472, 0.04488708255147295, 0.045271184927384765, 0.04522978946832674, 0.045188901313979714, 0.04515343907821391, 0.045121922656627636, 0.045398204088477154, 0.04536723565044148, 0.045337491568976214, 0.04531185664901776, 0.045513922814279795, 0.0454920128520046], "valid_accurs": []}