{"train_losses": [0.13807192050590716, 0.1309212929712086, 0.14714772411912838, 0.1795967311632854, 0.17747359129565735, 0.21773495797127013, 0.2332288441716363, 0.23385292003867486, 0.2719250666913847, 0.26966805738352595, 0.282589338503029, 0.30157018182848494, 0.2991024450098396, 0.33922060397724624, 0.34979459458084966, 0.3535504764113477, 0.3931017786106735, 0.390331683414323, 0.4269649535417557, 0.4666154308136178, 0.46398306267444417], "train_accurs": [], "valid_losses": [0.09324628673493862, 0.0981111369494881, 0.14515127121870006, 0.15227637666144542, 0.15360196067818574, 0.2029183546879462, 0.2003557924181223, 0.29521758455250946, 0.23993558755942754, 0.23074524530342647, 0.25939447672239374, 0.2635146887706859, 0.2366939660693918, 0.24941718711384706, 0.31373907226536957, 0.2883694302290678, 0.31997459328600336, 0.36955638442720684, 0.384482206510646, 0.42765152720468386, 0.4452748564737184], "valid_accurs": []}