{"train_losses": [1.434631121537042, 1.2521787020106796, 0.8833139986637487, 0.3167975564048719, 0.2468770865508646, 0.12407213583509757, 0.0712834598112201, 0.09051550288620606, 0.13185365302931695, 0.12431503631292827, 0.15105578801027997, 0.19977530452703673, 0.19160470676918825, 0.24291729329833908, 0.2554152229672702, 0.2581259735795871, 0.31747035098769677, 0.30705031180980974, 0.3158771327287747, 0.32370912597056417, 0.3198276351565722, 0.39669652886333917, 0.39820412049690884, 0.3995790333935508, 0.39579441360932177], "train_accurs": [], "valid_losses": [0.9484664957438197, 0.9447787553071976, 0.18007570332182304, 0.027299376724321128, 0.016058113941523646, 0.06594285515270062, 0.03775000322743186, 0.11503083777746984, 0.10513077370290246, 0.09499464529965605, 0.205362272847976, 0.20483418820159777, 0.15555998070963792, 0.22694561178130762, 0.22311119442539556, 0.3143124037555286, 0.3338200072092669, 0.2724724670073816, 0.2867705619760922, 0.30584639576928957, 0.28831761250538485, 0.3655578855957304, 0.354690390505961, 0.39378334315759794, 0.39808833599090576], "valid_accurs": []}