{"train_losses": [0.20416615698388013, 0.18954771512715274, 0.19347992452679488, 0.20476258934411423, 0.20259353017838544, 0.22748552201680405, 0.23753375331403087, 0.23924118601692418, 0.2839945585284599, 0.2825800810777952, 0.2959684489501847, 0.3157099062606456, 0.31333531965575523, 0.3434203635684397, 0.350689270095062, 0.35723528214705685, 0.41856516574425673, 0.41765023141153274, 0.43164882753734235, 0.44764372927171214, 0.4446076045118312, 0.4745971582554005], "train_accurs": [], "valid_losses": [0.12944698333740234, 0.12121567502617836, 0.17265585863164493, 0.19434126333466598, 0.17194395139813423, 0.19933753673519408, 0.22999002491789206, 0.25068919280810015, 0.2936747728713921, 0.23149313857512815, 0.3432542836027486, 0.2746903651526996, 0.2764955288065331, 0.36724330857396126, 0.30124283927891937, 0.3902444860764912, 0.3950706220098904, 0.33488911257258486, 0.4118499170456614, 0.45403092354536057, 0.40243374024118694, 0.4373298298035349], "valid_accurs": []}