{"train_losses": [0.04729417890175435, 0.043785624669620354, 0.04276463605581501, 0.04248895373498827, 0.0432564156610367, 0.04357685710037995, 0.04355540809672478, 0.043396412226375684, 0.04330464740330143, 0.044096557254907236, 0.044026308086157116, 0.04404522882294062, 0.04396945812920639, 0.04443710923987142, 0.04497061125782415, 0.0449760712818053, 0.04499667395765965, 0.04491806377096279, 0.04527731544898646, 0.04532917765521221, 0.04522815736103381, 0.045229418793212774, 0.045538766448685215, 0.04620595672483897], "train_accurs": [], "valid_losses": [0.04268581616426153, 0.040821547619998455, 0.04034324266415622, 0.040033904037305286, 0.044962213574243445, 0.04475226512710963, 0.044662529536123784, 0.04463783182602908, 0.04452005374644484, 0.0455140045045742, 0.04549409602103489, 0.04547397649314787, 0.04539920489436814, 0.04666491411626339, 0.04654332286944347, 0.0464817365365369, 0.046450258997668116, 0.0464161685667932, 0.04697716665188117, 0.046919670255322544, 0.046937933224918585, 0.04687674426739769, 0.04794739765514221, 0.04789248491371317], "valid_accurs": []}