{"train_losses": [4.70364288678245, 4.712472552344913, 4.031022523446058, 2.7784582922067593, 2.7823733491872353, 1.5972287117961854, 1.0986331262916484, 1.0603765149517035, 0.4479773143138835, 0.4440065141786974, 0.4208320391871942, 0.38945931913676085, 0.3901131158625638, 0.3905060605870353, 0.3875482642540225, 0.38523489410284334, 0.3771746416807805, 0.37873806958160705, 0.4260771904121, 0.4817617513121121, 0.4847892675371397, 0.3828371560999325, 0.3635723839400622, 0.34291420778427173, 0.24364785282384782, 0.2462993169587756, 0.28580803650791053, 0.3182124907062167, 0.3159034131341195, 0.33097056447276996, 0.33955849190710713, 0.3189692578263699, 0.26788697602651107, 0.2654982922135522, 0.2059929805891539, 0.17001916989487, 0.1697600044053856, 0.18440326058833056, 0.18514629822007564, 0.19717402894187858, 0.22627568036002457, 0.22727443053135796, 0.29437094528681385, 0.33240836933649404, 0.33297446291282695, 0.3028954067045734, 0.30448453863540653, 0.33281400364148556, 0.38447497485491333, 0.37772166326878565, 0.3496942564884506, 0.3396097599435105, 0.3362319417218998, 0.30458419939512926, 0.3095441845950311, 0.3264728685417188, 0.33463612920235075, 0.3412160523156956, 0.2943229575951894], "train_accurs": [], "valid_losses": [3.6551613552229747, 3.330447439636503, 1.9913417164768492, 2.275254649775369, 2.538169426577432, 0.7740801391857011, 0.5079333015850612, 0.21858932610069, 0.25209236198237966, 0.47844885875071796, 0.40926749418888775, 0.28180998670203344, 0.44220189696976114, 0.3748722832117762, 0.2662214596888849, 0.17279474224363053, 0.2030228605227811, 0.26510254772646086, 0.5929852756006377, 0.31667692959308624, 0.3214434097920145, 0.3851986011224134, 0.3190003825085504, 0.1080091285652348, 0.16250935037221229, 0.08360702444666199, 0.40980336176497595, 0.16470395720430783, 0.3597080649009773, 0.32561169617942404, 0.17403756827116013, 0.3277897499501705, 0.3161842141832624, 0.11330896722418922, 0.12186717029128756, 0.09261788161737579, 0.07588289392047695, 0.11461200139352254, 0.06481610803997942, 0.0787234144019229, 0.08294795952471239, 0.10645172266023499, 0.7220091276935169, 0.43838523647614885, 0.2328434344381094, 0.4664699584245682, 0.19646971193807466, 0.19409893479730403, 0.2536323969917638, 0.18716172315180302, 0.17269789879875524, 0.23484089092484542, 0.16139849248741353, 0.3219306335917541, 0.20878048693495138, 0.2468132988682815, 0.12255471971418176, 0.14350339344569615, 0.13110935129225254], "valid_accurs": []}