{"train_losses": [2.7168715291433205, 2.1437604733452, 1.9869756557013654, 1.9127459226690267, 1.1667839838065444, 0.36197133224069805, 0.33665765931501107, 0.30529053295157615, 0.2916273208444609, 0.17561245897186423, 0.1570276041763805, 0.1428390348549275, 0.13431772966215985, 0.1255141052278391, 0.11641212893498228, 0.10457469509467819, 0.09910256491249166, 0.0932363491690806, 0.10375222114833468, 0.09449514267519453, 0.08786928300994419, 0.0851551479769542, 0.08715650696956397, 0.09073380973164784, 0.08452846778228003, 0.07964602203163154, 0.0760377767006972, 0.0857092531996345, 0.07933838772734973, 0.07576437906374758, 0.07334321937249864, 0.07689113789069471, 0.08297849570851924, 0.07556972291312133, 0.07273007630543336], "train_accurs": [], "valid_losses": [1.9755447677203588, 1.935310314808573, 2.0729696048157558, 1.8888769767114095, 0.3456501488440803, 0.385795172303915, 0.34662854777915136, 0.36728317676378147, 0.3613916233714138, 0.1315564613656274, 0.13625823300597922, 0.1425560591077166, 0.13143968715199403, 0.13151217604588186, 0.1312341459228524, 0.13185771933889814, 0.1406318903900683, 0.1404853707312473, 0.14660400518083147, 0.1460844370137368, 0.1488487096503377, 0.15470504221905554, 0.14969152518148934, 0.14684694822478508, 0.15239123860374093, 0.15210059258554662, 0.14209868825439895, 0.15445389352472766, 0.15301726309449545, 0.15454461738201125, 0.16045206010208599, 0.17850492003240756, 0.16637530517099158, 0.1646126264573208, 0.16543863993138075], "valid_accurs": []}