{"train_losses": [1.608636969454074, 1.4805429103197876, 1.2444830556552877, 0.8314877569517761, 0.7993453704806232, 0.7084455389982809, 0.6602951754574422, 0.6512046210349552, 0.4978258767455974, 0.479532809050941, 0.4919382919552465, 0.49303131546608353, 0.4854797321573767, 0.41306046148141223, 0.38626772886703886, 0.37929776594752357, 0.3747648687432052, 0.3720651778870474, 0.33772384998186555, 0.30286944454545695, 0.29752125648200195, 0.34445347309743285, 0.3441375345780105, 0.3386248430956608, 0.3402002426800589, 0.3340537902066317, 0.36383640320685806, 0.3862447986605937, 0.3827167717473848, 0.35812852230100406, 0.34732849170606606, 0.3539936478057551, 0.3821106866869346, 0.37797313934517285, 0.3801098439507383, 0.37797702025011104, 0.37418018458854585, 0.41505770290654803, 0.4054586761212223, 0.4328030507479395, 0.4816811173838913, 0.47123330815759285, 0.46871124468152486, 0.46182020887653663, 0.45926849110416634], "train_accurs": [], "valid_losses": [0.8884191906877926, 1.0576972854988915, 0.607445125068937, 0.6113655785364764, 0.5141216958207744, 0.5084864550403186, 0.5069834621889251, 0.410892372152635, 0.42302714181797846, 0.3375495033604758, 0.40183493548205923, 0.35632496220724924, 0.4185782287802015, 0.37635888744677815, 0.34830992402774946, 0.3260001324649368, 0.30217082319515093, 0.3377719910017082, 0.32358783510114464, 0.24526901090783731, 0.274673316893833, 0.2815080221210207, 0.28005427840564934, 0.30574832803436686, 0.2451038911406483, 0.30233467157397953, 0.354803236999682, 0.2705114015511104, 0.3149514985936029, 0.3632995699133192, 0.31025688190545353, 0.38568413044725147, 0.38985051001821247, 0.3709992308701788, 0.3764102059815611, 0.3075097046260323, 0.35464154769267353, 0.41515521119747845, 0.34022279403039385, 0.39978902361222673, 0.41752760484814644, 0.4298642948269844, 0.4344672778887408, 0.38313330869589535, 0.40184157873903004], "valid_accurs": []}