{"train_losses": [0.14098947061590417, 0.1186132179523902, 0.1286229880713912, 0.14828172413799814, 0.1266402202367625, 0.1704114522666685, 0.1631487556560724, 0.14246250871352104, 0.17004952442748522, 0.14122767124088512, 0.1490109254699693, 0.1500452510302975, 0.13006243464492617, 0.15989007616031264, 0.142739946998301, 0.13729364405233394, 0.1574804671157999, 0.13393634773061547, 0.1508869002105067, 0.14463341294753332, 0.13015393231300607, 0.15956521982810012], "train_accurs": [], "valid_losses": [0.10627237002232245, 0.09709455565150295, 0.16779490666730063, 0.16654050150620087, 0.17609681149146386, 0.24157760531774589, 0.24054281386945928, 0.2977531147854669, 0.2972301367138113, 0.2918050190699952, 0.3388800003698894, 0.3425777831247875, 0.33950490398066385, 0.3780058989567416, 0.383410407230258, 0.4070382554616247, 0.42710824630090166, 0.41322113679988043, 0.41881636689816204, 0.42798179015517235, 0.4113515548940216, 0.4392994610326631], "valid_accurs": []}