{"train_losses": [0.03421168154678666, 0.03121521679170396, 0.02864767076675169, 0.026097168838310297, 0.03380979827659972, 0.041353025399907005, 0.038091450916999336, 0.03564318426046099, 0.033852813183856766, 0.05439820733106784, 0.05101160649041649, 0.04745382179055211, 0.04474794741391259, 0.04971917603181768, 0.05517326336463585, 0.05017062374791004, 0.047489091541146125, 0.04528036373730631, 0.06256459446885197, 0.05857336097207275, 0.0546067157777119, 0.05131271166297106], "train_accurs": [], "valid_losses": [0.03302681663938399, 0.03286539859670613, 0.034622779614957314, 0.03943016283613231, 0.06569501298612782, 0.0694194813258946, 0.08279109027768884, 0.07566234369629196, 0.08542150784549969, 0.1363699585199356, 0.13798804880518997, 0.13462801397378957, 0.1705745424010924, 0.18473022723836557, 0.19112297293863126, 0.21097157496426786, 0.19482216212366307, 0.19288820533880166, 0.23393459964011395, 0.2409476436940687, 0.2238696003332734, 0.23462920170277357], "valid_accurs": []}