{"train_losses": [0.2896655459479509, 0.20538993695607552, 0.15626556884783965, 0.13121622264789778, 0.10419968561989959, 0.08182938371645919, 0.07451820535357721, 0.06852774842056483, 0.06482836435553176, 0.060548731180674886, 0.058343913911829165, 0.05593314115800874, 0.05425555415333531, 0.05279815584269449, 0.05136676914821383, 0.05027326829394334, 0.04949052842982889, 0.048664871552680955, 0.04872675114037359, 0.048099282682279115, 0.047920255399229034, 0.047480833691405766, 0.046603010899947776], "train_accurs": [], "valid_losses": [0.032674284385783334, 0.032166589716715474, 0.03188101943981435, 0.032207751496961076, 0.040385047173393626, 0.0403150398550289, 0.04034894272418959, 0.040385834706415026, 0.0403630373267723, 0.04279965049188052, 0.042802565930677314, 0.04278893086926213, 0.04280734451354614, 0.043291373477716534, 0.043291312642395496, 0.04329578299075365, 0.04329949564167431, 0.04330713052435645, 0.04412512950200055, 0.04411669837177864, 0.04411165921815804, 0.04411162532466863, 0.043302020989358425], "valid_accurs": []}