{"train_losses": [6278600.748878778, 5514759.169881139, 961.4113856527061, 83674762.4081201, 36288957.0767709, 651631.8238475679, 11623.924675712758, 21749642.56144024, 10495.377093423007, 36859.30176858341, 13357511.714998893, 17811760.88087926, 391211.00939886173, 75225.94426123158, 54642444.95024055, 26502348.750871893, 63359.433721792644, 15580117.45948183, 143567329.198388, 38514562.91713801, 4793258.805005657, 2689423.6307975114, 22853051.97758767, 414841320.4534785, 1333199.3726315044, 8554602.515200792, 1825537.6087033371, 187526.26967596685, 15517058.224919798, 15075598.473080458, 178133392.34469894, 11286609.711874293, 1489759.367081448, 4296884.727729073], "train_accurs": [], "valid_losses": [1203.2908589499336, 1353.091792515346, 350.57933262416293, 760.9520002092634, 715841.8052455357, 23830.87890625, 62.05241160733359, 68050.04896763393, 779.4226630074637, 903.8560573032925, 254.22076633998327, 136678.4833984375, 18197.414446149553, 3.5453269396509444, 11134.590506417411, 3623.4822387695312, 572.886531829834, 683130238.8571428, 1334521.65625, 1406836.8638392857, 1371250.0558035714, 1821398.3013392857, 279362.15485491074, 3632746.879464286, 152268.958984375, 96099.51102120536, 106152.58119419643, 3060.473933628627, 4593.437473842076, 129550.12025669643, 53598.31145368303, 258062.39927455358, 804255.1462053572, 107424.32477678571], "valid_accurs": []}