{"train_losses": [0.0792011262056717, 0.061005339763923735, 0.06069851897201792, 0.05954397025168347, 0.05159331210867851, 0.042133910033632725, 0.04241795913312095, 0.04214934470359556, 0.04213019845189687, 0.041562826027124446, 0.04170406459750633, 0.041794425268484724, 0.04158253998314431, 0.04217882387390638, 0.04345259659953112, 0.04323146604338653, 0.0433567878179151, 0.04320636028803177, 0.049735377209758326, 0.050625724789614863, 0.050443047775604606, 0.0506320758575228, 0.047849298113476636, 0.0436913728739274, 0.043657517810752486, 0.04347389431173041, 0.04369655553866768, 0.041089054584772876, 0.04057436283441825, 0.04057126578651537, 0.040412646343265725, 0.042119610146514025, 0.04549307768481754, 0.04552168455143455, 0.04541705717328447, 0.04544060905274358, 0.042511450653533324, 0.04166926051241375, 0.04159230247510774, 0.04154377830176871, 0.04181854974697618, 0.04241926817231858, 0.04224997525824006, 0.042419315029222235, 0.042454636567251174, 0.043952928030045864, 0.04445328207357841, 0.04454877572681974], "train_accurs": [], "valid_losses": [0.04633291281892785, 0.04866546076456351, 0.045933017074795704, 0.045935865957289934, 0.04271787305229476, 0.042892386338540485, 0.04437800240702927, 0.04254625438313399, 0.04273142642341554, 0.04197045325833772, 0.04195165597567601, 0.04394131908858461, 0.0423084840710674, 0.04477290546388498, 0.0436282961496285, 0.04362446418963373, 0.043761990033090115, 0.04364114943226533, 0.05089388455131224, 0.050874718631218584, 0.053447241129885824, 0.052096973273104856, 0.04523026717028448, 0.0443059137822794, 0.0459854377965842, 0.044139536297214885, 0.04472033822509859, 0.041141313866579106, 0.042348726951916306, 0.041178541257977486, 0.04120351477260036, 0.04620558076671192, 0.04663665875393365, 0.04630892604057278, 0.04759309919817107, 0.04626424218128834, 0.0428375735147191, 0.04224268027714321, 0.042202506181118746, 0.04220735996828547, 0.04348898373012032, 0.04305796262009868, 0.043060607642733624, 0.04315200983546674, 0.04319969451587115, 0.045446666955415695, 0.04563822065080915, 0.04531158693134785], "valid_accurs": []}