{"train_losses": [1.0601415359981792, 0.2741310706450826, 0.29709375505803753, 1.5675083754396943, 0.19214290869299067, 39.98848257905671, 3.447020852376544, 2.9623055096626993, 0.0445686714901101, 486.119071720577, 0.4938480627658979, 0.6710829428402046, 37.2616754018815, 1.190634938577811, 2.4196891390063144, 0.17317172670096317, 7.830461244064349, 622.8595533027417, 12.25403098488059, 0.641047568351188, 1.0891033015238545, 36.149154673177726, 14.088605205217997, 9.01047962567912, 828.4866373330434, 14.572983169819786, 1.3008888474020062, 21.907567471226372, 82.91857510479906], "train_accurs": [], "valid_losses": [0.23336063085922173, 0.22738074830600194, 0.23239810605134284, 0.19993270241788455, 0.15590001695922442, 0.7406006647007806, 0.3805798872240952, 0.02960010022590203, 0.02729822462424636, 0.05671590280586055, 0.08885570136564118, 0.10946130805781909, 0.36066783113139017, 0.15065885840782098, 0.1474037090582507, 0.20239307199205672, 0.18192030170134135, 5.930919102260044, 3.030504341636385, 0.29439038038253784, 0.16187557564782246, 1.1911663306610925, 0.7398475855588913, 0.07462731376290321, 48.27657093320574, 0.08950122459126371, 0.15915981440671853, 0.34244263970426153, 0.8580529029880252], "valid_accurs": []}