{"train_losses": [0.7020523952586311, 0.6712243724121618, 0.5075902312836319, 0.19325009059338344, 0.19233172248910974, 0.21166445127634145, 0.2198273544864995, 0.21996116807694158, 0.22871577410549715, 0.22833824061133243, 0.23367687383735622, 0.24097634382821895, 0.2409102859359885, 0.23823705297850428, 0.23758565537907458, 0.23731475293872847, 0.2372642127925126, 0.23719783927555438, 0.2294349150446357, 0.22047335301678647, 0.22048452746852365], "train_accurs": [], "valid_losses": [0.11918177588709764, 0.15369899358068193, 0.16129688679107598, 0.14735624313886678, 0.1733008178749255, 0.18813334990824973, 0.19077142673943723, 0.24054361933044024, 0.2146427578159741, 0.198233250528574, 0.2405717990228108, 0.24030117397861822, 0.2402106092444488, 0.2304423933050462, 0.20026269714747155, 0.2361492184656007, 0.20845999036516463, 0.23554179977093423, 0.22050858874406135, 0.19856623400534903, 0.19285518090639794], "valid_accurs": []}