{"train_losses": [0.03658574266249642, 0.03469872678212855, 0.03407147624087414, 0.03255918556487196, 0.0395210512146792, 0.04597641826855921, 0.0430659125200831, 0.040554677827359595, 0.0382897938449964, 0.05988565689096084, 0.057370336262753646, 0.05394837946727939, 0.0513933411466455, 0.055661070455556814, 0.06201130141213334, 0.05804281617089162, 0.05524984513287226, 0.053208506697729835, 0.05974844573234204, 0.05646529602417849, 0.05353548112683571, 0.05172443128616562, 0.05434744876316365], "train_accurs": [], "valid_losses": [0.03652108710126153, 0.03618057860460665, 0.03605881622726364, 0.03797339857555926, 0.05838335834310523, 0.05974005601767983, 0.059833299135789275, 0.0622682429051825, 0.062187362528805225, 0.10020204174465366, 0.09566768079197832, 0.10222616006753274, 0.10664538952655025, 0.12178646813013724, 0.14730123949370214, 0.13064189102234586, 0.13974519413230674, 0.14762735313602857, 0.16279303415545396, 0.154976594128779, 0.1656248434446752, 0.15686668947871243, 0.177366152671831], "valid_accurs": []}