{"train_losses": [7.895096786280789, 7.854241666339693, 5.185572708252246, 1.0739795950354722, 1.0796222760090752, 0.6470090072779429, 0.4686666417610708, 0.4545333577053888, 0.4061464384277031, 0.4042579323132202, 0.3203272517947924, 0.1843419338049239, 0.183822920634633, 0.1844364699153673, 0.1884504227292916, 0.19019329447358374, 0.21859718577335122, 0.22148339669146236, 0.22221536660399385, 0.22997415164318033, 0.2333907894395962, 0.2538757434794827, 0.25895599666095914, 0.24085970104686796, 0.13822435004212869, 0.14118201168323005, 0.20799265132734068, 0.2607083758191457, 0.2567298883995997, 0.2857480317196518, 0.28890398684790525, 0.3207580871367581, 0.4046851634269669, 0.4153796460814577, 0.2823176160257645, 0.2067607462642685, 0.20645737470615477, 0.24564268321744978, 0.24675428009932004, 0.2289531078761217, 0.17528946500606638, 0.1768185738375578, 0.200351991587215, 0.20280669978450214, 0.208035663538982], "train_accurs": [], "valid_losses": [4.825912032808576, 4.843340831143515, 0.45332460956914084, 0.4739013521799019, 0.637120857834816, 0.359606283051627, 0.4844157003930637, 0.22252402055476392, 0.1755114048719406, 0.2013196950512273, 0.17199445409434183, 0.17598231429500238, 0.17710165732673236, 0.12545668360378062, 0.1718654041843755, 0.13533335312136582, 0.20719172858766147, 0.2032083509755986, 0.24445123597979546, 0.3590205843959536, 0.30158941075205803, 0.14730834774672985, 0.4769326757107462, 0.2543801798352173, 0.08083502895065717, 0.08417063964796918, 0.13390902469732932, 0.1452400657747473, 0.40442907331245287, 0.30348543875983786, 0.17453759429710253, 0.5497067889996937, 0.8763771663819041, 0.1933538695531232, 0.12972542936248438, 0.1320365940087608, 0.13167547447873013, 0.28625909984111786, 0.13379877566226892, 0.11043957421290022, 0.08252522282834564, 0.09972790588757821, 0.10233985885445561, 0.24754950005028928, 0.6255284792610577], "valid_accurs": []}