{"train_losses": [0.4581748850609922, 0.39582178505702253, 0.37323201292645336, 0.3378991793790554, 0.23740251279726826, 0.1529519185423851, 0.13661746248366877, 0.12718147325974244, 0.11912264469252452, 0.09733445772151063, 0.08590015758048086, 0.07973900639211835, 0.07542373612101666, 0.07341120895672573, 0.07314910831106869, 0.06740096779708746, 0.06320981101482702, 0.061078536301025305, 0.07503048527134557, 0.06917730860445834, 0.06507288651726297, 0.06209044148344799, 0.06596173710248758, 0.07207729226837938, 0.0642935920451932, 0.059410029436499555, 0.05686896663513119, 0.06986730321356815, 0.06531496233901017, 0.059696249951444125], "train_accurs": [], "valid_losses": [0.4112669075173991, 0.4047848124589239, 0.4306285668696676, 0.4373379088938236, 0.16838924779689737, 0.17323602283639566, 0.1656037101389042, 0.19172193415995156, 0.1825667865840452, 0.15181182511150837, 0.1588935697717326, 0.17389890445130213, 0.16421548410185746, 0.17872746807656117, 0.19645957808409417, 0.16596899381173508, 0.16733524070254394, 0.1711383042857051, 0.1783441643097571, 0.18539463555706398, 0.21310447701918228, 0.19561999264572347, 0.17906784731894732, 0.19562689640692302, 0.20669949360724008, 0.2224741272096123, 0.22793612402996846, 0.27367822812604053, 0.259518703046654, 0.28697907977870535], "valid_accurs": []}