{"train_losses": [0.06755380795174648, 0.04448155075725582, 0.05956419850034373, 0.07373312879698696, 0.05388318344201676, 0.08420720194816274, 0.07263261066483599, 0.061799228257898776, 0.09988564780110089, 0.07130735200489798, 0.08840307308035711, 0.09768306612278577, 0.07425253696138502, 0.11210078959693275, 0.09094520356683504, 0.08840370694638561, 0.11737083376104397, 0.08640470967268345, 0.10985971140433792, 0.10565523672159072, 0.08603347004662273], "train_accurs": [], "valid_losses": [0.053430043693099706, 0.05561960501862424, 0.16280274292720215, 0.12324786332568952, 0.12247201667300292, 0.18231898373258965, 0.18779961232628142, 0.2583742437085935, 0.24009157051997526, 0.24096788226493768, 0.3434707418616329, 0.30077511072158813, 0.3091877307742834, 0.3606095449732883, 0.35465384567422525, 0.3944240039480584, 0.3882767076471022, 0.3952924513391086, 0.45159731299749445, 0.4362501693623407, 0.4160475754844291], "valid_accurs": []}