{"train_losses": [0.4872069724949237, 0.41820278005227784, 0.4131667107276248, 0.3972244508800463, 0.24777149107324054, 0.08852862980115603, 0.08223624688855528, 0.07712589798503602, 0.07298040235356103, 0.06464905896944698, 0.059652494519476976, 0.055964061126483784, 0.05349156709716601, 0.056411935815090374, 0.06113760016133747, 0.05776772585516265, 0.05560447525325741, 0.05355541634782137, 0.05852342628751675, 0.05602811550198974, 0.05404705016313298, 0.051914954182957364, 0.05424826598949562, 0.057969672306192134, 0.05402354161124424, 0.050572937603079085, 0.048446298903486444, 0.05624298559716688, 0.05259015328330894, 0.049408882746801656], "train_accurs": [], "valid_losses": [0.40562460837619646, 0.39625505304762293, 0.39744250582797186, 0.40712021344474386, 0.09227461793592998, 0.10937670571729541, 0.09659354162535497, 0.09030646840775651, 0.09708248055540025, 0.0895760256264891, 0.09135678876191378, 0.0905577392716493, 0.09250398439222149, 0.11017257454139846, 0.12314604023205382, 0.11407302107129778, 0.11501538906512516, 0.11755083621080432, 0.11199251748621464, 0.11782058009079524, 0.12089522635298115, 0.12276802019083075, 0.14414561872503587, 0.14746332514498914, 0.13768105368529046, 0.16796107603503124, 0.15153533712561643, 0.1758013196023447, 0.19704135121511562, 0.18452767974564008], "valid_accurs": []}