{"train_losses": [0.11241288639065637, 0.06541956205140143, 0.05038568295319291, 0.04330413227656443, 0.03962901357679346, 0.03923508933665256, 0.03731609337512252, 0.03589304910795721, 0.03527195552338707, 0.04528683228460372, 0.045483900465880314, 0.045171557820288304, 0.044769384757072005, 0.04460645882977485, 0.04465432869632859, 0.044734506872040114, 0.0444498705378485, 0.04439971492756411, 0.04396530550934071, 0.04389337322156354, 0.043805533328949056, 0.04372934169426763, 0.04407380180795808], "train_accurs": [], "valid_losses": [0.012101022144114333, 0.012062594448382567, 0.012058842457398506, 0.012110366055692014, 0.03160757874138653, 0.03160973159330232, 0.0318002087296918, 0.03161512117367238, 0.031622937148703, 0.044097654321896176, 0.043843632098287344, 0.04379890193896634, 0.04379893846011588, 0.04467227153613099, 0.04451528923319919, 0.04448712939795639, 0.044500424759462476, 0.04450675016934318, 0.04418374381826392, 0.04410247335077396, 0.044100973422506025, 0.04428294054897768, 0.04560384583393378], "valid_accurs": []}