{"train_losses": [0.17190515639250556, 0.1572598785792709, 0.1513269271839548, 0.1407746305028913, 0.13994399004827732, 0.16435056338431658, 0.1744753371667925, 0.17684000909880357, 0.22840768719712892, 0.22732454832032245, 0.23055879294714599, 0.23470939015821804, 0.23428717015123873, 0.24559239777071135, 0.24968608663905234, 0.24760336651609688, 0.23820635197418077, 0.23836217377157437, 0.24243716735924994, 0.2469900607392586, 0.2469003402958156, 0.25484661976732903], "train_accurs": [], "valid_losses": [0.05301001641367163, 0.052140769216098955, 0.15738312208226748, 0.09537247089403016, 0.09040111862123013, 0.11995398213288613, 0.16319362899022444, 0.20797802667532647, 0.17386428186936037, 0.23998789861798286, 0.2615358696452209, 0.2691968525094645, 0.2546040939965418, 0.24724227695592813, 0.27361126776252476, 0.2252919575465577, 0.20539594601307595, 0.2560153872306858, 0.2141033991106919, 0.20547874165432795, 0.2561479774968965, 0.25048823468387127], "valid_accurs": []}