{"train_losses": [8.362393141817794, 8.356843556045856, 6.512917020964244, 3.069580828702008, 3.0881329894696594, 1.2100470552329348, 0.40139962389828665, 0.40067061589212805, 0.08230961497045225, 0.08189845481079328, 0.09199256924468846, 0.08830231665165494, 0.0896917177689454, 0.2124122584820109, 0.23644042097859913, 0.24121811968230067, 0.3169261889246406, 0.34077731017318985, 0.29839155077934265, 0.2870248262647283, 0.29150284834639734, 0.3423342619820562, 0.3429925996199171, 0.3436282599768626, 0.3310872170305441, 0.3332882310860056, 0.3984513125880055, 0.4469083187283662, 0.4571980859236742, 0.3962132812098221, 0.4022077638557348, 0.4624375327238961, 0.6779619047329539], "train_accurs": [], "valid_losses": [10.984274710927691, 8.665418931416102, 1.4801148218767983, 2.077147505113057, 2.8873229963438853, 0.13295789621770382, 0.11055447613554341, 0.2028396563338382, 0.20237759527351176, 0.08917145949921437, 0.02059233300055244, 0.06317368389240333, 0.017731961245382472, 0.30814909243157934, 0.45795393149767605, 0.26714697959167616, 0.27135720795818735, 0.11001425888389349, 0.1547013981533902, 0.7754562039460454, 0.2485012225806713, 0.14789865165948868, 0.22380939764635904, 0.17782644342098916, 0.13595727405377797, 0.11349181910710675, 0.6158825925418309, 0.1853184625506401, 0.6657199817044395, 0.18700541662318365, 0.18176190767969405, 0.322894493916205, 0.6741384533899171], "valid_accurs": []}