{"train_losses": [0.08237016378906827, 0.05768421683066263, 0.06755034159376193, 0.08102600884170483, 0.06268950473645298, 0.09043579602801295, 0.0832516971492657, 0.07625569107759961, 0.10857576734962918, 0.08791400119662285, 0.10091373375148843, 0.10165318541682114, 0.08633081477120637, 0.1137096734480962, 0.09771746495078323, 0.09356925233695952, 0.11107077910786584, 0.09234014975656041, 0.1109900323122188, 0.11052284941382745, 0.10755378640104066], "train_accurs": [], "valid_losses": [0.07054841312180672, 0.078511389571109, 0.14811753840850933, 0.1629899193399719, 0.1371684574655124, 0.21932674385607243, 0.23154937848448753, 0.3052709943481854, 0.2887828799762896, 0.31286732772631304, 0.33350014553538393, 0.3349526660250766, 0.3481439160449164, 0.3722145658518587, 0.3603255440081869, 0.373004674911499, 0.3827791245920317, 0.4175237560910838, 0.47700881079903673, 0.4328437665743487, 0.4083243627101183], "valid_accurs": []}