{"train_losses": [0.19546895402252043, 0.14178982041973284, 0.10536092126535045, 0.05277226494240855, 0.048344266985262195, 0.08212116472028866, 0.08210136961664945, 0.07594846616247816, 0.13976866209869662, 0.12539345946498018, 0.14837552668162124, 0.17474263390062977, 0.16043923376374458, 0.20567174285413728, 0.2005195945856117, 0.19980919772079067, 0.25103216853840327, 0.23133426298579526, 0.25288447956480675, 0.2585618583258813, 0.24327399369782557, 0.2812517475701435, 0.2668319434203483, 0.27463239477700974, 0.304782443078698], "train_accurs": [], "valid_losses": [0.046536633877881935, 0.03542182664386928, 0.03857431786933115, 0.027777123298229917, 0.02230471475715084, 0.08795120101422071, 0.08683366128908736, 0.1770682820518102, 0.15642807366592543, 0.16784474666097335, 0.2588422883834158, 0.24835781965936934, 0.24817153146224363, 0.3296623381653002, 0.34172852071268217, 0.4323034132165568, 0.4441625542406525, 0.4525073937007359, 0.5320313535630703, 0.5402781170393739, 0.5197463727423123, 0.5775248714323554, 0.5853483775364501, 0.677228219807148, 0.6467769885701793], "valid_accurs": []}