{"train_losses": [0.18588231113694964, 0.1457649791347129, 0.1306659976148574, 0.12477670617835232, 0.11774981322466696, 0.15342341999094639, 0.16637514070385978, 0.1659441741883124, 0.1969451100698539, 0.19487098072256362, 0.2030894957561657, 0.21412540855940687, 0.2130717814914764, 0.22707065707318996, 0.2312934748118832, 0.2304304648565237, 0.22834832410490702, 0.22803233936429024, 0.2300160583798532, 0.2325534366623119, 0.23214260754840715], "train_accurs": [], "valid_losses": [0.004875567093092416, 0.0048811850709690975, 0.05495969671756029, 0.05287495208904147, 0.05447070034486907, 0.12061634566634893, 0.12586233818105289, 0.15530452903892314, 0.16745687701872417, 0.1623413474964244, 0.17669506716941083, 0.17763048570070947, 0.19324308474149024, 0.2082618304661342, 0.20749488659203053, 0.20069667111550057, 0.21181651231433665, 0.2066213030900274, 0.20965423993766308, 0.21299662254750729, 0.2120903158294303], "valid_accurs": []}