{"train_losses": [0.2400330707194313, 0.22733116173554982, 0.2180798336981781, 0.21200344973692187, 0.20884061330761858, 0.21737846402973726, 0.2196546503436313, 0.21901620203067387, 0.2264945957829397, 0.22576506652686962, 0.22696362670373033, 0.22974877875475658, 0.22998274032952926, 0.23223535450441496, 0.23299763785310523, 0.2327813758026986, 0.23592140024931973, 0.23534588145200538, 0.23615474673727202, 0.2377237095719292, 0.23710593257946944], "train_accurs": [], "valid_losses": [0.13003833166190557, 0.13445641712418624, 0.14662677821304118, 0.15318052311028754, 0.1552359844957079, 0.16997388670487062, 0.1713049044566495, 0.17444344769631112, 0.1809489852083581, 0.1820910945534706, 0.18577834671097143, 0.18792180104979447, 0.18787874361234053, 0.1930414435586759, 0.19338537380099297, 0.19590097772223608, 0.1974934765270778, 0.1980537279908146, 0.20037213979022844, 0.19908268244138785, 0.20016766445977346], "valid_accurs": []}