{"train_losses": [0.24087348621752527, 0.21690246730885177, 0.1992191138958174, 0.16984093810121217, 0.16772140635463295, 0.18924074872303262, 0.1976555276208769, 0.1975324593839191, 0.21432852096579694, 0.21331461694426637, 0.21687942343177619, 0.2219362435714593, 0.2221402601984443, 0.2269183675605784, 0.22586029166818927, 0.2262463839872489, 0.2326355331316196, 0.23148587081955854, 0.23487134735104898, 0.23812014087246208, 0.2377367702426103], "train_accurs": [], "valid_losses": [0.07088661400069084, 0.0753948020615748, 0.10638455620833806, 0.11498533229210547, 0.11282012092747859, 0.138337873720697, 0.14149641152471304, 0.1523847859352827, 0.15955910831689835, 0.1592744647392205, 0.17058265022933483, 0.16828530441437448, 0.17206008732318878, 0.17602302320301533, 0.1806324220129422, 0.18123252583401545, 0.18477290629276208, 0.1810736424688782, 0.18899773540241377, 0.19023411694381917, 0.19218748142676695], "valid_accurs": []}