{"train_losses": [24.186957749306526, 0.292284342839762, 2.7684797831298535, 1.057412871913541, 37.62316924383958, 0.4948543388416212, 0.1881746614263171, 3.410976967660996, 8.848967523801894, 75.0243888052683, 6.089722231050175, 11.859882152900495, 0.7345973851464728, 8.858346469227284, 7.047337926352624, 0.25787707759195533, 10.041886748046313, 645.4420330251454, 72.60526229464818, 46.925523157472966, 31.9393793111125, 5.0439190869687724, 43.188956817976695, 0.37783473339818774], "train_accurs": [], "valid_losses": [0.2196005279464381, 0.21639047057500907, 0.0072985374302204165, 0.007249697020077812, 0.2283322564991457, 0.09279489942959376, 0.04197513172402978, 1.5166475474834442, 1.1775592203651155, 1.8470837410007204, 29.87923785618373, 0.2575868439993688, 0.13110971623765572, 13.045249632426671, 3.183549267905099, 0.16473555352006639, 0.20317332952150277, 100.2921917779105, 5.4628139563969205, 3.368771799973079, 3.5910228746277943, 0.09795236946748835, 0.1234587115634765, 0.1800822312278407], "valid_accurs": []}