{"train_losses": [10975831.223766949, 8593085.742559846, 44704.68032174893, 92441927.10749373, 59111501.65525003, 12149830.564656736, 18163188.848161325, 1227554712.4111211, 5285581.117063492, 20153775.813161377, 13109669.68390377, 74532458.05212466, 63639716.26979993, 8927478.872457838, 38177265.975446425, 392667535.9207176, 46640346.81183863, 2643927.855034722, 295178896.49987596, 21535647.644510582, 38995811.60019841, 10321429.838045634, 173923401.13508597], "train_accurs": [], "valid_losses": [1775.9802834647041, 15295.736921037946, 831.906133379255, 2612.467254638672, 39611.27971540178, 13182.433157784599, 81844.40778459821, 983528.2444196428, 24545.170305524553, 130858166.85714285, 12970.910121372768, 77748.35588727679, 10424.22940499442, 10291.63588169643, 21737.26004464286, 15265.538138253349, 963621.6908482143, 10695.11558314732, 1227198.763392857, 650809.3058035715, 950546.7756696428, 780496.1674107143, 541295.6099330357], "valid_accurs": []}