{"train_losses": [67406214.49289039, 2978120.346256155, 7689421.025819728, 961888.1265707671, 7179568.001364088, 2848514.9813419725, 21372823.058863726, 19577564.142408907, 536420.9031291336, 69581682.10181051, 601817744.0086908, 2359324.986359127, 382390086.29760873, 6445232.157366072, 37714845.71957672, 10360868.967137897, 259118034.19047618, 19910019.566137567, 143397465.29497355, 94176761.7119709, 193636549.01124337, 6010879.619708994, 34808405.93369709, 11793835.696635252, 150518890.40104166, 34884842.115079366, 340845777.6498016, 2299834.6494605653, 100232083.92475818, 2360523.6350446427, 582260970.2045305, 29133768.56473214], "train_accurs": [], "valid_losses": [48259.47642299107, 3321036.4508928573, 27047.87548828125, 2476680.339285714, 32628.417829241072, 2606680681.142857, 35553180.428571425, 49439.85511997768, 5319.272199358259, 69420.07826450893, 6129123.660714285, 3920.5300903320312, 511230.2996651786, 80625.20186941964, 1861769.825892857, 178788605.14285713, 5734057.758928572, 5591389.205357143, 2114010.1696428573, 2060890.595982143, 1065717.2466517857, 15887.514421735492, 29230074.42857143, 120348.64467075893, 27570.79035295759, 67237.97028459821, 6641194.25, 35203.12908063616, 58885.150599888395, 19153.419468470984, 185562.48018973213, 1147607.7857142857], "valid_accurs": []}