{"train_losses": [10.06774716970151, 8.363248037282752, 6.845151934674178, 4.8057214775413435, 4.255838298293018, 3.790808274947777, 3.20684506211962, 2.9543648705911383, 2.3046745345706032, 2.0632908778688894, 1.9211869812989362, 1.6164434387412652, 1.496708590438757, 1.4963016377554998, 1.356247523553157, 1.2732875228085845, 1.0544054745918228, 0.9478053500254949, 0.9691698302431081, 0.9004334988338607, 0.8376614509751557, 0.8251456585983751, 0.7207644664578967, 0.6971817065483679, 0.6539097034899646, 0.5926333189444252, 0.5765228437249938, 0.5063018010012688, 0.46646337960132217, 0.47973603205311866, 0.4146042718655533, 0.3989828676970863, 0.37122657312642016, 0.32531779028830077, 0.3681305686514529, 0.34076674233274484, 0.3032049486147506, 0.348545556395221, 0.29275368528549, 0.2989813481018972, 0.28956366621115537, 0.2561517534629693, 0.2958122970506785, 0.26353943531238844, 0.2383009829908294, 0.28840138800639326, 0.23714024148802593, 0.25480187910968666, 0.2433164450955927, 0.20783322981543959, 0.2429571205346042, 0.20111729534806083, 0.19289660802672778, 0.19614669391836123], "train_accurs": [], "valid_losses": [6.615822809083121, 5.853760885340827, 4.414244681596756, 3.9239580248083388, 3.3567350762231007, 2.8547570556402206, 2.4645167929785594, 2.0505556325827325, 1.9784409488950456, 2.0735825087342943, 1.689512481114694, 1.6728110600795065, 1.5899834143263953, 1.538333183420556, 1.7830917473350252, 1.2740667249475206, 1.4493943905191762, 1.3990689470831836, 1.4326626030462128, 1.4174265241516488, 1.4252460284956865, 1.0920689169849669, 1.229709834924766, 1.0724758165223258, 1.0381753141326564, 1.0453084717903818, 0.8611822383744376, 0.9121593018727643, 0.8878054767847061, 0.8006760403513908, 0.7715583832136222, 0.7736871386212962, 0.6806706594569343, 0.6762879943209035, 0.7412561497517994, 0.729706274079425, 0.8103478934083667, 0.7503139280847141, 0.7454564981162548, 0.7896054669150284, 0.8033946592892919, 0.8413981209908213, 0.839789019631488, 0.8704484956605094, 0.891078128346375, 0.8349924598421369, 0.9192588031291962, 0.857854635055576, 0.83292751918946, 0.8368746648941722, 0.8090413329856736, 0.7702411844262055, 0.7421129420399666, 0.7063765504530498], "valid_accurs": []}