{"train_losses": [0.7965788652026464, 0.7391441613435745, 0.6971776307259918, 0.6452652263262916, 0.6169656754407302, 0.5759727791267097, 0.5449929996221153, 0.5206696724607831, 0.48976703579463654, 0.46618679922724526, 0.44835800232079925, 0.426986940086834, 0.4184928405142966, 0.3932706774384887, 0.38229520918515625, 0.3734299363519149, 0.3556292989739665, 0.3471102529653796, 0.3401249074155376, 0.33246508950278875, 0.325676626235089], "train_accurs": [], "valid_losses": [0.011369702106873904, 0.012099316609757287, 0.05589502065309456, 0.06585333130455442, 0.06444834625082356, 0.10094010896448578, 0.10403128979461533, 0.11412439774721861, 0.12212062879864659, 0.12416241051895278, 0.1359495631019984, 0.13579915557056665, 0.13583116472831794, 0.14678464044949838, 0.14361819199153356, 0.14786320751799004, 0.15199970533805235, 0.15104842372238636, 0.1557901477707284, 0.15518988322998797, 0.15750710400087492], "valid_accurs": []}