{"train_losses": [0.029563216606315175, 0.027648542719003976, 0.027542123265513873, 0.027535593065504845, 0.03603247391498264, 0.045433756566661244, 0.04508730794863598, 0.044623605523477584, 0.044114496643187236, 0.048428994531814866, 0.048183927190283575, 0.047875386439432385, 0.04760679205652006, 0.04910191943304301, 0.05108197040147911, 0.05085541097219713, 0.05069136848816505, 0.05064482026948379, 0.049669211018173134, 0.049480707039087336, 0.049424941364962324], "train_accurs": [], "valid_losses": [0.028137088902959868, 0.02814717191670622, 0.028220679028891027, 0.028404338651203682, 0.0470184541773051, 0.04678739943275494, 0.046416467388293574, 0.0459984946064651, 0.045718898896926215, 0.05045934799792511, 0.05027563324464219, 0.04952628960433815, 0.049545915464737585, 0.053266723839832206, 0.05296994908712804, 0.052856508908527236, 0.05287366503450487, 0.05343036952295473, 0.05160082770245416, 0.051471724873408675, 0.05159425632362919], "valid_accurs": []}