{"train_losses": [0.15487076648604617, 0.1270736181054008, 0.1355165359933698, 0.1514490400613458, 0.12195534472940145, 0.14116065213506027, 0.12194622476048098, 0.10284675757287357, 0.14135785596987244, 0.10525324370061594, 0.1132697061137863, 0.10758779722231405, 0.08819146140936822, 0.12019367382501957, 0.0982376992327984, 0.09554215455575595, 0.11546618169636796, 0.08795348978379652, 0.11155241901035268, 0.10165339177622208, 0.08583982999894828, 0.11724351559366498], "train_accurs": [], "valid_losses": [0.15082119618143355, 0.10898814257234335, 0.23683004773088864, 0.21345351769455842, 0.18174453026482038, 0.26235201369438854, 0.2643537393638066, 0.355022276618651, 0.34139908557491644, 0.3426955022982189, 0.40911070576735903, 0.3804470146340983, 0.39625049542103497, 0.4434622009950025, 0.4080257809587887, 0.48752330616116524, 0.4816413292927401, 0.463126750929015, 0.5235976246850831, 0.4971305472510202, 0.5125664110694613, 0.5435214548238686], "valid_accurs": []}