{"train_losses": [0.05036359095561599, 0.04715377881768204, 0.06261617546930673, 0.07455870177025202, 0.07375677053141531, 0.12645159380894805, 0.14586604484135196, 0.1489595555399776, 0.19734430527955135, 0.1970906818196887, 0.2113803293969896, 0.23143050309132646, 0.23063250370914973, 0.24615332123542588, 0.2507138147595383, 0.2521298240535158, 0.26276938908945313, 0.26220152647328127, 0.26749448275203425, 0.27370071769864474, 0.27368820178761055, 0.2786860616986083], "train_accurs": [], "valid_losses": [0.007246009764328066, 0.007054469625083064, 0.048750617541372776, 0.05908301978238991, 0.059251379022108655, 0.12938742752053908, 0.1300884825842721, 0.15760822221636772, 0.1781997430537428, 0.1826193282114608, 0.21768032892474107, 0.21259327924677304, 0.21392659869577205, 0.22742974518665246, 0.22953899976398265, 0.24273332980062282, 0.24344802701047488, 0.2452454822404044, 0.2519576876823391, 0.2548080057437931, 0.25340226691748413, 0.256046276273472], "valid_accurs": []}