{"train_losses": [0.22874705451308872, 0.18045511583869273, 0.1814529932192548, 0.18173317231103037, 0.11133823796002641, 0.029523069513076705, 0.027414833627455778, 0.02557164990886776, 0.023651422892709797, 0.045498627535071716, 0.043580464329739096, 0.04095451087307404, 0.03866103472508389, 0.04181450383097136, 0.046567357617232324, 0.04482079971143428, 0.043261277672678775, 0.04202785855475223, 0.058480002647645066, 0.05625963895434168, 0.054983817917459155, 0.05432808176273], "train_accurs": [], "valid_losses": [0.011733266658016614, 0.011529036082460411, 0.011848776827849048, 0.012483391285059042, 0.03135623106001211, 0.029325649990434095, 0.029582027329265008, 0.029945346227447902, 0.030762079554343864, 0.06318618915975094, 0.06199566970047142, 0.06415931211917528, 0.06640441270012941, 0.08140381249333066, 0.0817871754989028, 0.08107909254197564, 0.0816112181304821, 0.08258074422233871, 0.11517712300909418, 0.1272849589586258, 0.12414475876305785, 0.12592012927468335], "valid_accurs": []}