{"train_losses": [0.5742871862461124, 0.5347657890745957, 0.5246432895911225, 0.5143023060120608, 0.29257066575894597, 0.04768545980295546, 0.04362720217159633, 0.04419147949328654, 0.04394163465763683, 0.0320161515994343, 0.03157590891390499, 0.031587680209664064, 0.0302026688049619, 0.03988970987650469, 0.05167101592466033, 0.05130799474590774, 0.051110937930137865, 0.05118398555887366, 0.05098396067705629, 0.050836529511098676, 0.050305551638599164, 0.049876052047635906, 0.05381451758695134, 0.05975094445606028, 0.06085896363894864, 0.060499241621954136, 0.05943513301314946, 0.062075737682571505, 0.061693200344278804, 0.06030764664645513], "train_accurs": [], "valid_losses": [0.5369075845394816, 0.5372369449053492, 0.5534393207303115, 0.5940568319388798, 0.07805937244224229, 0.042167264219772606, 0.04387373510482056, 0.05614361261749374, 0.0634854642807373, 0.037618440409590094, 0.04038188915832767, 0.040682520817166994, 0.03773637584942792, 0.06849267806059547, 0.06581602584836739, 0.0680118511164827, 0.06646543661398548, 0.06423306594868856, 0.07345296435856394, 0.07413510412776045, 0.06964547486443605, 0.06946701533161104, 0.07954578899911471, 0.07838514354079962, 0.07999094389379025, 0.08265749444918973, 0.07952113409659692, 0.08171010409880962, 0.0833074486415301, 0.07859084701963834], "valid_accurs": []}