{"train_losses": [0.5697378802757996, 0.49298825347585373, 0.4654492925329985, 0.4254509259133317, 0.28972383784088074, 0.1633821716953524, 0.14972157307744566, 0.1366840436237093, 0.13032240353575256, 0.09999891043518463, 0.09154580862206571, 0.08504445574823682, 0.08095043000440656, 0.07402880791768567, 0.06483156150796901, 0.06044025739815036, 0.05809272345728599, 0.05575420737595243, 0.07186364275045119, 0.06695136003305807, 0.0628067638843038, 0.059074318348282605, 0.06215734016655931, 0.06698563085801529, 0.06107502983992591, 0.058373140194347944, 0.05505398420060719, 0.06825073029871238, 0.06408721481015847, 0.059871384384093715, 0.05552145988971197, 0.06150068139775374, 0.07643233338261352, 0.06820560883039532, 0.06403106274041115], "train_accurs": [], "valid_losses": [0.505928141197988, 0.4992948775844915, 0.524397645677839, 0.5327644566340106, 0.15560310227530344, 0.15891965917710746, 0.15208308225763695, 0.14724946607436454, 0.15336291385548456, 0.12142724171280861, 0.1265082910789975, 0.13139088771172933, 0.12480856398386615, 0.1179706544083144, 0.10709112549998931, 0.1079950503605817, 0.11091496249926942, 0.11724629732114929, 0.15003052626603416, 0.16039862111210823, 0.14754070594374621, 0.14871619202728784, 0.16906834340521268, 0.15549932859305823, 0.16100679936685733, 0.15401654577414906, 0.17571477565382207, 0.19574545683073147, 0.1727302951206054, 0.18979058800531284, 0.16494730786819542, 0.21765177696943283, 0.24205647249306952, 0.2487846938893199, 0.2492787948410426], "valid_accurs": []}