{"train_losses": [0.03938878617961617, 0.03795609973809298, 0.03776092042227811, 0.03750591905475741, 0.041292907324581664, 0.04569542071701984, 0.04542200797452377, 0.04516782019101926, 0.04495009933745834, 0.04824669164398947, 0.048365688756344276, 0.04800622001694878, 0.04783788292217848, 0.04737400740165921, 0.046597148118987346, 0.04657220771342381, 0.04642929493689834, 0.04621967522014455, 0.04714702867915458, 0.04717534670513545, 0.04715496146992456, 0.04693013784892824, 0.045434959848070035], "train_accurs": [], "valid_losses": [0.037037705669977834, 0.036826078846518485, 0.0364872439697917, 0.036579093929114084, 0.047947766192789586, 0.04722053740572717, 0.0467895135017378, 0.046823340734200816, 0.046534301580062935, 0.05102354248187372, 0.05035258583458407, 0.0503485098015517, 0.05021358321287802, 0.049028559820726514, 0.0493670852987894, 0.04893862150077309, 0.04909877914802304, 0.049378999043256044, 0.04986184406360345, 0.04983324614087386, 0.0497286570857146, 0.05013931100256741, 0.045341386759121506], "valid_accurs": []}