{"train_losses": [0.24017561964257053, 0.23936012136951956, 0.22420946009969586, 0.20284380284803255, 0.20209854890508627, 0.22314706953271987, 0.22998068639367977, 0.22909077804870706, 0.24610834992515346, 0.24418521698110948, 0.25466172170465584, 0.27092802392506093, 0.2685192671047632, 0.28062591546032795, 0.28347702180503537, 0.285053049110704, 0.3099411836179791, 0.3086058654916034, 0.32524333567057967, 0.3420135658727121, 0.3405014770056205], "train_accurs": [], "valid_losses": [0.1319901572008218, 0.1369181964546442, 0.18890980923814432, 0.1844482078616108, 0.18995826451906137, 0.2121782566287688, 0.22548759755279338, 0.22639848877276694, 0.22326028746153628, 0.23217230210346834, 0.2551341096737555, 0.258719463167446, 0.23618682846426964, 0.23529923574200698, 0.2625644582190684, 0.27550908124872614, 0.29076974147132467, 0.294738894328475, 0.3086274622806481, 0.2983753090458257, 0.32562186090009554], "valid_accurs": []}