{"train_losses": [1.4264045225249395, 1.337138247553003, 1.223410130099014, 1.081388573561396, 1.0122445810724188, 0.9031566364897622, 0.8238068938886047, 0.7691581433727628, 0.6766431680510915, 0.6352859074397693, 0.5870865638215075, 0.5298479630675896, 0.505824716160537, 0.4625944902814885, 0.43884254964413466, 0.4199851262506354, 0.38842588174280035, 0.37687775141820706, 0.36151453115479654, 0.34537257932165943, 0.3359752429461984], "train_accurs": [], "valid_losses": [0.08942992293408938, 0.09112716718975987, 0.10006602959973472, 0.10543932300060987, 0.10232175141572952, 0.10680232370006186, 0.10857649786131722, 0.10841445757874421, 0.11237119816775833, 0.11122401324766022, 0.11454498288886887, 0.11851393923695598, 0.1167925423277276, 0.1253137326400195, 0.1259047705680132, 0.13041848303484066, 0.13270446551697596, 0.1328349124108042, 0.1393403271213174, 0.140923266432115, 0.1404116145734276], "valid_accurs": []}