{"train_losses": [1.143183878778872, 1.1360250723577732, 1.1358242997756371, 1.1131210660233217, 1.1115947808075815, 1.1075400583344888, 1.1015292523403513, 1.092848644402232, 1.088067971608218, 1.0885224181872148, 1.0692113853687615, 1.066300358842401, 1.0615437439394213, 1.0573984530177052, 1.0479766804708075, 1.0420982751371635, 1.0373841474228855, 1.0241250614235304, 1.0239204424538764, 1.0188658333202294, 1.0021276963512282, 0.999753461434291, 0.9912241143069116, 0.9878905969777259], "train_accurs": [], "valid_losses": [0.03970479719074709, 0.0375471376547856, 0.03580218778058354, 0.03418835304078779, 0.038597238449645896, 0.037439515780923624, 0.03652058269030282, 0.035706258728168905, 0.035110602487943, 0.038609875133261085, 0.03827568595962865, 0.0378446643506842, 0.037492137269249985, 0.0400175044113504, 0.0397707635669836, 0.03957479131141944, 0.0393633538125349, 0.03920170584959643, 0.041128511440807154, 0.04097960889339447, 0.040857168779309304, 0.04078127906125571, 0.04202645687785532, 0.04197112820111215], "valid_accurs": []}