{"train_losses": [0.7133849950694533, 0.6825623474818058, 0.48610289123835704, 0.08385398310840761, 0.06248548419939147, 0.10044556263853949, 0.09697476885818615, 0.0838520829097698, 0.12285065155220094, 0.09847160787494094, 0.11285797925912357, 0.12379861659020501, 0.10033996125298833, 0.13470134915655882, 0.12115375221603447, 0.10996512679393014, 0.13719802869178316, 0.11385680720328338, 0.13081565800876843, 0.13465695932172436, 0.11514471887694623, 0.158843207286385], "train_accurs": [], "valid_losses": [0.04142238555609116, 0.0395621783765299, 0.1110484723799995, 0.10427630160536085, 0.08228345448151231, 0.16980807642851556, 0.1646772368944117, 0.21284367011061736, 0.25066872659538475, 0.2536659248705421, 0.34553032900605885, 0.323603698185512, 0.29395634760814054, 0.377179980011923, 0.3556083608418703, 0.40832049239959034, 0.41634389172707287, 0.3686458186379501, 0.4141849566783224, 0.40033311556492535, 0.40626344084739685, 0.46241380407341887], "valid_accurs": []}