{"train_losses": [0.16176340731954764, 0.1365779885164802, 0.14185068852923535, 0.15162363580413282, 0.13366982949375317, 0.17651711015040597, 0.1762701295828693, 0.16617035679519176, 0.22619813223364493, 0.20219262797759954, 0.21396959941617397, 0.2300893015883587, 0.20810358505203294, 0.22603005863647296, 0.20869787930259628, 0.19987092128703518, 0.21595621961489242, 0.19476645345252658, 0.2074672126718772, 0.20310570887984739, 0.18696003078074053, 0.20649411738234222], "train_accurs": [], "valid_losses": [0.09874649625271559, 0.0782802106280412, 0.2047976784940277, 0.17939531350774424, 0.15796769530113255, 0.2912078699363129, 0.28022024195109096, 0.38222252471106394, 0.34795067698827814, 0.35968879769955364, 0.5084929301270417, 0.4418131977851902, 0.42528377579791204, 0.4773029110261372, 0.484652188207422, 0.4934708758124283, 0.5252589727086681, 0.4930881341653211, 0.516340804153255, 0.5128244949238641, 0.5173459122223514, 0.5005453729203769], "valid_accurs": []}