{"train_losses": [37.6577621263171, 27.74956354010042, 18.249073815625653, 1.897328008261938, 2.075410542802678, 0.8121477561712107, 0.03789514073086952, 0.03633111579067729, 0.08058367583348795, 0.06510802947733768, 0.1059233008997229, 905.842748559223, 1.4968662273789208, 1.0605064166719635, 0.9250203791276488, 0.7308927737373524, 0.4646622174710193, 0.40347082585727095, 0.32804133577479255, 0.26380785186060524, 4055.308672613627, 0.3922603858644685, 0.2118711983440099, 0.20767887898538478, 0.21294751394756886, 0.21026701397365993, 0.20908338820965833], "train_accurs": [], "valid_losses": [20.493042860712325, 19.172790135656083, 0.12641459114716522, 0.8200190372964633, 0.888374534036432, 0.028838546979906305, 0.02715377206914127, 0.08479094225913286, 0.09229949549106616, 0.07110704561429364, 0.23514725294496333, 1.734312551362174, 0.10678397418398942, 0.2074712991182293, 0.42452432800616535, 0.14223218682621205, 0.18911413396043436, 0.1970666857170207, 0.18007654137909412, 0.19840355882687227, 0.22170458627598627, 0.15803673464272702, 0.17622081030692374, 0.2051264356289591, 0.1934257945311921, 0.16644147889954702, 0.1523010956921748], "valid_accurs": []}