{"train_losses": [0.1603226446340122, 0.06756801398816556, 0.060501523859529206, 0.05809788731226015, 0.04823057222015718, 0.036816379632716535, 0.03666088057521781, 0.03641428487012963, 0.03587079031510928, 0.04094978949114073, 0.04042687142748234, 0.03945814389566895, 0.03834186032060449, 0.040343149179567446, 0.04451007401039697, 0.043316064111686134, 0.04229659130333236, 0.041025037063934684, 0.049188554295385045, 0.04899953543398175, 0.047490707872545015, 0.046600586330155715], "train_accurs": [], "valid_losses": [0.01098509324947372, 0.010694198659621179, 0.010781892733315803, 0.01072119567210653, 0.036977793189830015, 0.03698887948745063, 0.03694193424390895, 0.03684006514959037, 0.03571010713598558, 0.043348514275359254, 0.044159230044377704, 0.044944009743630886, 0.044824397657066584, 0.06123593852056989, 0.062166298872658184, 0.05997064769534128, 0.06402050497542534, 0.06196461940583374, 0.08253666768515748, 0.08649590225624186, 0.08914080608103957, 0.0843115053139627], "valid_accurs": []}