{"train_losses": [0.9176996511914742, 0.7540955981486058, 0.6543003466551897, 0.5603352697989928, 0.48000903045216564, 0.480178699685783, 0.4510210172997581, 0.43074988219000043, 0.46126662632302634, 0.4489339412283645, 0.454665546339971, 0.4674272021209752, 0.4669284131476488, 0.4770696655152336, 0.48165897205077784, 0.479537610181425, 0.488482245455974, 0.48817510615107873, 0.4906639574223725, 0.49355777644764176, 0.49102435048137394, 0.49007606017526495, 0.4919148921651184, 0.48777115810169747, 0.4893880643778377, 0.48751340341315696, 0.48470070240674196], "train_accurs": [], "valid_losses": [0.8673827658806529, 0.6028151725019727, 0.38673105197293417, 0.18533866666257381, 0.0927027922921947, 0.05579412183059113, 0.021315139019861817, 0.038403615987460525, 0.0325939750764519, 0.03575470983715994, 0.06010067103696721, 0.06816474414829697, 0.07412264269909688, 0.0933025467342564, 0.09979179275355168, 0.11097549953098808, 0.11668005106704575, 0.12097238509782723, 0.12887583233948266, 0.1317989979205387, 0.13360537295894964, 0.13795981875487737, 0.1390736579362835, 0.14205686681504762, 0.14328948128968477, 0.144516499313925, 0.14638999437115022], "valid_accurs": []}