{"train_losses": [0.32742131753731024, 0.2675819298814213, 0.22422446801312387, 0.1425578756129773, 0.12507736750893175, 0.1807969304777327, 0.19126207944222542, 0.18579859204748006, 0.26219361149287096, 0.2417527453964034, 0.2627257763077973, 0.29079606841323236, 0.2690693768992941, 0.31409700506578675, 0.3048561461782329, 0.296526609037919, 0.3256847615398112, 0.30024604182000514, 0.3299638545978322, 0.34552660478012903, 0.32685705877485727], "train_accurs": [], "valid_losses": [0.0788199686711388, 0.11411968778286662, 0.1348678425752691, 0.1403347152684416, 0.13990555770163024, 0.2608619321669851, 0.23116860485502652, 0.3654127198138407, 0.34747583312647684, 0.34944297692605425, 0.4219889406647001, 0.41971314272710253, 0.42294859832951, 0.5010491811803409, 0.5118820645979473, 0.536524565092155, 0.5783923715353012, 0.535598737852914, 0.6030122690967151, 0.611147113676582, 0.6227843458099025], "valid_accurs": []}