{"train_losses": [2.0078102364426567, 1.8591716817762487, 1.9143763943008645, 1.8019344196433114, 1.7601046551156927, 1.5843899519670577, 1.4565043018135444, 1.4123562199098092, 1.0445591843632793, 1.0017862040056753, 0.9374116804233934, 0.8559468903396495, 0.839976398481263, 0.7512435632407981, 0.7115381527987737, 0.6990109433730444, 0.6873902669817051, 0.670325348025592, 0.6635761327213712, 0.6466869341317939, 0.6338910311854705, 0.7017486960720764, 0.7079072111340426, 0.6926595325034762, 0.6658950770894686, 0.649222862073984, 0.5804811878100274, 0.48576274045087675, 0.4716058360442283, 0.520765171834716, 0.5183828645755374, 0.5079689435069523, 0.4574680219172801, 0.44445719404353035, 0.44770463047519565, 0.4393295824291214, 0.4269923991942532, 0.4612262696816177, 0.453982029287588, 0.46054406499578837, 0.47266898962555737, 0.4677281747498209, 0.4698510125437111, 0.4534060444150652, 0.44095998249514395, 0.46154262164913157, 0.44473931739333444, 0.43933043293852025, 0.4256268868607188, 0.41667276601154335, 0.45116049315405904, 0.45271550040081066, 0.44983078799550497, 0.4484786146847659, 0.43482815762045524, 0.43537245387280427, 0.43249368438960384, 0.42463064501209863, 0.45608792962535977, 0.4562006986566952, 0.4494749697900954], "train_accurs": [], "valid_losses": [2.022776503648077, 1.7750731770481383, 1.782948117171015, 1.7756799651043755, 1.873930464897837, 1.0620743717466081, 1.038934306374618, 0.8904540560075215, 0.8900522994143623, 0.7852251550980976, 0.7618833019265107, 0.7473838371889931, 0.7941341144698006, 0.6780115381947586, 0.6744096939052854, 0.6912114513771874, 0.6432592038597379, 0.6901475244334766, 0.6876773397837367, 0.6729593479207584, 0.7138050730739322, 0.6113902734858649, 0.6542325296572277, 0.6843346634081432, 0.5589668867843491, 0.6302727886608669, 0.5322040367339339, 0.4381602108478546, 0.45195123872586657, 0.5307157108826297, 0.5640351612653051, 0.4895060418971947, 0.4559865801462105, 0.41003124469092916, 0.37955858718071667, 0.47131132440907614, 0.4347562752664089, 0.4430248024208205, 0.4266111095036779, 0.46176018033708843, 0.31464080086776186, 0.3612000516482762, 0.44213940149971415, 0.38668568219457355, 0.4069828859397343, 0.4276091584137508, 0.39399854998503414, 0.3796031517641885, 0.3796640011881079, 0.39819764505539623, 0.4335039332509041, 0.42479001890335766, 0.4190375325935228, 0.4385609855609281, 0.44403776845761705, 0.418627638901983, 0.4531887322664261, 0.41794673992054804, 0.48146022270832745, 0.45710959658026695, 0.49555196559854914], "valid_accurs": []}