{"train_losses": [0.5225917698529662, 0.46095245985915423, 0.3705704728210414, 0.19359591692962028, 0.15738413630733414, 0.1907656124581105, 0.17158791031589898, 0.15398887025497893, 0.1917732281107751, 0.16073859106532482, 0.174367879817962, 0.18289533573838454, 0.162533586012032, 0.19301074106620733, 0.17451945188696738, 0.17073146830357255, 0.19505146830761558, 0.16769620775190927, 0.19913432013893884, 0.20900085948841282, 0.1892420453113065], "train_accurs": [], "valid_losses": [0.19194659404456615, 0.218914980334895, 0.23467114833848818, 0.22717328343008245, 0.23442648564066207, 0.2945365458726883, 0.28177898802927565, 0.333828848653606, 0.31096518305795534, 0.3202137305800404, 0.3701852621244533, 0.3818850903106587, 0.37681722215243746, 0.4177012635128839, 0.40331591346434187, 0.4093169897262539, 0.43977868450539453, 0.42865765414067675, 0.5070920959115028, 0.48772489918129786, 0.4727254089500223], "valid_accurs": []}