{"train_losses": [0.4304066926792816, 0.3473285800880856, 0.29548907530292, 0.21460327714996993, 0.21289985875288645, 0.22040467025347488, 0.2228517687273404, 0.22268220904485259, 0.22581628753394678, 0.2258697626767335, 0.22669054757034968, 0.22794917079979782, 0.22789808315417123, 0.22848166282924395, 0.22860595438057785, 0.22916296642845269, 0.2340048381063358, 0.23397754580176697, 0.23495710601724645, 0.23551685775004366, 0.23554973351576972], "train_accurs": [], "valid_losses": [0.13919070376349346, 0.15560943633317947, 0.19364562178296701, 0.19589644564049585, 0.20173947832414083, 0.21142873034945556, 0.19471641576715878, 0.22190248939607823, 0.20511886025113718, 0.20121328266603605, 0.21271486101405962, 0.2038132952792304, 0.224857431437288, 0.2017993384173938, 0.18932216401611054, 0.20226035746080534, 0.21249156152563436, 0.18639795641813958, 0.1942524920616831, 0.19718628696032933, 0.21319880682442868], "valid_accurs": []}