{"train_losses": [106.52500317347283, 0.6313583803335753, 0.012101013642183729, 12.524397599822693, 3.3826631963847213, 6.395222209697396, 6.1165124825223, 14.089252641837522, 6.1275773684902965, 0.3328829270838107, 25.812825306027925, 0.05854719702778089, 0.01793512195133819, 6.911053042450068, 0.04309066707622344, 28.160833267823737, 0.03802703681288127, 0.038396665702123044, 3.493567778459198, 222.6909723096818, 4.622246757377259, 0.05769058925887713, 3.81329223611371], "train_accurs": [], "valid_losses": [0.00881600845605135, 0.00886445477954112, 0.008548965261849974, 0.009231963984867824, 6.049545994826725, 6.0527640410832, 6.1110455223492215, 6.088234509740557, 6.062816262245178, 0.016631388138713583, 0.02904325756909592, 0.019028522207268646, 0.01591144214450781, 0.03933396147164915, 0.038882349584517736, 0.038921396913272996, 0.03895010948846383, 0.03903808052252446, 0.0927281342446804, 19.540542159761703, 0.04836872269931648, 0.044295791669615676, 0.04372692773384707], "valid_accurs": []}