{"train_losses": [0.1004384908155001, 0.0953460205050688, 0.11984493873185581, 0.16469653547992782, 0.15977929871549051, 0.20985342386774916, 0.22783926933530776, 0.22680506841452033, 0.281514791899888, 0.26996292378851977, 0.28580122464706026, 0.3127373361161777, 0.2991932216420691, 0.3662090518920825, 0.3669463443968977, 0.352263462113798, 0.3783641048169956, 0.349719019143512, 0.3597642436189942, 0.3701035509664546, 0.33983956348328365], "train_accurs": [], "valid_losses": [0.07187675578253609, 0.07365807398621525, 0.12972682062536478, 0.13291718451572315, 0.1414207282609173, 0.19673949666321278, 0.25062606536916326, 0.31181606703570913, 0.25054243073931765, 0.23691949993371964, 0.2939822343843324, 0.3008881581148931, 0.3264697231352329, 0.42983230842011316, 0.35792566356914385, 0.36423968204430174, 0.4148690125771931, 0.3810718799276011, 0.43361387348600794, 0.4296273264501776, 0.37586096301674843], "valid_accurs": []}