{"train_losses": [4.110618938957404, 3.5336295644082636, 3.3185881478754102, 3.159270378529216, 1.7912460492241167, 0.34151570731563263, 0.30628591775894165, 0.28040088074307096, 0.26543653366994535, 0.14099120801289428, 0.1240104126503767, 0.11360310108666372, 0.10684251943729582, 0.10229444676984893, 0.09888796083949405, 0.09053664128148582, 0.08610036573478135, 0.08170465237515814, 0.08765015112261428, 0.08074042869403082, 0.07595231083782213, 0.07294279324286933, 0.07426409239193837, 0.07268698426275366, 0.06754499286354194, 0.06512510810864929, 0.0622312390662696, 0.07220423999516402, 0.06715119301817671, 0.06381515860009719], "train_accurs": [], "valid_losses": [3.229369891541345, 3.121661352259772, 3.396699083702905, 3.2045629109655107, 0.24719434171648963, 0.23984404932707548, 0.27065012524170534, 0.23625140763553126, 0.2542140290274152, 0.10541450485054936, 0.10589013401685017, 0.1101071581776653, 0.11241054588130542, 0.11252377248768296, 0.11322856388453927, 0.12246160289006573, 0.11797541905460614, 0.11909257021865674, 0.12856667581945658, 0.12957453248756273, 0.12464744724067194, 0.12856348164911782, 0.1471591228619218, 0.14381232857704163, 0.13247734494507313, 0.14056449010968208, 0.14071866790098803, 0.13645928978387797, 0.13952310729239667, 0.15426178981683084], "valid_accurs": []}