{"train_losses": [5.663013078311764, 5.225401036007694, 4.102180006327452, 1.7050530331790763, 1.7071784005830528, 0.5508894260834765, 0.06284358279493751, 0.06881687797054097, 0.1433850428848355, 0.14311714237802242, 0.15860495373370156, 0.18335038076632867, 0.1818842737487069, 0.20659853646127635, 0.22074518938149726, 0.2158799613357852, 0.18929374661474002, 0.18765533591310182, 0.2013914062587357, 0.21457355319665222, 0.2123904795282417, 0.19300647917642164, 0.18970959337930832, 0.19296954225295435, 0.21510609507403045, 0.21460778506659955], "train_accurs": [], "valid_losses": [5.3050253093242645, 4.332011789083481, 0.3497386353888682, 0.35451436925879015, 0.3489311835063355, 0.036468975545306294, 0.05366715682404382, 0.08294414841969099, 0.0930523495855076, 0.11115566707615342, 0.2530494106135198, 0.10424729543072837, 0.14127664667155063, 0.14928797978375638, 0.13865405387644256, 0.19300517226968492, 0.16790250529135978, 0.15811853909066745, 0.27352570848805563, 0.1342911036419017, 0.16465780245406286, 0.18823167947786196, 0.19189786165952682, 0.14323658642492124, 0.13484129668878658, 0.23486230282911233], "valid_accurs": []}