{"train_losses": [8.823288125966592, 8.843673837878717, 7.943989308422835, 6.24557561470718, 6.247430132179664, 2.5729277929458667, 1.0334969152691502, 0.9617147565715842, 0.12789278536315554, 0.12935017770718013, 0.13177158060685668, 0.13216994708729168, 0.1319605970370864, 0.2002860594481703, 0.21366015447195244, 0.21133197717881078, 0.18747889055382638, 0.1866533543185267, 0.20576411105258754, 0.22397255974393043, 0.21918167532594116, 0.21927855465383755, 0.22561329289797752, 0.22100783285325165, 0.22836543595980083, 0.2217495574088639, 0.33183348506058336, 0.4249640628695488, 0.41708714692365556], "train_accurs": [], "valid_losses": [8.745969091142927, 10.709741592407227, 4.0992275178432465, 3.5892968688692366, 6.849431889397757, 0.8946820082409042, 0.7080556941883904, 0.08217110271964755, 0.05614624115904527, 0.11221917625516653, 0.13705460407904216, 0.19251782793019498, 0.15237394613879068, 0.21322330672826087, 0.1353160407660263, 0.27118423315031187, 0.13317675156784908, 0.17901416921189853, 0.09326391081724848, 0.2464844717511109, 0.09317285015380808, 0.13418378188673938, 0.24374755684818541, 0.1110032263344952, 0.12382721076054233, 0.11856341322085687, 0.16017902669097697, 0.36457914486527443, 0.49923352311764446], "valid_accurs": []}