{"train_losses": [0.09263400700600709, 0.06888007361239573, 0.06836784140910633, 0.06920516840287598, 0.05477227498587575, 0.0417366545200685, 0.04148333517590125, 0.04163560699418659, 0.04163393080740223, 0.04472533305811936, 0.045267882445043296, 0.04499513224795528, 0.04485167544840822, 0.04603312537495502, 0.04736787601209739, 0.04700296850057479, 0.04705182804275152, 0.04729097885631733, 0.04218344186007032, 0.041840785536999346, 0.04171670422514235, 0.04160628329996205], "train_accurs": [], "valid_losses": [0.03305148285081876, 0.0327410474752209, 0.040060399865199416, 0.03278857048800481, 0.0421103455924562, 0.04177002618754549, 0.04177733008483691, 0.04176243950080659, 0.04357352566772273, 0.04543935640582016, 0.046904707460531166, 0.04630892680558775, 0.04516780170212899, 0.048439068786267726, 0.047659538353660276, 0.04993811549086656, 0.047428274959591885, 0.04871475803000586, 0.04202141586158957, 0.04240752853054021, 0.04210455452890268, 0.04214999758239303], "valid_accurs": []}