{"train_losses": [0.15106137117109686, 0.1425853127200679, 0.1393548693356201, 0.13816967604858843, 0.09805719946759724, 0.05270385121867668, 0.052454838925357315, 0.05235690725082321, 0.052269189639598534, 0.047483345072261346, 0.04707478322257284, 0.047037755387805705, 0.04706853946325331, 0.046623450269863614, 0.046036341480438794, 0.045870293934757896, 0.04591044249662042, 0.04591366150142515, 0.04588347000841102, 0.04588118108722689, 0.04592600315219272, 0.04577281827958326, 0.0459759401798046, 0.046454323822320585, 0.04653803115011071, 0.04644932466816174, 0.04643266088417752, 0.047001746116517897, 0.04704226699670381, 0.047019225364019965, 0.047026412489895635, 0.04678000574215101, 0.04648013976802923, 0.04644058719783077, 0.04641408801112509, 0.04637294300574792, 0.04683086685246337, 0.04703285880555395], "train_accurs": [], "valid_losses": [0.1446188525961978, 0.13993519571210658, 0.13756273513925926, 0.1369893799668976, 0.054012103172551305, 0.053867248219570944, 0.0537816047601934, 0.0538116904042129, 0.05364786700478622, 0.048463912847052724, 0.04843999232564654, 0.04842036520130932, 0.04835136863403022, 0.047471457560147555, 0.04743833231207516, 0.047434464429638216, 0.04745192839098828, 0.04738899676262268, 0.04741226549127272, 0.047401545669085214, 0.04744733793527952, 0.04745000238264246, 0.04814653288173888, 0.048122615553438663, 0.04812743681083832, 0.04810059183676328, 0.04808791477366218, 0.04883706313557923, 0.048820700529696684, 0.04881933088680463, 0.04879344969854823, 0.04826395848899016, 0.048252488819084, 0.048267557651602795, 0.048233110956581574, 0.04824560511458133, 0.048929691913404634, 0.04890601316999112], "valid_accurs": []}