{"train_losses": [0.095206007066423, 0.09258185754787193, 0.09036619618231624, 0.0893514846110236, 0.0696302914182862, 0.04886959347351374, 0.048713908438060886, 0.04833678440169781, 0.04818106453225219, 0.04511211371276848, 0.044880809574240475, 0.04465565527051822, 0.04477682960434602, 0.044437414814814995, 0.044284796173688516, 0.044202013191981956, 0.04422919357793903, 0.0441141101063916, 0.04422201603920751, 0.044179820877023684, 0.044227898578113156, 0.04409766047181587, 0.044027500815386145, 0.04386579941924476, 0.04395674142514554, 0.04379953827489825, 0.043761595763367224, 0.04370302074837469, 0.04374055472956928, 0.043676682337022876, 0.04366561904027046, 0.04365290605728578, 0.04371661535670719, 0.043637483292238204, 0.043585925649565, 0.043691492247568, 0.043479905446898615, 0.043595767891818314, 0.04355452755019406, 0.04346762005475716, 0.043564932281783535, 0.043455371468820995, 0.04341869225211408, 0.04340498364315583, 0.04345219715907158, 0.043638749709732125, 0.04364310416532048, 0.04370649971017336, 0.04361483838190051, 0.04361813436409804, 0.04385846039929271, 0.04386759141873046, 0.0439097053114308, 0.0438973986674353, 0.04397225122039135, 0.0440807925975498, 0.04396355245683797, 0.043953654217234565, 0.04397813438930932, 0.04395383318709167, 0.04397851744944828, 0.0440412866398355, 0.04399535614086897, 0.04396803930351233, 0.0438241596118762], "train_accurs": [], "valid_losses": [0.08971737032490117, 0.08827220176213554, 0.0871040556313736, 0.08586435572111181, 0.05062607253369476, 0.05027824364203427, 0.04993290304472404, 0.04970793196532343, 0.049328848087627976, 0.0461705942039511, 0.04601657031370061, 0.045886103296652436, 0.04576604311088366, 0.04545378605169909, 0.0453409518980022, 0.045288736067180126, 0.04522891069895455, 0.04513351077080837, 0.04529999076787915, 0.04526736294584615, 0.045197141489812305, 0.04517888104809182, 0.04499459792194622, 0.044952282515753596, 0.04491149607513632, 0.044911895878612995, 0.04490454115771821, 0.04482128657400608, 0.04476810712367296, 0.044752325230677216, 0.044773882654096396, 0.04474329336413315, 0.044740178455997794, 0.04469770319493754, 0.04469003558291921, 0.04467464690761907, 0.04467760019802621, 0.04469180762368653, 0.04467686754651368, 0.04466535756364465, 0.04459287093154022, 0.044585507862003784, 0.044589015522173474, 0.044589356785374026, 0.04457541362249425, 0.044746837013268044, 0.04473813250660896, 0.04473650808046971, 0.044750430854037404, 0.045031732912840586, 0.04501277654032622, 0.04498752934991249, 0.045000443600916436, 0.04499260186483817, 0.045178958314603994, 0.045151187073705454, 0.04515191959217191, 0.045138358105240126, 0.04518955330630498, 0.045163732554231374, 0.045159170703430264, 0.045160788244434764, 0.04515634706643011, 0.0450293580070138, 0.045038922024624686], "valid_accurs": []}