{"train_losses": [0.301091707454472, 0.28812472492692964, 0.23742343961364692, 0.13153501476836268, 0.1304762446415172, 0.16597766313879264, 0.17927212985577407, 0.18160029080888582, 0.20955811553294695, 0.20987249538302422, 0.21712085939746686, 0.22852006128856114, 0.22820765018541977, 0.2366732904914195, 0.23834190588621867, 0.2389125876404621, 0.244486083449037, 0.24446314953701206, 0.24791814201565646, 0.25145959160315295, 0.2506107263188198], "train_accurs": [], "valid_losses": [0.051268840208649635, 0.05187228687905839, 0.10184171343488353, 0.10948432037340743, 0.10933469169374023, 0.1562724696206195, 0.15868231946868555, 0.17311920119183405, 0.1867399692003216, 0.1881512294390372, 0.20565255119332246, 0.2062595622347934, 0.20571017185492174, 0.2183743499751602, 0.21605647222271987, 0.22245372592338494, 0.22245782081569945, 0.22560287160532816, 0.23075077310204506, 0.2327695366527353, 0.22824630300913537], "valid_accurs": []}