{"train_losses": [0.03598341995605786, 0.012304238866534235, 0.011559110566261499, 0.01118535654065178, 0.024751922601888722, 0.03819891792717832, 0.03773237557921609, 0.037429317153518285, 0.03716093453903139, 0.04471319881836753, 0.044982380060925746, 0.04495541066588724, 0.04485530923310313, 0.04531472968569708, 0.04607955196543651, 0.04595445829329852, 0.045868190447905216, 0.04576965489707112, 0.04582187208047819, 0.04579718384419766, 0.04573655038296637, 0.04561033665004494, 0.04562208570573664, 0.04544209479881088], "train_accurs": [], "valid_losses": [0.010183295185145522, 0.009283129882533103, 0.00881590141216293, 0.008579738650171618, 0.040484217062060325, 0.03908476456334548, 0.03873272466340235, 0.038472844853198955, 0.03824420413002372, 0.0464967787931008, 0.04636149131692946, 0.04623922545995031, 0.04610787298796432, 0.04744826955720782, 0.047325132082083395, 0.04722117163640048, 0.04710282162497086, 0.04699410983760442, 0.047040292993187904, 0.046939771389588714, 0.0468492805625179, 0.04677799956074783, 0.04658109588282449, 0.04650609491259924], "valid_accurs": []}