{"train_losses": [0.1403407457545794, 0.13057283660958682, 0.14299071468807087, 0.16894772047640155, 0.16772159023417366, 0.2016807114163404, 0.21481064602574973, 0.21650341975073967, 0.2438353407122786, 0.24308753242252995, 0.25344580644495274, 0.26833905054936336, 0.2674312390899532, 0.2770747496258645, 0.2792582236939952, 0.2797708189085362, 0.288881368816845, 0.2889765111148042, 0.29274173940300313, 0.2983417519856067, 0.297577341161077], "train_accurs": [], "valid_losses": [0.07590876020757216, 0.07664369405912501, 0.13453516643494368, 0.13978655383523023, 0.137222707404622, 0.17958918054189002, 0.1916624986167465, 0.20311277812080725, 0.20749880506524018, 0.21979925063039576, 0.2300419235335929, 0.22849594056606293, 0.2251143522028412, 0.23962111212313175, 0.24723665176757745, 0.25543361183788094, 0.2575286006821053, 0.25167462921568323, 0.26589590976280825, 0.2604251591754811, 0.26733637335044996], "valid_accurs": []}