{"train_losses": [8.260957736975302, 8.247796008195827, 7.053410926823894, 4.810127033443047, 4.821468848400015, 2.6701535809607733, 1.757877368775625, 1.69375788317944, 0.5145652176289962, 0.5200094764352475, 0.36338074115060626, 0.1140594710768373, 0.12202958596091737, 0.09693974501418846, 0.09516994624088208, 0.09223930551005262, 0.10394504598327099, 0.10141249173000534, 0.1077466766502728, 0.10881967337003776, 0.10776498071139767, 0.3007328109027296, 0.32953923091134696, 0.33328009176033513, 0.42042717306071486, 0.4119880579845615, 0.3985537465011317, 0.3730538989658709, 0.37219764410503325, 0.4739207753113338, 0.4922480979766795, 0.4478832260759735, 0.3030975878278099, 0.3211166301850604, 0.36182268777931176, 0.39482911589442105], "train_accurs": [], "valid_losses": [6.165870990071978, 8.337279285703387, 3.0950116089412143, 3.770387130124228, 3.4865767572607314, 1.6461707672902517, 1.8927837439945765, 0.18719509882586344, 0.18093485331961087, 0.1334414802757757, 0.09759919930781637, 0.18546587894005434, 0.27464490942656994, 0.1459409450846059, 0.3302846322102206, 0.017470204770298942, 0.15374128360833442, 0.018436669463491335, 0.22750986314245633, 0.03292674172137465, 0.044778839485453706, 0.1951626855880022, 0.15015137634639228, 0.8194733911326954, 0.47553092507379396, 0.23816761081772192, 0.1681652061109032, 0.138789235348148, 0.303315842790263, 0.298842833510467, 0.9059141065393176, 0.08512809812756521, 0.10218284345631089, 0.37704338292990414, 0.16504702770284244, 0.12250096803264958], "valid_accurs": []}