{"train_losses": [0.3820214078185104, 0.36150999388918675, 0.28086136731875955, 0.12848666848407853, 0.10357954836987629, 0.1389552665204204, 0.13268181741750115, 0.12173881282211926, 0.15262617303856782, 0.13157366575653512, 0.15126560122839042, 0.16555989714014152, 0.14419392911254098, 0.1711454212704979, 0.15419974562431138, 0.14944414391364685, 0.17498415380361534, 0.1535830531052496, 0.18088331367209476, 0.18329963503927782, 0.17192779658805757], "train_accurs": [], "valid_losses": [0.09037458444280284, 0.09588312903153044, 0.1830555543835674, 0.15866114039506232, 0.1633919563942722, 0.2597159416015659, 0.23997705137091024, 0.3135825517986502, 0.27921162119933535, 0.27605874916272505, 0.32276639714837074, 0.33951335081032347, 0.30234419660908834, 0.3642168146158968, 0.3489699326455593, 0.450287430946316, 0.3743763730994293, 0.3908871728926897, 0.49458968745810644, 0.44207038783601355, 0.4655943401157856], "valid_accurs": []}