{"train_losses": [0.3145888361232306, 0.29569150629655394, 0.2511557491210403, 0.18010012708880282, 0.17738004541270946, 0.2092282474040985, 0.22078853549938354, 0.22244216320375917, 0.26128104717406647, 0.26089915934772717, 0.27100199711307016, 0.2874747694878982, 0.287238625464616, 0.31600720064822957, 0.3243886459441412, 0.3256866356761998, 0.3457933645005579, 0.34423382493553967, 0.34111880097124314, 0.33524159034566275, 0.33418113241593045, 0.3668403084237109], "train_accurs": [], "valid_losses": [0.09430804955107826, 0.09407679763223444, 0.13283006500984942, 0.13267844995217665, 0.13904892639922245, 0.17369285252477443, 0.1687176264822483, 0.20447771969650472, 0.23914847070617334, 0.22645547799766064, 0.21975544760269777, 0.22826457156666688, 0.2446590763117586, 0.23580359002309187, 0.2436018612767969, 0.268936406022736, 0.2809328678995371, 0.33260938259107725, 0.2624592687934637, 0.22665744807038987, 0.2736743177686419, 0.3232191316783428], "valid_accurs": []}