{"train_losses": [0.580555815300251, 0.49880507224285764, 0.475040724509442, 0.446203965002595, 0.29421896588613544, 0.14948858285314356, 0.13926192687411384, 0.12843771021796296, 0.12230269947169323, 0.09380972013298877, 0.08533851611449034, 0.08102129900836433, 0.07800869355020346, 0.07400657588034464, 0.0726129083822553, 0.06745056657129014, 0.06424716061478422, 0.06292014372244276, 0.083648435109847, 0.08049072722622037, 0.07638788492128051, 0.07164573253077619, 0.07220815376871649, 0.07023878908416939, 0.06385685990425459, 0.060205979106265094, 0.05672842560428704, 0.07365186976656588, 0.06965952556226318, 0.0648549369987252, 0.05984760827397532, 0.06110356159811645, 0.06775247736315651, 0.06009481540286905], "train_accurs": [], "valid_losses": [0.5102289138095719, 0.5012614934572152, 0.5098442089344773, 0.5200682479356017, 0.15432383080146142, 0.15502238559669682, 0.14930899634159037, 0.16317892779729196, 0.1483303088960903, 0.10906996883984123, 0.1163471613877586, 0.10758736995714051, 0.11826390866190195, 0.10698944296953934, 0.11275402017469917, 0.11353534060929503, 0.11286136760775532, 0.10884889075532556, 0.15395702195486852, 0.15966444169836386, 0.16577132937631436, 0.18102338298090867, 0.17636974954179355, 0.18432261142879725, 0.18195725970768503, 0.1892072347524975, 0.17535648308694363, 0.19545193535408803, 0.18941434818719113, 0.1885872714753662, 0.1945773850062064, 0.224777428300253, 0.20416221302002668, 0.21892742346972227], "valid_accurs": []}