{"train_losses": [3.02417008464153, 2.390686316727513, 2.3923012695161465, 2.390958480705503, 1.302995101583498, 0.041764537467751904, 0.04010347003323696, 0.04337508740678969, 0.04505538625634229, 0.1029942252913414, 0.10518274121660723, 0.10484548535079978, 0.10853127976753053, 0.13973859997626342, 0.1897870702879731, 0.19045655195057662, 0.186934288119164, 0.18569700237852416, 0.18557455360350025, 0.18342352392177236, 0.1729734844414357, 0.17679799052284045, 0.13161995694698655, 0.06326725199076924, 0.06374492132151288, 0.0682055542953481, 0.06396973119180531], "train_accurs": [], "valid_losses": [2.5085570897374834, 2.432246344430106, 2.373899702514921, 2.4099983147212436, 0.06147012932758246, 0.060801907908171415, 0.013319518234181617, 0.015255038526707463, 0.036497157998383045, 0.11435582834695067, 0.09721283321934086, 0.141442698958729, 0.13496898021548986, 0.14361975302121469, 0.14327624599848474, 0.14049907946693047, 0.1520332135260105, 0.16720203975481646, 0.1287254079111985, 0.15852927509695292, 0.17136503064206668, 0.12855228715177094, 0.02685167292864727, 0.12525247117238386, 0.044392613627548726, 0.07392609857821039, 0.03791613115130791], "valid_accurs": []}