{"train_losses": [2.264888637280338, 0.9387194623076727, 0.7729175447944611, 0.5501673045770201, 0.4927254439425216, 0.404919192431465, 0.3327122865412286, 0.3225531904076142, 0.32251324724386293, 0.297152505290729, 0.30396804130739635, 0.30071652804811794, 0.2839926697274365, 80.99719663616763, 0.3087992669334487, 0.26002819071371086, 0.2316839932291596, 0.23480398572547725, 0.21290603004120015, 0.19450538914906915, 0.18676476174640277, 0.23296446526649767, 0.2937699800367078, 0.3470283906374659, 0.31491364205561617, 0.4532816420905489, 240.4547391364538, 0.2084704658223523, 0.21222964711684397, 0.2579906166151718, 0.2602341024490891, 0.2731212956052293, 0.3518690393360519, 1.0122661538540372, 0.27962985414045827, 0.8864624331749621, 0.2553586332649781, 0.23780662020441717, 798.5958793091356, 19.17384368086618, 6.391207153834994, 9.771999176217134, 6.950684660641604, 3.105290252222586, 2.9266489625923215, 1.4555480823157325], "train_accurs": [], "valid_losses": [0.7179573933993068, 0.9514194844024522, 0.37609708309173584, 0.4673430153301784, 0.39804763639611856, 0.25441855005919933, 0.3232653721102646, 0.29835326304393156, 0.26679650800568716, 0.3229235636868647, 0.2871373157416071, 0.2887712786240237, 0.30691880812602385, 0.17706011129277094, 0.16065918108714478, 0.19825325081390993, 0.17278556445879595, 0.17512011022440024, 0.18825446282114303, 0.18028086689966066, 0.36556555117879597, 0.2119373564741441, 0.20345370205385344, 0.14880021861089127, 0.154758556080716, 0.14876007408435857, 0.15819906975541795, 0.15536054330212729, 0.1559025054531438, 0.1805769143892186, 0.20740034936794213, 0.19772970942514284, 0.1685270858662469, 0.16862432924764498, 0.1787387699420963, 0.17100622824260167, 0.1811899369848626, 0.19354693751249993, 27.378792456218175, 3.808239404644285, 3.341734026159559, 3.190748291356223, 2.5453782698937824, 2.1068804072482243, 0.9706679231354168, 0.9399027675390244], "valid_accurs": []}