{"train_losses": [0.7802708484823742, 0.7570527121030465, 0.706467343898362, 0.6302058639980498, 0.6134459867127358, 0.5518676814026934, 0.5229495161424869, 0.514819268748243, 0.4594502307908245, 0.45617950875213537, 0.4409986274346473, 0.4192817837551788, 0.4159597299165196, 0.40275605357986277, 0.39638356229773275, 0.39556594910445037, 0.3825695144515189, 0.3868926017688065, 0.3812855843198362, 0.37604055770490535, 0.37773508302591463, 0.3734703455810194, 0.37183907271298783, 0.3710541891909781, 0.36912366929193025, 0.3688738638604129, 0.36793659651090227, 0.3682316801062337, 0.36679863850906413, 0.36499821134502924, 0.3676139381985185, 0.36308981151019454, 0.36213418569356676, 0.3646880829775775, 0.36329782419103795, 0.36515295154676236, 0.36057852267745943, 0.36263430552192466, 0.3588899498184522, 0.3592658297567771, 0.35813387863771623, 0.35964843311480116, 0.3582675363572817, 0.35906857535952613, 0.3589144330373201, 0.3584577268551266, 0.3606105755482401, 0.35809919496298465, 0.3568481457611871, 0.3543305114778892, 0.35604158804687874, 0.352896702352655, 0.35268661639993154], "train_accurs": [], "valid_losses": [0.8895412225808416, 0.8016612912927356, 0.6840371670467513, 0.6001003746475492, 0.5398872452122825, 0.4420548123972757, 0.39187303877302576, 0.33790827436106546, 0.3006023205816746, 0.2778567948511669, 0.24677815953535692, 0.23110195355755941, 0.2219873789165701, 0.2043076612587486, 0.19740206269281252, 0.18977124829377448, 0.18483277862625463, 0.18183742330542632, 0.17719333512442453, 0.1745874062180519, 0.1736947718475546, 0.1705521454236337, 0.16943661655698503, 0.16875507230205194, 0.16813288708882673, 0.16760435088404588, 0.16721891132848604, 0.1670362228261573, 0.16754127267215932, 0.16711916880948202, 0.1677670686372689, 0.1667495138411011, 0.16613289367939746, 0.16646834755582468, 0.16717699329767907, 0.16672031528183393, 0.16632534563541412, 0.16667147832257406, 0.16636327095329762, 0.16707140526601247, 0.16713600951646054, 0.16752709607992852, 0.16831006668508053, 0.16891462063150747, 0.16873260800327575, 0.16777998581528664, 0.16769417668027536, 0.168419088902218, 0.16844087333551475, 0.16817711293697357, 0.16805406979152135, 0.16780373374266283, 0.16828671842813492], "valid_accurs": []}