{"train_losses": [1.271375328696594, 1.0149363071593658, 0.8584441768508109, 0.6107042338009234, 0.5186028121009706, 0.5440412005261769, 0.4589145204456395, 0.4011909729510388, 0.3994973776517091, 0.3086848553841707, 0.31991562909550136, 0.29193154508592906, 0.23782750520677792, 0.30533797850723937, 0.24282647339163949, 0.22418186999857426, 0.26094974265015, 0.19583001244005072, 0.22723473370981911, 0.197109978498211, 0.15785762216284793, 0.21747908291835633, 0.1631746976611712, 0.16162646911230194, 0.1791734508480187, 0.13219409891300732, 0.16583440780994438, 0.13990112716854408, 0.1158978953445084, 0.17109268496217078, 0.12328615353477222, 0.1314012318425787, 0.14376389486567367, 0.10959521431732115, 0.13869432547676658, 0.11633723329693552, 0.09776931905517817, 0.13925123717340213], "train_accurs": [], "valid_losses": [0.9273107850125858, 0.8197649866342545, 0.6490407862833568, 0.6336908877960273, 0.6205737196973392, 0.617225416536842, 0.5781317885432925, 0.6107352764478752, 0.5235818193427154, 0.500966743699142, 0.5341483202895948, 0.4982052136744772, 0.4846830229674067, 0.5068662283676011, 0.492087579199246, 0.49487573014838354, 0.4889694111687796, 0.4632033700389521, 0.49557739230138914, 0.4745763641382967, 0.49467149110777037, 0.5124518546674933, 0.48468767585498945, 0.47562374068158014, 0.4883989074400493, 0.4702955521643162, 0.4984293947262423, 0.4834902377000877, 0.48624856237854275, 0.5359110715133804, 0.5319031551480293, 0.5514633384134088, 0.5425124551568713, 0.5253167466393539, 0.5160598289221525, 0.4807869903743267, 0.5315477177500725, 0.5462835761053222], "valid_accurs": []}