{"train_losses": [0.05147217007193765, 0.04966508419088581, 0.048830830272944534, 0.04745259188638149, 0.04640106051502859, 0.0450585712531236, 0.04485181518893571, 0.04488981845978293, 0.044906255228621926, 0.04814507844710377, 0.0482909093859576, 0.04825545846573098, 0.0482063654902901, 0.04851431744721006, 0.04882300576001271, 0.048762934838687134, 0.048871117361665314, 0.04872270070050097, 0.05072596999163406, 0.05078102628451801, 0.05068627770197877, 0.05033531327778263, 0.04898130017589795, 0.04716661164528644], "train_accurs": [], "valid_losses": [0.042490381414869, 0.041181683872959444, 0.04060163249128631, 0.04017758063439812, 0.04665284480766526, 0.04655739994320486, 0.04650724635991667, 0.04639583410296057, 0.0463339978429888, 0.04994320373849145, 0.04986516625753471, 0.049837842384087186, 0.049768160396654694, 0.05044043616258672, 0.05041068562838648, 0.050395290999274166, 0.05033133375192327, 0.05031821357884577, 0.05247987234698875, 0.052367097731413584, 0.0521313427016139, 0.05181312431315226, 0.0485698815235602, 0.04834196403888719], "valid_accurs": []}