{"train_losses": [1.4942880838951738, 1.1737489315567824, 0.8370750978510216, 0.35244351432279303, 0.3262117225184012, 0.2646711556014245, 0.24006925822881164, 0.23386855356434666, 0.22727670366801914, 0.22513756727573103, 0.22531563483139194, 0.22660666292227766, 0.22606450153721702, 0.22983594191452814, 0.23062582737790843, 0.23023496820497766, 0.23161736262774973, 0.23161888682337664, 0.23100530844989908, 0.2304281799526757, 0.23023342552087295, 0.2306008385445075, 0.23089912360307402, 0.2309369614554776], "train_accurs": [], "valid_losses": [0.4253193086811474, 0.3665171079337597, 0.17881887406110764, 0.17783831166369574, 0.17987023613282613, 0.17848374215619905, 0.1813586340951068, 0.1779874230601958, 0.183158686916743, 0.18509082309901714, 0.1936869171581098, 0.19367721623608045, 0.19448879840118544, 0.19817139261535235, 0.20004176907241344, 0.2035111313951867, 0.20305369927414826, 0.20454111801726477, 0.20534177204327925, 0.2041554150304624, 0.2032305712678603, 0.20474411121436528, 0.2095176236970084, 0.20632434450089931], "valid_accurs": []}