{"train_losses": [2.4486667442101018, 1.9801296452996593, 1.8828390332126113, 1.877728402929962, 1.8758078696866516, 1.7968810421449166, 1.6866270150772478, 1.6349982466331865, 1.4736259884777523, 1.385746988512221, 1.3448233728213286, 1.2276999526238315, 1.1834510364150874, 1.0551591059045187, 0.9838977598008656, 0.940186856836869, 0.7453907473535134, 0.7342535243936317, 0.708733011214506, 0.6738056879904535, 0.6680903098885975, 0.6698879189197979, 0.6505311396386888, 0.6571864552756466, 0.6915789286374415, 0.664953174335616, 0.6468384705838703, 0.6109370000699841, 0.595929604989511, 0.6094011470438943, 0.5970613822814018, 0.6012936031061505, 0.6305646696891735, 0.6156346864958919, 0.6556013025855892, 0.6726413587965663, 0.666017859504021, 0.6860147208054229, 0.6665961263041017, 0.6785414824804301, 0.6831223534607382, 0.6670651186710943, 0.6779846066126117, 0.6744280442122429, 0.6643683846507754, 0.6500782804593207, 0.6457023797211824, 0.6159018984547368, 0.5670707782424947, 0.5554101836507913, 0.5896380488913526, 0.5931668563021554, 0.5957507543147557, 0.6424414189877333, 0.6270271693824461, 0.6506557251725879, 0.6719753451290584, 0.6561486795544624, 0.6848567040666701, 0.6802215180778629, 0.6759006732276508, 0.7092773859936093, 0.7002808001858217, 0.7240316475194598, 0.76003999479864, 0.75594669966786, 0.6824573015094434, 0.6523551370101001], "train_accurs": [], "valid_losses": [2.0789379264627184, 2.1218728125095367, 1.7584287651947565, 1.8230476443256651, 1.6242416352033615, 1.3975493854710035, 1.4022791971053397, 1.2898241494383131, 0.9799830445221492, 1.0570421889424324, 0.8905342561858041, 0.8711120661880288, 0.7964690982231072, 0.7513423035187381, 0.7154225600617272, 0.6746080783861024, 0.6055846246225494, 0.5562073897038188, 0.6728699329708304, 0.6668041396353926, 0.5662568951291698, 0.6566322531018939, 0.5710620198931012, 0.6248462530119079, 0.6123293106045041, 0.6460514515638351, 0.6640850475856236, 0.7011569908687046, 0.5841453304248196, 0.6158181428909302, 0.5457231679133007, 0.6436214739722865, 0.5818334099437509, 0.5619048587977886, 0.6307820049779755, 0.6867609465760844, 0.5708297863602638, 0.5740527867206505, 0.5773781655090195, 0.678481152015073, 0.6989393505666938, 0.5981681416077274, 0.6666289104947022, 0.6277375322367463, 0.7512259462050029, 0.5700977598982198, 0.6354378195745605, 0.5364355540701321, 0.5630075841077736, 0.5566240474581718, 0.6147617208106178, 0.547227465148483, 0.659565307199955, 0.6814777989472661, 0.6490563047783715, 0.6961456867200988, 0.6578730137220451, 0.6291466733174664, 0.6693916097283363, 0.6358693933912686, 0.6999174649161952, 0.6330272885305541, 0.6269349115235465, 0.696169275790453, 0.6608230652553695, 0.7214649090809482, 0.6798297496778625, 0.6107336676546505], "valid_accurs": []}