{"train_losses": [0.18191325115581986, 0.1709311289919747, 0.14076142948337647, 0.06621543081014086, 0.049782220362907366, 0.08865273448702678, 0.08453220656762521, 0.07416325931994136, 0.12052294043282037, 0.0959159382495773, 0.11201815032178447, 0.12605435380012428, 0.10834931367367663, 0.1456218880832826, 0.12964399578788924, 0.12473219059033211, 0.16273596972503043, 0.136824755949121, 0.16181720588750467, 0.17058850302503853, 0.1455686553455298], "train_accurs": [], "valid_losses": [0.012440928224740284, 0.014356472379794078, 0.08077428463314261, 0.0672717819522534, 0.0681115691550076, 0.1452898540134941, 0.1377631463110447, 0.20770987615521466, 0.21008206185485637, 0.22348118812910148, 0.26208254428846495, 0.2713689035070794, 0.2731736097484827, 0.32738050406000446, 0.30014018767646383, 0.41527504713407587, 0.4300617841737611, 0.4265718311071396, 0.516879321209022, 0.4779634837593351, 0.47319080787045614], "valid_accurs": []}