{"train_losses": [0.08687566079165601, 0.08304694102765209, 0.08230463465111018, 0.08119856282158405, 0.06679003824779081, 0.04925105325051697, 0.04936434613431201, 0.049244470274859696, 0.049250037856062884, 0.04887769535200763, 0.04871529356336297, 0.04878702382156752, 0.048633935014249514, 0.04866101591936334, 0.04850357565691703, 0.04832199264772877, 0.04806846536577961, 0.048116693816809365, 0.04850452443441519, 0.04833300423922177, 0.048128685294503, 0.04808500256574801, 0.047427340650855146, 0.046582141848980574, 0.04638631914940355, 0.046484167194541764, 0.04639331251382828, 0.046108136838512725, 0.04609252352739486, 0.04615347906610005, 0.046095288733686256, 0.04600571263665797, 0.045882612580593625, 0.04574738112931473, 0.045857485156186026, 0.045749410013436465, 0.045785446297293066, 0.04590640150903981, 0.04596472385326796, 0.045931505009835394, 0.04597193681597035, 0.045987886414606105, 0.04594821918637774, 0.04595971409635981, 0.04586619463205607, 0.046038064890756056, 0.04597722949687712, 0.04601588935856771, 0.045959481337356355, 0.04624986508650478, 0.04669479158500471, 0.0467378835981855, 0.046659663930636454, 0.04655668265460169, 0.04715336986071519, 0.047294657479347954], "train_accurs": [], "valid_losses": [0.07773780856015426, 0.07614655692928604, 0.07527682052126952, 0.07455796522221395, 0.05108398421933608, 0.05095504896183099, 0.050885569204443266, 0.050828596277694614, 0.05073785459223602, 0.050497455622202585, 0.05041398184507021, 0.05032229220627674, 0.05030677277993943, 0.05021446051874331, 0.05006952387546854, 0.04993894779389458, 0.04979724204167724, 0.04965984548575112, 0.050019887442301424, 0.0498758082477642, 0.049742226322580664, 0.04956086485513619, 0.048063977056049874, 0.04801933723501861, 0.04794985834243042, 0.04785928635724953, 0.04781678335608116, 0.047617637851674645, 0.04765763143742723, 0.04755461874551007, 0.04751349965642605, 0.04749157422754381, 0.047391345425109775, 0.04736849000411374, 0.047311683684321384, 0.047301560607073564, 0.04756642389111221, 0.04757497569413057, 0.047571839299052954, 0.047528526346598356, 0.047711745336917896, 0.047675367744107335, 0.04769003940080958, 0.04764143487305513, 0.04764878310795341, 0.047788651061377356, 0.04774824895762971, 0.047828944000814645, 0.04773471840391202, 0.048507823675338714, 0.04851627549422639, 0.04848681230630193, 0.04845939706345754, 0.04847097719487335, 0.04915609792806208, 0.049203428639365096], "valid_accurs": []}