{"train_losses": [0.22318016016294087, 0.2142079528913927, 0.22276251258515806, 0.24442183937897127, 0.24125037890262704, 0.27434725671139343, 0.2864498840398574, 0.28634901092481363, 0.31001427694760936, 0.30724191358165137, 0.323483356427421, 0.34757875091342066, 0.345026481009665, 0.38923229273191834, 0.40059124027925824, 0.40717254389846136, 0.4685017768510435, 0.4654899357014863, 0.48538057659826583, 0.5075256872981314, 0.5023909065300826, 0.523370049263119], "train_accurs": [], "valid_losses": [0.17559377955538885, 0.1643953365939004, 0.21525488075401103, 0.18732400132077082, 0.23424451159579412, 0.23887522172714984, 0.2337697667202779, 0.27817447829459396, 0.29015627929142546, 0.27554091278995785, 0.3029838084642376, 0.27996363677084446, 0.2880681934101241, 0.37038041012627737, 0.3793053589761257, 0.5316941131438527, 0.4812172076531819, 0.35680542460509707, 0.4687670458640371, 0.461672485939094, 0.46815292962959837, 0.5022152449403491], "valid_accurs": []}