{"train_losses": [22.121150903572325, 18.777184232867143, 19.61436464452096, 17.76507650565238, 8.936147085180279, 0.02097554975694964, 0.020345499159608087, 0.020150195942070688, 0.019970384313687008, 0.03818296384892313, 0.03797227470204234, 0.0370007464915042, 0.036063627483179934, 0.04096709447596812, 0.04758219905956164, 0.046229653431279626, 0.04570838272554707, 0.04444084018131726, 0.04750484078111152, 0.0464904086824456, 345.8160692526373, 0.045022083446383476, 0.044159477816818796, 0.04261880341866707, 0.042458316913860684, 0.042743513048773975, 0.04316717859071035], "train_accurs": [], "valid_losses": [18.937273042542593, 24.53651056970869, 16.62634950024741, 15.479171105793544, 0.02105187687889806, 0.02057893935125321, 0.020567681357663656, 0.020995923999830017, 0.021002811047115495, 0.0408156370478017, 0.04017603217757174, 0.041593332907983234, 0.04040298308245838, 0.05188236781395972, 0.05054081161506474, 0.05121683079882392, 0.0516601499236588, 0.052734914202509184, 0.056453251146844456, 0.05487667842368994, 0.050215495085077624, 0.05349356039161129, 0.04991099138611129, 0.04820261692761311, 0.04970776695492012, 0.04831676454549389, 0.04373486223630607], "valid_accurs": []}