{"train_losses": [0.4100381023590527, 0.3912293102454256, 0.3363359771944858, 0.24262804035393018, 0.24105902968181503, 0.2458716462607737, 0.24676203566095817, 0.24666067116238452, 0.24958759666514144, 0.24895049627653507, 0.2518639147242226, 0.25574457115202986, 0.25536458919603355, 0.26590261048583125, 0.2690113287951265, 0.26921958563031345, 0.27190973621512216, 0.2712769168158057, 0.27399661809836745, 0.2748314054121101, 0.274478477657472, 0.2800906858155652, 0.28114740377065367, 0.2826209728404012, 0.290577134560971, 0.2901688084282257], "train_accurs": [], "valid_losses": [0.2441649761583124, 0.26037188566156794, 0.22749232633837632, 0.21772949237908637, 0.2149475413773741, 0.2127669541431325, 0.22546273469924927, 0.22892119895134652, 0.23475150976862227, 0.23342081079525606, 0.23746658435889653, 0.2306213001055377, 0.23265299014747143, 0.2603002062865666, 0.24530808627605438, 0.23427523353270122, 0.27147997489997316, 0.24809884306575572, 0.26191167905926704, 0.26389855944684576, 0.2656491513230971, 0.2566274920744555, 0.2597896943667105, 0.2728150960590158, 0.271059657313994, 0.2620064371398517], "valid_accurs": []}