{"train_losses": [0.09649727715187753, 0.07747040001245645, 0.07615642819334478, 0.07627648111365365, 0.06133711310651373, 0.044353988472524, 0.04416510239412073, 0.04390956006725045, 0.04381882279217918, 0.04630159707192112, 0.046563566245172355, 0.04676901068268723, 0.04660579616970876, 0.047058425616152685, 0.04754296979314871, 0.047411541401817386, 0.0475577634097629, 0.04753149645108039, 0.04199579077018467, 0.040830038610120974, 0.04127328627536335, 0.041178545261400315, 0.04095593290782757, 0.04071980766631764, 0.040756595906763594, 0.04068783399273907, 0.04081253125016236, 0.04636619832552127, 0.04730992483573532, 0.047277248540379076, 0.04744581629551644, 0.045621925922810225, 0.04162425954501688, 0.04164721803714382, 0.04192619738737922, 0.04183281461468042, 0.04174070409604462, 0.04163867053976156, 0.041735897329530564, 0.04196894388409896, 0.04317073578360529, 0.04703039726941968, 0.047056151874262285, 0.04708019231880143, 0.04705163168539694, 0.048632996068315, 0.04924463347123085], "train_accurs": [], "valid_losses": [0.06554707066555109, 0.06582649118666138, 0.06546988018921443, 0.06591142853721976, 0.04432968569121191, 0.04514835651830903, 0.04443890967273286, 0.04512152218792055, 0.0442972792578595, 0.047342090435060005, 0.046950287584747584, 0.047797447735709805, 0.04728785060745265, 0.04779948643408716, 0.04932585797671761, 0.04892445482047541, 0.04961981780693999, 0.04919734687012221, 0.04266948409245482, 0.0421856685342001, 0.04224439284631184, 0.04262008740832763, 0.04200869821943343, 0.042472357429297905, 0.04275454015337995, 0.04156262410937676, 0.04116030416584441, 0.04800041309291763, 0.04802539369224438, 0.049619723710098436, 0.04788880994809525, 0.04260725634438651, 0.04333771938191993, 0.04289145754384143, 0.04282889422029257, 0.04233268312444644, 0.0425760922288256, 0.04269607248716056, 0.04289618077954011, 0.042561444154541404, 0.04885514303376632, 0.04996863619557449, 0.047712772485933135, 0.04819801965329264, 0.047775442845055034, 0.05386149251301374, 0.049866718772266595], "valid_accurs": []}