{"train_losses": [0.045591212459313114, 0.04288320701855879, 0.04184909623402815, 0.04151127843093549, 0.0437983248163672, 0.04620045677198274, 0.04618033846814978, 0.046066123832067755, 0.046004217775429, 0.04691246099247517, 0.047040294565058136, 0.04684308897788168, 0.04682744942116657, 0.04759748244649684, 0.04870402084334808, 0.04884045396202425, 0.04858396068316509, 0.04840219563201947, 0.04792053002139292, 0.04766079286172379, 0.047374155869648465, 0.047216460719805765, 0.04658769721763706, 0.04545233832731236], "train_accurs": [], "valid_losses": [0.04154940701222846, 0.04087623441591859, 0.0403600273919957, 0.04019857946384166, 0.04796250869653055, 0.04778913448431662, 0.04771180414328618, 0.04785727110824415, 0.04755564030658986, 0.0486680881918541, 0.04850663184853537, 0.04847785910325391, 0.048374630976468325, 0.050613327883183956, 0.050537010721330135, 0.0502052228964333, 0.050315630954823325, 0.05013264605908522, 0.04991718158791108, 0.049516532802954316, 0.04912328457326761, 0.0489890895384763, 0.04752335810501661, 0.047216039383783937], "valid_accurs": []}