{"train_losses": [2.8502541075195125, 2.618468196953044, 2.6083155363393584, 2.629230433729439, 1.465047952529397, 0.1485471523607074, 0.13697828893545527, 0.13876179870369748, 0.1436861525732198, 0.061409217895459535, 0.059908979028733066, 0.05859029916330026, 0.06034998699908916, 0.0683365445984401, 0.07655012705342262, 0.08307341066909726, 0.07524418680005754, 0.08078059779977367, 0.06121537285726265, 0.058745724028945644, 0.061126587505776826, 0.058674272413184334, 0.06251824071327418, 0.06789226956850937, 0.06982738389191112, 0.07328150919912492, 0.06816682641339653, 0.09138465056204284, 0.10433006255015125, 0.10239231320544741, 0.09327401166436225, 0.10495741456342499, 0.10931592584667701, 0.11239236405296293, 0.11148723525024647, 0.11050252026427386, 0.09588955427473622, 0.09087715563427538, 0.09368988349865195], "train_accurs": [], "valid_losses": [2.5269524114472524, 2.5298804427896227, 2.567651859351567, 2.6037313640117645, 0.09478078263678721, 0.07351257053336926, 0.07946895242535643, 0.10868637835873025, 0.09521441055195672, 0.012096592740687941, 0.009303372685930558, 0.09617089653121573, 0.0191020730749837, 0.026552956285221235, 0.03997485259813922, 0.12825111565845354, 0.04152458779779928, 0.027652746249389435, 0.009260230880629803, 0.009569060523062944, 0.009429962573839086, 0.023284786447350467, 0.2273294651614768, 0.123853721256767, 0.09188099311930793, 0.06091003166511655, 0.07435038406401873, 0.04089942827288594, 0.0744230505079031, 0.10000930473740612, 0.0632026764298124, 0.04995205502824059, 0.05623249343729445, 0.05121343965376062, 0.10882254862891776, 0.12581180115895613, 0.034207781144816964, 0.0374641008009868, 0.23559111197079932], "valid_accurs": []}