{"train_losses": [0.9972052810684083, 0.871991763196925, 0.6378981192946118, 0.21244553521906256, 0.21119260088240027, 0.22011545416775835, 0.2237492012717421, 0.22382147817148101, 0.22761921720608833, 0.22777200553309981, 0.23911854498600835, 0.25539133817982423, 0.2552391327129155, 0.27158588033031533, 0.2765257904532725, 0.273582647224425, 0.2571685870606748, 0.25730232035041484, 0.2479920029324829, 0.23813413379211273, 0.23833187750328785, 0.24242919182808942, 0.24318947453820516], "train_accurs": [], "valid_losses": [0.27184594316141947, 0.28819513640233446, 0.17652810045651027, 0.19257138376789434, 0.18248030436890467, 0.21706009283661842, 0.19532229511865548, 0.2064612539751189, 0.22861262357660703, 0.19956400005945138, 0.24863882788590022, 0.2491784327264343, 0.23636982882661478, 0.2591917323214667, 0.2595105871026005, 0.27038975432515144, 0.2496312577277422, 0.23480431974998542, 0.2217309565416404, 0.237277038661497, 0.20986203849315643, 0.22222574640597617, 0.23317709964300906], "valid_accurs": []}