{"train_losses": [0.4301863545404067, 0.33914537016282637, 0.2394799632537696, 0.0621222275156508, 0.05918942112968397, 0.10266942148486143, 0.10252182334957141, 0.09866454036876796, 0.17553021353743378, 0.16155089319698393, 0.1942753255288437, 0.23807001776165432, 0.22491872014980469, 0.27309894238514876, 0.262066524367405, 0.25885363431676983, 0.2935713210867511, 0.27161237800483984, 0.31427192130180265, 0.33944758199273595, 0.31854869450920476, 0.36352815940266564], "train_accurs": [], "valid_losses": [0.011119847210855889, 0.009326023847929068, 0.045618324274463315, 0.04449043549331171, 0.04472768359950611, 0.11379134774740253, 0.1200656753831676, 0.2070233388138669, 0.18823895656636783, 0.23293854322816646, 0.3212795528982367, 0.31686980756265776, 0.28993364902479307, 0.34957151620515753, 0.3223665287452085, 0.38742135199052946, 0.40731956756540705, 0.3617077658751181, 0.5312596697892461, 0.5689691070999418, 0.5354425779410771, 0.5787760346595731], "valid_accurs": []}