{"train_losses": [0.05454105307343858, 0.044701822630943085, 0.0429652305994166, 0.042289777743162345, 0.04270114503143465, 0.04341052257881513, 0.04316614343831105, 0.04300852811461255, 0.04267363866361288, 0.04494022828320303, 0.04493636794691711, 0.04485043808312168, 0.04461827941609724, 0.04499253755797763, 0.0452505409658562, 0.04528562209202289, 0.04509079210645608, 0.04513839596874034, 0.04502810965127805, 0.04511810197364286, 0.044992155218454774, 0.04485582764264685, 0.04472828932039069, 0.04471383680383005], "train_accurs": [], "valid_losses": [0.04024548276460597, 0.038438697694800794, 0.0374114090643291, 0.03657995435475771, 0.045125402975827456, 0.04476993607490191, 0.044550725391932895, 0.044322712546480555, 0.044141412213710804, 0.04678137503963496, 0.04664983979559371, 0.04652240579681737, 0.04641732939385942, 0.04710266459733248, 0.04698911578660565, 0.04692846347045686, 0.04683005437254906, 0.046739070709528666, 0.04682587958606226, 0.04674899970580425, 0.04669377344128277, 0.046612938466881006, 0.046424120531550477, 0.04637502100584762], "valid_accurs": []}