{"train_losses": [0.07194092936281647, 0.04919669976231282, 0.06381862119786323, 0.08071304416707742, 0.06007681752027816, 0.09556092513557622, 0.08730193168397933, 0.07547890878326836, 0.1207838091092608, 0.09511840070977255, 0.11018109362000826, 0.12221054779612041, 0.1033611769871737, 0.13313942570140752, 0.12110687633138642, 0.11809869445170518, 0.1443344443819668, 0.1219574233083419, 0.14202819965168756, 0.1464834655364039, 0.1246424696491982], "train_accurs": [], "valid_losses": [0.06557261883946401, 0.06803893191473824, 0.14245628805032798, 0.1426431080326438, 0.1337170105959688, 0.230551809870771, 0.19911888667515346, 0.28669603328619686, 0.2741990283663784, 0.278828394732305, 0.311539604727711, 0.3344906411532845, 0.29433684796094894, 0.36614053776221617, 0.39396038970776964, 0.4118855765887669, 0.4114779569208622, 0.4180480050189154, 0.4371648909790175, 0.4742548018693924, 0.4672763134752001], "valid_accurs": []}