{"train_losses": [0.6589204582666593, 0.48419964593396614, 0.36020501064402716, 0.21340796992025046, 0.19908691891444424, 0.20558274156911663, 0.20373596404753033, 0.20299324752004058, 0.21725548935866862, 0.21490569105224003, 0.2187421261948883, 0.2242575172906515, 0.22309326295735976, 0.22741194035877627, 0.22905031970096013, 0.22903622373465507, 0.2315201517884378, 0.23140556633314757, 0.23253794197761823, 0.23321339208139943, 0.2331071843900693, 0.2329732557689702], "train_accurs": [], "valid_losses": [0.07533160896439638, 0.06675258970686368, 0.11252931758229222, 0.11155552696436644, 0.11233086777584893, 0.154168715434415, 0.15681207552552223, 0.1769707357244832, 0.18108597238148963, 0.18006457015872002, 0.193923897509064, 0.19223073337759292, 0.1974157877266407, 0.21102936007082462, 0.2038582390440362, 0.2039931613419737, 0.21091535527791297, 0.21158280915447644, 0.21518056121255671, 0.21378057104136264, 0.21163522505334445, 0.21427361055144242], "valid_accurs": []}