{"train_losses": [0.7575594970473537, 0.6248433033309916, 0.4886190916495348, 0.3417942609697107, 0.3033892091501642, 0.26432818087635845, 0.24329368614409336, 0.23003131050675635, 0.23288223675634495, 0.22791867115825573, 0.22579100420550693, 0.22594435779111727, 0.22393487983200916, 0.2289449080785431, 0.2288569726010479, 0.2281636611100227, 0.23239952166165626, 0.23144992714915327, 0.2342438026277161, 0.23702412827935798, 0.23692840166271678, 0.2346274490078921], "train_accurs": [], "valid_losses": [0.09432542483721461, 0.0803494883169021, 0.11376743204891682, 0.11151025430964571, 0.11090321532849755, 0.13685629051178694, 0.14174214817051375, 0.16821181348391942, 0.16496676712163857, 0.16895263349371298, 0.18679698184132576, 0.18650694776858603, 0.18583428487181664, 0.19995322158294065, 0.19604553734617575, 0.20420740810888155, 0.20863995568028518, 0.19548554638666765, 0.2182391504091876, 0.20929796834077155, 0.21564434841275215, 0.20834408700466156], "valid_accurs": []}