{"train_losses": [0.40506084610230075, 0.38075227187897165, 0.34912471548117024, 0.3104559603349242, 0.3089974965683367, 0.3102377641492735, 0.31082701434691745, 0.3095825734750304, 0.31559548322012815, 0.31450404400232607, 0.3162657019322511, 0.3190223830086844, 0.3176155570480559, 0.33333989544204934, 0.336190470627376, 0.3374972699417008, 0.3463501211590868, 0.3451624308865537, 0.34899065276933094, 0.35190386206857743, 0.3513844372734191, 0.35657368576715864, 0.3563841913664152, 0.3634504168121903, 0.39233300330304594, 0.39172183958783985, 0.3939138952465284, 0.3964383312791744, 0.3951618928836767, 0.3885925782736016], "train_accurs": [], "valid_losses": [0.330017091440303, 0.3160046142126833, 0.281623386112707, 0.27731235618037836, 0.27176815484251293, 0.2947577517479658, 0.2762620920049293, 0.2774445941405637, 0.27771868130990435, 0.26429057653461185, 0.27239327957587584, 0.2829578558781317, 0.27743447784866604, 0.31127101608685087, 0.3162738574402673, 0.30708404364330427, 0.2974127594913755, 0.3058758777167116, 0.29848459655685083, 0.3141781198126929, 0.2952040606843574, 0.324983757521425, 0.3262643947132996, 0.3240807609898703, 0.37760292845112936, 0.3739212059548923, 0.33467889364276615, 0.3667683000011103, 0.3444331368165357, 0.327188603579998], "valid_accurs": []}