{"train_losses": [0.8328592606559002, 0.6757534184941539, 0.5079406798083, 0.21357773888915305, 0.20953319174429727, 0.21295142999638325, 0.21113227956272937, 0.21054106456025568, 0.2218734999852521, 0.22043063893677697, 0.22431052771825638, 0.2277348827393282, 0.22658927847074453, 0.23103656014673923, 0.23169918336644374, 0.23158222340323306, 0.23410338689647023, 0.2340494961374336, 0.23528484941001923, 0.2375362000216252, 0.23488215654694214, 0.23829281870177182, 0.2382806117927271], "train_accurs": [], "valid_losses": [0.2107786735785859, 0.19783222036702292, 0.1061932665428945, 0.1090441279645477, 0.1127930467150041, 0.12306487706622907, 0.1264081702434591, 0.13458624269281114, 0.139076099597982, 0.14111886665757215, 0.1479711796024016, 0.15038356105131762, 0.15117182529398374, 0.1562738310811775, 0.15785979652511223, 0.15992251464298793, 0.16194101250065224, 0.16307526946599996, 0.1656519677489996, 0.16530792228877544, 0.16631535307637282, 0.1686554601682084, 0.16986908816865512], "valid_accurs": []}