{"train_losses": [0.7940311303775235, 0.7523114888241927, 0.7562926545132339, 0.74586356333478, 0.4160246911745232, 0.06370849633690526, 0.06572020775743874, 0.06764458271577888, 0.06717096513339499, 0.036617434092658274, 0.03560990542257668, 0.035310113482278395, 0.03503475169655425, 0.03897256072930891, 0.043741313462478545, 0.04319374846100672, 0.04331756645720874, 0.043184635562324956, 0.0464091005596033, 0.04717942409436492, 0.046191977615135285, 0.045854515893325815, 0.04700479607995414, 0.04916492336728859, 0.048682920660031326, 0.04865692960039388, 0.04840380025867423, 0.049973982226154116, 0.04901063799588389, 0.048522494868185724, 0.04884112780972708, 0.04708819047914506], "train_accurs": [], "valid_losses": [0.7597328903419631, 0.7677275208490235, 0.7699008317930358, 0.8032441096646445, 0.13165486876719765, 0.12566773500293493, 0.13088812346437148, 0.1247221650888345, 0.09804663288273982, 0.03946397397001939, 0.039523149973579814, 0.039461242800046294, 0.03973254421725869, 0.058113350898825696, 0.057243475291345804, 0.055036245013720224, 0.05533015861042908, 0.05770997589986239, 0.059043235544647486, 0.05233012718547668, 0.05329114977004273, 0.04958634643948504, 0.05481216710593019, 0.05419857121471848, 0.053490200312808156, 0.05552812106907368, 0.053842550210122554, 0.05485372970412884, 0.05487904504739812, 0.053995389358273575, 0.05649077320205314, 0.047538575649793656], "valid_accurs": []}