{"train_losses": [0.5892460744035729, 0.2001684808353493, 0.1833732343401035, 0.17240660583676257, 0.13264686827509922, 0.09106944545648352, 0.08572768353819173, 0.08243447234559113, 0.08090955252038542, 0.0828249289515129, 0.07933589464213649, 0.07985874284817353, 716.1296644976017, 0.056815414183785745, 0.06182561770536646, 0.06644299733389288, 0.0597524450063638, 0.06013826142187437, 0.04613923451682022, 3.5097269065787686, 0.05232274121440509, 0.05035502412166801, 0.06112941889286176, 0.06602066765830122, 0.07059824711124821, 0.06391205812269206, 0.05974509194071881, 0.04753266111842243, 0.04869553404628421, 0.045263141123957226, 1288.2671977711032, 0.4403431255505231, 0.5519325959146427, 0.26554824044396974, 0.12743009381603063, 0.14589761581052751, 0.3589690165779642, 0.12740089958407222, 0.1150877585432311, 0.19714619711513434, 0.05595887768423665, 0.05117691895709588, 0.04697604825492628, 0.0784012552822742, 23.685653910923715, 0.04277272687432655, 0.043203949485800114, 0.04305395633993645, 0.0433325204256568, 0.0428910789530876, 0.04236184714185032, 0.04200978923959835, 0.041988188902345985, 0.04231553947409758, 0.043411650016431894, 0.04364421254453751, 0.043715602170456856, 0.0437185548380759, 0.04514106866646541, 0.045155762094262634, 400.1879052585497, 1.1373817113004794], "train_accurs": [], "valid_losses": [0.21482119815690176, 0.21503880274082934, 0.20157325427447045, 0.20363716328782694, 0.10065231419035367, 0.10826450300269894, 0.09296830450849873, 0.12422111763485841, 0.09770501577960593, 0.1037915968336165, 0.16070120156343495, 0.10708002473360725, 0.05687416710757783, 0.060223900713026524, 0.05851998213412506, 0.061727396777964065, 0.0592671515020941, 0.058828777500561306, 0.04445042178433921, 0.04494810776252832, 0.04435564264921205, 0.04429884594199913, 0.0452853690367192, 0.045224996183865836, 0.046715236601552794, 0.04529813281260431, 0.04530468889112983, 0.043237272749787996, 0.04323055362328887, 0.0436923274703856, 1.8879159752811705, 0.06204605405218899, 0.06565592398068734, 0.05744057764033122, 0.05783805979548821, 0.05775545643908637, 0.041801883007532785, 0.04186725855938026, 0.041803007845633795, 0.04407412528858653, 0.039272155379876494, 0.038988373608195355, 0.03922695985862187, 4.448044036115919, 0.039114743138530424, 0.04384796414524317, 0.04388986032323113, 0.04393527334156845, 0.04400430879156504, 0.04301454190031758, 0.04299130899432514, 0.04306326500539269, 0.042943465091021996, 0.042911440366879106, 0.04462439410521516, 0.04460222357218819, 0.04440156772865781, 0.04473182183158185, 0.045507148773010285, 0.045141526930300255, 0.04815047902853361, 0.04551758996344039], "valid_accurs": []}