{"train_losses": [0.05061722448837366, 0.03609050190438647, 0.035262460613884536, 0.03447382300207181, 0.038083370951977794, 0.041794890011091844, 0.04154251997961717, 0.04151744683319492, 0.0411695075132863, 0.0441615408016748, 0.0440894060081284, 0.04399783416267704, 0.04382831428402285, 0.044096450734361, 0.0442280001870917, 0.044240570724077895, 0.044265861037225206, 0.044155656339019134, 0.04398803366558854, 0.04396091736178862, 0.04392407169540274, 0.04389578124246986, 0.04370064900690749, 0.04384324507475978], "train_accurs": [], "valid_losses": [0.026677511249934987, 0.025482709453042065, 0.024946155375801027, 0.024505489289627543, 0.04355994967876801, 0.04306784920793559, 0.04286449721881321, 0.042686268487679105, 0.04254582434493516, 0.0458253880164453, 0.045699557023389, 0.0455859183067722, 0.04547937244309911, 0.04594792951164501, 0.04586372800570514, 0.045766536379233, 0.045681746576779654, 0.04561976616137794, 0.04554209079859512, 0.04548540318916951, 0.045411175715604, 0.045358630628990274, 0.04534670943394303, 0.04530658246949315], "valid_accurs": []}