{"train_losses": [15.006871781691357, 0.06835985498098784, 0.1905751057491495, 0.10247388475195125, 0.12054899685754977, 0.2052790259932557, 0.24710143966570733, 0.20476191207056954, 11.316228891175891, 0.22058209755196773, 0.9737675028542677, 7.9567340306898275, 3.216959098028758, 60.07984554136872, 8.775448200563906, 5.6550145035106985, 0.915454584632128, 0.753582709444263, 269.6367746695048, 30.382355298945512, 26.314223937887363, 50.75258019109252], "train_accurs": [], "valid_losses": [0.032599263824522495, 0.02552663378550538, 0.09110111676688705, 0.09666582396520036, 0.09092656922127519, 0.104595883084195, 0.6462502820151192, 0.24019934609532356, 0.19045361770050867, 0.15226115924971445, 0.2107380639229502, 7.11483941759382, 49.70605788912092, 1.0574482466493333, 0.6374085359275341, 0.14848278782197408, 0.921234741806984, 0.16640860001955712, 16.831115007400513, 3.1572604519980296, 3.074634922402246, 10.456465142113823], "valid_accurs": []}