{"train_losses": [0.049925819245837125, 0.04730292228029459, 0.04553920236664795, 0.045380170960653554, 0.045485991213420125, 0.044832220376886396, 0.042448641635410116, 0.04036703395206329, 0.03870812467219333, 0.05031139536326692, 0.04808386624896081, 0.04581421277405719, 0.04442364664546033, 0.04958469414350269, 0.05722235832194802, 0.05484524300760206, 0.052461577760586645, 0.05087652267062219, 0.06120954018204191, 0.05939060103620204, 0.057324348333633056, 0.05528224810823056], "train_accurs": [], "valid_losses": [0.042066880535068255, 0.041514856940401454, 0.042139356423701556, 0.042637020349502563, 0.055370749306998084, 0.05379844766243228, 0.05541977233120373, 0.054844794528824944, 0.0589514465204307, 0.07134329045324453, 0.07684299037126559, 0.07969223189034633, 0.08090750547125936, 0.10400751559063792, 0.10787646432540246, 0.10334619101403016, 0.11159393949700254, 0.11154004385960954, 0.1306325076147914, 0.1554505073332361, 0.13747155586523668, 0.1488191395598863], "valid_accurs": []}