{"train_losses": [0.13149527380268228, 0.10433391819611125, 0.10268255941384384, 0.10290704104981946, 0.0720362192761507, 0.03732519234821403, 0.0340580249508649, 0.031414539220308825, 0.02886725871136825, 0.05114943885594202, 0.048532728139496495, 0.04583386045235854, 0.04389337843865561, 0.04839688785188743, 0.05449085898393959, 0.05218595684594496, 0.050364481677128446, 0.04881093274523837, 0.06196478250693547, 0.05979260820179032, 0.057879510272412275, 0.056196956221031116, 0.061337301541305234, 0.06949100252114472], "train_accurs": [], "valid_losses": [0.02377816065148051, 0.023938927466848066, 0.024463172436558774, 0.02361183300880449, 0.042562674930585284, 0.042844133651150126, 0.04422738685804818, 0.04280815749163074, 0.04577101002048169, 0.07837330217340163, 0.07714620432151216, 0.08106329651283366, 0.08584174201158541, 0.11357246658631734, 0.1224066256545484, 0.10463086741843394, 0.10879581834056548, 0.11885211723191398, 0.13899944270295755, 0.12820160575211048, 0.12590266870600836, 0.14003094884433917, 0.16663736464189632, 0.15066410973668098], "valid_accurs": []}