{"train_losses": [0.07258648007477402, 0.04497516072458691, 0.05739668279235798, 0.07391268105576278, 0.05759088976663493, 0.08108105772376928, 0.07387136336829928, 0.06765035550459904, 0.09421897390808062, 0.07612252483642093, 0.0910504858388945, 0.09220738678421608, 0.07904366695041222, 0.10825747548400488, 0.09194745276635759, 0.08999737609355223, 0.11231644962613703, 0.08678817150808832, 0.10810764987888948, 0.10172188691499215, 0.08826949138184467, 0.12409691565803119], "train_accurs": [], "valid_losses": [0.05411325820854732, 0.05306469329765865, 0.12702521136296646, 0.13003220289413417, 0.1098467663728765, 0.18820719114903892, 0.17430975208325045, 0.24531136506370135, 0.2458333939846073, 0.23091232191239083, 0.3082356136292219, 0.2731796790446554, 0.30221034825912546, 0.3303781822323799, 0.3494073926870312, 0.41640143202883856, 0.3905288763344288, 0.38513092297528473, 0.4172408676573208, 0.431859107155885, 0.4199197233787605, 0.47801318019628525], "valid_accurs": []}