{"train_losses": [0.1507045572025204, 0.1248319440297951, 0.12154099778419707, 0.12205752961303853, 0.08170828649276926, 0.03454721527494389, 0.034575365045491385, 0.03465513031660027, 0.03447318582782918, 0.03999084154169214, 0.04024295231571834, 0.04017811791120072, 0.04025294054805288, 0.03934348489229496, 0.037473388736840016, 0.037574139187677144, 0.03754012590501778, 0.03753613099894103, 0.048945126974980484, 0.05007384618010995, 0.05040532952317825, 0.049900748084269766, 0.04784765281626002, 0.043811002695654855, 0.04369035265429527, 0.04366128577332421, 0.043762735480956765], "train_accurs": [], "valid_losses": [0.07265548035502434, 0.07357488100283913, 0.07495368657899755, 0.07492582193974938, 0.034536848426796496, 0.034292682173794935, 0.03410534281283617, 0.03427668930297451, 0.0351015003730676, 0.040604861985359876, 0.04051669663749635, 0.04040901841861861, 0.04212384441468332, 0.038099216629884074, 0.03792297617266221, 0.0389544114670051, 0.03860689270576196, 0.03746818704530597, 0.05003185952747507, 0.050863855318831544, 0.0500413266875382, 0.050243973532425504, 0.04398579236918262, 0.04409141871812088, 0.04387942808015006, 0.043885639569322975, 0.04388025526090392], "valid_accurs": []}