{"train_losses": [0.1587600976859451, 0.1223285843928655, 0.11747849955366402, 0.10921042441099725, 0.08953574889649947, 0.135240221336957, 0.12753347500606818, 0.11203576876934637, 0.15122437640709221, 0.11829854956724578, 0.1377425570701244, 0.1460983648442875, 0.1168363691460361, 0.1636360121506547, 0.13769889155787135, 0.1298998007304454, 0.16166812266720823, 0.12260660107331302, 0.14875292939641488, 0.14712501384278454, 0.12074402358540624, 0.17914259454935158], "train_accurs": [], "valid_losses": [0.10242159638021674, 0.0900618029492242, 0.1460636437737516, 0.17100870689111097, 0.16794586208249843, 0.2582741499479328, 0.28066876504038063, 0.33452578846897396, 0.3017695337267859, 0.2974413428455591, 0.4250761941075325, 0.3845833827342306, 0.39750721864402294, 0.435332292424781, 0.4461023152938911, 0.46217648072966505, 0.4756302059228931, 0.45543424785137177, 0.5158009890999112, 0.4694159595029695, 0.48097074617232594, 0.5391517829682145], "valid_accurs": []}