{"train_losses": [0.0977372513089447, 0.05612729979274432, 0.048975988809541876, 0.04655742146732176, 0.043131308545826245, 0.04007352299027448, 0.03849630330887315, 0.03599604849210557, 0.0340947159755621, 0.05352845351418219, 0.0522337940382472, 0.05040795707493616, 0.04901470726027208, 0.0530546585359185, 0.05901243278074049, 0.05726943858077421, 0.05614178896590865, 0.05472311672935793, 0.07088481905191665, 0.07075993329438283, 0.06872317063879238, 0.06730434499107875, 0.06611824929882767, 0.06505174581298596], "train_accurs": [], "valid_losses": [0.027888209226408174, 0.02654316587307091, 0.026039272264045264, 0.025846931817276136, 0.042135872379211445, 0.041286392037623694, 0.04136761620507708, 0.0418282546701708, 0.04392344890428441, 0.0744975628996534, 0.07673262139516217, 0.07648651700999055, 0.07733616246176618, 0.10196186362632684, 0.09522436100191303, 0.1027428590958672, 0.10107614425942302, 0.0974439828922706, 0.13172453442322357, 0.13472348065780743, 0.13364426785015635, 0.1428454219629722, 0.1479973377926009, 0.14574800192245416], "valid_accurs": []}