{"train_losses": [0.04903319846349874, 0.032676396632305774, 0.0313386377157871, 0.031223180830242676, 0.03390306327070586, 0.0362339142532977, 0.0323991254899162, 0.0294445698988114, 0.027266126677048353, 0.05314082510946361, 0.04994387055717712, 0.04689139204428477, 0.04444584022887152, 0.04889787901277186, 0.05485982528141788, 0.05162524224819438, 0.04989942445997064, 0.04840225667789646, 0.06207453258908712, 0.060146368947301514, 0.057436074762356494, 0.05605824781177203], "train_accurs": [], "valid_losses": [0.016404754698409567, 0.01590543839016131, 0.0159623602438452, 0.016061338313323046, 0.049880221486091614, 0.05037689325399697, 0.05106569587119988, 0.05027189265404429, 0.05722237591232572, 0.09778118366375566, 0.09998487907328776, 0.09076315284307514, 0.09641733625903726, 0.11632651150492686, 0.11602732053558741, 0.12475953656913978, 0.12237193788002644, 0.12624376453459263, 0.15538839689855063, 0.15729135407933167, 0.14765194497470344, 0.14801705681851932], "valid_accurs": []}