{"train_losses": [0.7230996803730322, 0.706923782892896, 0.6949675311734773, 0.6859188891643853, 0.6795878736681529, 0.6608540674005698, 0.6531576834517906, 0.6506415184132114, 0.6452437621705672, 0.6349072785399079, 0.6335248166349678, 0.6325633952655404, 0.6301886586986516, 0.6191495856548327, 0.6192940496481382, 0.6081940754910939, 0.6129478328098539, 0.6074802076519884, 0.6010272884530719, 0.6030539857451193, 0.5953045821837171, 0.5962318259531556, 0.5870608978681435, 0.580334098158379, 0.583901702818288, 0.5776452147717929, 0.5778002689057345, 0.5699497857109993, 0.5695610208209284, 0.5673522088187852, 0.5641449202374635, 0.5617671619713037, 0.5555363393881741, 0.5506722523885614, 0.5524205251921356, 0.5436087474564082, 0.5434530843302136, 0.5396476111530718, 0.5351262431743458, 0.5320220448043012, 0.5321985537110411, 0.5251591504968669, 0.5283319843570571, 0.5253168045800196, 0.5186251634521182, 0.5137468236603888, 0.5124600934901389, 0.5093790185532419, 0.5082448784312511, 0.5038837656985581, 0.5018351422580658, 0.49987416771742016, 0.5002474726190395], "train_accurs": [], "valid_losses": [0.14031480066478252, 0.12316116371325084, 0.11221045535057783, 0.10549303636487041, 0.07186756915013705, 0.06809523395661797, 0.0658692840619811, 0.06467372950698648, 0.06399917635800582, 0.05035547529613333, 0.05010420323482582, 0.0500399631315044, 0.05007484279173825, 0.04444744933529624, 0.044511260032387714, 0.04459514465582158, 0.04470414608450873, 0.04485460746634219, 0.042467711360326836, 0.042537514552740116, 0.04261908480631454, 0.04265990144839244, 0.04162497665467007, 0.04164402399744306, 0.04174204200639257, 0.04179520788602531, 0.041806707092161687, 0.04136229106890304, 0.04142315822121288, 0.041352824574070315, 0.04143698965864522, 0.04111237986944616, 0.04107680042008204, 0.041084713535383344, 0.041104592815307636, 0.04112109974292772, 0.04126446710766426, 0.041163757210597396, 0.0411309776827693, 0.0411816617540483, 0.041246669100863595, 0.04120997974782118, 0.041211623565426896, 0.04121734581089446, 0.04127276046866817, 0.04118523490615189, 0.041215225255915096, 0.041229704661028724, 0.04125556170142123, 0.04118847467803529, 0.04114315422650959, 0.04123785180438842, 0.041184270954025645], "valid_accurs": []}