{"train_losses": [0.5260629542677651, 0.4326594970210106, 0.42286672857821794, 0.41567538456140063, 0.3625589403833739, 0.31105924296567883, 0.29999994166296534, 0.29073094998010146, 0.27721395043496094, 0.26014867556445737, 0.2508418062423689, 0.24156911458769534, 0.2329249793992323, 0.22291729231765367, 0.21183033523516417, 0.20604291780771714, 0.19900721375623978, 0.1917112365837011, 0.18294690035249853, 0.17496361089575344, 0.17045430631726577, 0.1644701015254761, 0.15998458225128337, 0.15377361908959586, 0.15023662456694772, 0.14474525373445918, 0.1407981864872022, 0.13519007066998007, 0.13270654964231257, 0.128973619245431, 0.12495779608506963, 0.12177313422590359, 0.11951990155882425, 0.11777686588971863], "train_accurs": [], "valid_losses": [0.1669090851875288, 0.16061448997684888, 0.16060848866722413, 0.16062323509582452, 0.05028759282348411, 0.05052928087700691, 0.05057008285075426, 0.050548400663371594, 0.05036305696038263, 0.04399388350014176, 0.04404630325734615, 0.04401914103488837, 0.044111520085217695, 0.04223946106087949, 0.04237580841540226, 0.042504111205094626, 0.04238920575673027, 0.04231489562828626, 0.043058281764388084, 0.04317375225946307, 0.043169636778267365, 0.043122774289388745, 0.0428896493478013, 0.042954531664560945, 0.04277496611965554, 0.042885332401575785, 0.042851659236475825, 0.04261950253775077, 0.04260077367403677, 0.04258621813330267, 0.04263930095891867, 0.043108505729053705, 0.043113718541072946, 0.043082581633435826], "valid_accurs": []}