{"train_losses": [9097357.746017559, 1091191.5859749608, 2485757.973654288, 70737912.20840842, 24751365.493376717, 250261.6872171069, 7818348.014824116, 12585656.415806362, 198631598.943008, 9315400.121969556, 12786396.981540902, 23822749.6591151, 91774.26979896505, 15289280.188295394, 269344442.57539684, 46509479.681299604, 97322019.7271412, 4917291.088458994, 40181937.38884755, 59303160.20634921, 185391008.08068782, 15329898.374669312, 109974664.67212301], "train_accurs": [], "valid_losses": [3823.421055385045, 38663.36363002232, 603.4199491228376, 4236.471304757254, 44382.37353515625, 2263.6534467424667, 3752.162266322545, 1399.8793334960938, 43747.082728794645, 26447.89191545759, 289438.451171875, 57186.25251116072, 1252.8716779436384, 504978.74609375, 695955.3169642857, 19262973.464285713, 4830760.107142857, 133633.67578125, 1712362.671875, 1836183.421875, 116013844.42857143, 590978.3526785715, 8463241.55357143], "valid_accurs": []}