{"train_losses": [0.07573637721577177, 0.07234252478296636, 0.09851928685037863, 0.14442178280777718, 0.14013619534671307, 0.18776026498230677, 0.20544929828041444, 0.20882294880886557, 0.29070744537329546, 0.28430778026659653, 0.28293150702796915, 0.28245049947626377, 0.2786223317974459, 0.29433749336256554, 0.2953703805961937, 0.29967864135664607, 0.36860750558436234, 0.3594155689435346, 0.36799102859995353, 0.37710780851424686, 0.36569568010234327, 0.4151587758863729], "train_accurs": [], "valid_losses": [0.05914004759064743, 0.05122879506754024, 0.14132937416434288, 0.12043111265770026, 0.1160805644467473, 0.19794438726135663, 0.18775046776447976, 0.28923183360270094, 0.34427391418388914, 0.28649336844682693, 0.2924030292779207, 0.24921308138540813, 0.26703945387687, 0.35139392742088865, 0.3190648428031376, 0.35446772405079435, 0.37430643449936596, 0.43748951117907253, 0.4070448061185224, 0.4343418612011841, 0.3838468337697642, 0.3415389973670244], "valid_accurs": []}