{"train_losses": [9.567214365674074, 9.555120575364935, 7.544497342967483, 3.739150663216909, 3.7326183596616067, 2.064453804067203, 1.3547906029634376, 1.3380338918595087, 1.0483101514912156, 1.0511072413631217, 0.7773481352382867, 0.42740350977453606, 0.4117958312706342, 0.3537662840748905, 0.32503521834652893, 0.32286661378447973, 0.279366497285467, 0.28713529091821144, 0.29812577595471074, 0.31252315673957426, 0.32254313699230946, 0.30601004061717835, 0.30641888074143225, 0.38072976615851517, 0.6888646416799732, 0.6842150316036567, 0.748221123541789, 0.8080473410547095, 0.8084354753059054, 0.5689825274878078, 0.5288114344711026, 0.5097248138731749, 0.44220456788464196, 0.42181345347374205, 0.3959159717831031, 0.36657605720339, 0.3708952812566644], "train_accurs": [], "valid_losses": [8.100286858422416, 8.7271876846041, 1.3497933277062006, 0.980780690908432, 2.09027361869812, 0.9083211837070329, 0.5960109787327903, 0.870619827083179, 0.30427092420203344, 1.4724950513669424, 0.83991125864642, 0.0427948320617101, 0.22527518549135753, 0.1503522600978613, 0.10016318423939603, 0.2804982992155211, 0.040182171356199045, 0.15153123092438495, 0.7867258638143539, 0.05024476043347802, 0.9872311843293053, 0.42866443789431025, 0.09102842970085996, 0.22530203152980124, 0.2540454018328871, 0.6301720546824592, 0.5906939783266613, 0.22342329206211226, 0.39739856496453285, 0.0901872606814972, 0.5723335519433022, 0.6371375716158322, 0.06841279652767948, 0.11889585546616997, 0.06777149711602501, 0.446357186883688, 0.10397627710231713], "valid_accurs": []}