{"train_losses": [13.163325426265665, 10.943587626806751, 10.688616244501658, 10.19357585691219, 5.3628819196556625, 0.07286857809382596, 0.06811810774956219, 0.06666100918572412, 0.06567620975281453, 0.055609983021216426, 0.05416788261940037, 0.05162202713513806, 0.049817695467821346, 0.05269467086442725, 0.05718873888338448, 0.05450000954429488, 0.05155243133342239, 0.049529704636139836, 0.055894786517274864, 0.05419156007148426, 0.052326229063802444, 0.050074956971916, 0.05222578484109894, 0.055545515127952014, 0.05322847909365709, 0.05132852831425575, 0.049363290208362345, 0.05528157459555101, 0.055188567550406194, 0.05205504923249801, 0.05008040315669653, 0.05274323011196442, 0.058700974642960736], "train_accurs": [], "valid_losses": [8.84180679491588, 9.766541174479894, 11.293894563402448, 11.866586216858455, 0.07005587286714997, 0.06629708050084966, 0.0656068920423942, 0.06581536115014128, 0.06329416357246893, 0.05785562803170511, 0.05652519684684064, 0.05800245619112892, 0.05610548671601074, 0.07143991267574686, 0.07301182539335319, 0.07296488287725619, 0.07104510640991586, 0.07484253219861005, 0.07976832007989287, 0.08154527546970972, 0.08366933697834611, 0.08106390513213617, 0.08801084637109723, 0.09523933713457414, 0.09690140753186174, 0.09215591668284365, 0.0936374308408371, 0.11715192028454371, 0.11823552354638066, 0.10958031039418918, 0.12838639179244637, 0.14495908236131072, 0.14921032045302646], "valid_accurs": []}