{"train_losses": [1.027072136016453, 0.8994124585686766, 0.8323681380818871, 0.7708648215996194, 0.7167691926206399, 0.6680155130802776, 0.6191083471969242, 0.592066189114055, 0.5654350838779864, 0.5514099020426629, 0.5310554979748316, 0.5411644219273356, 0.5186551314403568, 0.514025619835066, 0.4988997775167901, 0.49857696597527595, 0.48395846497554046, 0.475834228570375, 0.4654592949543064, 0.45473843794400337, 0.4396504415241302, 0.43652265500361564, 0.3683113760538231, 0.27983414987734273, 0.27629366667932787, 0.27472911386990845, 0.2829752607582921, 0.27910585146043365, 0.26621790242495175, 0.2411607002873159, 0.24468231030078225, 0.18305654767521434, 0.20829781760541696, 0.24246510412813715, 0.23923560708120667, 0.1664323842793501, 0.10998484908447209, 0.11862369174162997, 0.12816892941672, 0.1332355275775445, 0.12597603670940882, 0.13637817675896766, 0.1402909730864495, 0.132143117403148, 0.13922281628601016, 0.06930332086407222, 0.03735647092644985, 0.03736224741468468, 0.03735708317622475, 0.03735978743777825, 0.037717286227650235, 0.035814196014633544, 0.035725696128266295, 0.035738670686470575, 0.03571376708500525, 0.03564562871251508, 0.035474694898663874, 0.03521315766945144, 0.03514833873500247, 0.03511510799508289, 0.03507739596271137, 0.03525094167493722, 0.035082354370454046, 0.0350635039084907, 0.03499419930310945, 0.03501868265474477, 0.03510268491890905, 0.03560800284433823, 0.03945713510475547, 0.03930207226020853, 0.03931568981026093, 0.03921746802663776, 0.03915995269238409, 0.039131501908687985, 0.039151253300925455], "train_accurs": [], "valid_losses": [0.9882885824356761, 0.8775649304900851, 0.8961220436862537, 1.0483472443052702, 0.8534773588180542, 0.9262331000396183, 1.0452022297041756, 0.9148951502782958, 0.910020683492933, 0.8961446508765221, 0.951993927359581, 0.9336750411561557, 0.9387915549533707, 1.006847158074379, 1.0475575551390648, 0.9885311893054417, 1.0295845397881098, 1.0299073510936327, 1.083718217909336, 1.0366839968732424, 0.9922562773738589, 1.0223797666175025, 0.1879311158720936, 0.2076801100878843, 0.19129548408091068, 0.20156233225549972, 0.18777332441615208, 0.1891803470706301, 0.20322683027812413, 0.12039477883705071, 0.1490863517725042, 0.08522709578807865, 0.11686489581396538, 0.15434375322157784, 0.15398002003452607, 0.1073966376716271, 0.0991630797673549, 0.09802759418796216, 0.11993175332567521, 0.11501111509278417, 0.08471129600158227, 0.09603359676631433, 0.1117674872013075, 0.12455898546613753, 0.14091396830709918, 0.038424164123301, 0.038419861778883, 0.038421416954536526, 0.038432022157524316, 0.038419850170612335, 0.036739048115643005, 0.036730072693899274, 0.03677130730024406, 0.03679048855389867, 0.03669713271249618, 0.03673010625477348, 0.03678606344120843, 0.03712654512907777, 0.03683366466845785, 0.03676728029469294, 0.03696268813551536, 0.03684813928391252, 0.03703370873284127, 0.036923902741234214, 0.036864636366122534, 0.036986475511054905, 0.03706094070470759, 0.04184191052003631, 0.041500918533919115, 0.04176616997990225, 0.04216584204030888, 0.04158277899426009, 0.041600128037056754, 0.04165492559384022, 0.041647400141560605], "valid_accurs": []}