{"train_losses": [0.9048238713589926, 0.7274323454294255, 0.48222086182425894, 0.03634763096345874, 0.03510601778894111, 0.08483716308893192, 0.10331451969723852, 0.1030370787811027, 0.15646962610580933, 0.15346400475218183, 0.17050424043739598, 0.19362999906852132, 0.1894526998241427, 0.20719378536182737, 0.19949250847653108, 0.18892639631986932, 0.22047073652268087, 0.20302593124606622, 0.2298844356148962, 0.25793385936351365, 0.2409783735496815, 0.29200843023875406, 0.2870240425148969], "train_accurs": [], "valid_losses": [0.14711441099643707, 0.14116201057497943, 0.0161694992233866, 0.01665174581908754, 0.01692295046190598, 0.08450115884521178, 0.08281014739934887, 0.13249173068574496, 0.13023383037320205, 0.13550721414919412, 0.18317891071949685, 0.17742407135665417, 0.1731687986424991, 0.18474540460322583, 0.18571424005287035, 0.24194120509283884, 0.22083173559180327, 0.21724092893834626, 0.2907205092321549, 0.2976315830435072, 0.2762883539710726, 0.36985931252794607, 0.33566546919090406], "valid_accurs": []}