{"train_losses": [84352814.15363617, 911560.856528718, 570501.6626795428, 41868814.314654455, 29527.510735006894, 2744382.567774984, 11927.413027111761, 69016494.91008058, 47415829.60900769, 243718.25549592584, 22316575.693995688, 221266899.77690628, 91945432.97042915, 7007610.709823954, 397048529.2393948, 3626714.1145361993, 6838502.59219457, 195124234.77319005, 3266153.220376131, 7273191.495581165, 35371954.95832155, 1764561.6340851244], "train_accurs": [], "valid_losses": [11303.246303013393, 929.9534683227539, 5398.351937430246, 85192.33733258929, 8437.025207519531, 5493.4879150390625, 1790.8281816755023, 16747.986310686385, 47352.87064034598, 3230.2112557547434, 8324255.3125, 79321969.42857143, 2158487.9375, 568986.1138392857, 1275834.9776785714, 525136.2310267857, 1893105.2723214286, 585779.9196428572, 558766.2622767857, 283942.09821428574, 112121.12876674107, 120029.28529575893], "valid_accurs": []}