{"train_losses": [0.18136842296552405, 0.16596926551647287, 0.16864275910630427, 0.17212845795053652, 0.17060349430277866, 0.1984174023899767, 0.20947677535670145, 0.2108380358725313, 0.23062765608152386, 0.2306520864958801, 0.23732161088279946, 0.24748437370730456, 0.24728013103995375, 0.25253534060779703, 0.25290691637724794, 0.25304400615354694, 0.26054855810586736, 0.2596108901989523, 0.2633974411027141, 0.2674289385753649, 0.26658053802592413], "train_accurs": [], "valid_losses": [0.08068990807182022, 0.08274079912475177, 0.1311584124341607, 0.13888435385056905, 0.14051709004810878, 0.17171532288193703, 0.17345735058188438, 0.19602541998028755, 0.1967741274940116, 0.19849328590290888, 0.21061784295099123, 0.2073273669396128, 0.20918228503848826, 0.2180332826184375, 0.21821061096021108, 0.227583343695317, 0.22725942491420678, 0.2269778810441494, 0.23117395064660481, 0.2309544932629381, 0.23156489485076495], "valid_accurs": []}