{"train_losses": [0.26015570859226705, 0.12251894206348048, 0.11269102766014197, 0.11109955011281222, 0.07651485604701808, 0.03831710035984333, 0.037852235757893295, 0.03665985912927405, 0.03548624736522388, 0.040971025744478355, 0.03932703128168823, 0.03704181781283061, 0.0353770917365791, 0.04010645813430866, 0.046721312664112086, 0.04468491501954481, 0.04349075699418918, 0.04229226444607676, 0.05669743201075906, 0.0564174490656316, 0.05485155502106674, 0.05358363689256335], "train_accurs": [], "valid_losses": [0.032128071429074874, 0.031744685439792066, 0.03219241831850793, 0.03350450361280569, 0.03924169780553451, 0.038757037304873974, 0.03798056616713958, 0.03693272269863103, 0.03653678876746978, 0.04425426855284188, 0.046695485045867305, 0.04494553737874542, 0.04516212026854711, 0.06014386025656547, 0.05974626903688269, 0.06367429365803089, 0.06323168453361307, 0.06321843354297536, 0.0905276598142726, 0.08893282664939761, 0.08567009932760682, 0.08510371959502143], "valid_accurs": []}