{"train_losses": [17.743144690181335, 344.881125522415, 15.705557714220625, 16.76725814353287, 8.725867758844284, 0.025945635914920547, 0.021513947372101414, 0.01941324373268906, 0.019046458922436133, 0.03737768582258019, 0.03751332707264844, 0.03752415787378048, 0.055173290273958474, 0.03985745341799378, 0.041777058593018564, 0.04120572886484511, 0.04130557814098861, 203.65265039233617, 0.6257853138753596, 0.032352968374039656, 0.03429007836579602, 0.03630572832421278, 0.03547180001939988, 0.03900604526937952, 0.03949239489525489, 0.06699778146965943, 0.03963577578569093], "train_accurs": [], "valid_losses": [19.250335471970693, 13.357427205358233, 18.015361172812327, 17.273501873016357, 0.02811154633361314, 0.023195391670534655, 0.01792665381383683, 0.020383914899347082, 0.020697204911682223, 0.04203791221204613, 0.039235570201916356, 0.041213431561897905, 0.039623242004641464, 0.04424820813749518, 0.043497752165421844, 0.04227582854218781, 0.044170613101284416, 8.121091169970375, 0.0343638266203925, 0.028372285222368582, 0.027768568701243827, 0.031706638068759015, 0.0365492272789457, 0.038606370433366725, 0.03716619612116899, 0.039436735811510255, 0.04106410359963775], "valid_accurs": []}