{"train_losses": [0.7795338827781576, 0.6417465818622125, 0.522352399334075, 0.3267655413814638, 0.2917971661876118, 0.3119722501271301, 0.30400543929959734, 0.29247694371869326, 0.35027295660483776, 0.3261790215062401, 0.346203159442339, 0.36731615629066866, 0.34468766751270447, 0.3864187175240466, 0.3788935560043211, 0.37095561002691585, 0.4065480965667616, 0.3856510810317501, 0.41147788517453054, 0.41845650921659494, 0.4032738592337679], "train_accurs": [], "valid_losses": [0.2878544974539961, 0.3058273667203529, 0.3169166200927326, 0.301845447825534, 0.2961154715823276, 0.35172280482947826, 0.37142519785889555, 0.45410555388246265, 0.45481632703116964, 0.47137727056230816, 0.5639948115817138, 0.5831077487340995, 0.5775620421128613, 0.6928581818938255, 0.7098951685641494, 0.8052816625152316, 0.7712519051773208, 0.7252497098275593, 0.8373634155307498, 0.8237316262509141, 0.8373293429613113], "valid_accurs": []}