{"train_losses": [0.07343803239720208, 0.04935142319038432, 0.06416567035817675, 0.07930923645537366, 0.05640657326925999, 0.07962560571887821, 0.07029514997044489, 0.06084856467577752, 0.1023239685202796, 0.07732771040635213, 0.09204348927442596, 0.10273778340508224, 0.08070425580319747, 0.11400167957421332, 0.09626256736862675, 0.08836501745615528, 0.11748014105651429, 0.09166081308352726, 0.10680730063369666, 0.10557254058895288, 0.08792920420981115], "train_accurs": [], "valid_losses": [0.06901471676038844, 0.07646114558779768, 0.15122500487736293, 0.14094536658376455, 0.1366092517439808, 0.2017536281741091, 0.2114880196750164, 0.31330479654882637, 0.24086180382541247, 0.25374177736895426, 0.3264781582568373, 0.3208327830902168, 0.31515524483152796, 0.34322798704462393, 0.33368425709860666, 0.40771851422531263, 0.41912539675831795, 0.38828680265162674, 0.41067722014018465, 0.41772802520011154, 0.41439492761024405], "valid_accurs": []}