{"train_losses": [0.3164087631912143, 0.23565824513160993, 0.16759149802641737, 0.05222942770296146, 0.04834142095217156, 0.0823534404385894, 0.08285911768556588, 0.07721497415609303, 0.14072521261516072, 0.1281790634193433, 0.15520128924103957, 0.18911265989854223, 0.176564082473753, 0.2507742574566571, 0.25274988628490264, 0.24927982323305317, 0.29621092381852643, 0.27299820395216107, 0.2948013780510457, 0.30333883098508946, 0.2833753984874834, 0.33998502714056816, 0.3178137117139404, 0.31956446409304307, 0.347452375998415], "train_accurs": [], "valid_losses": [0.04482341990140932, 0.04249197534019394, 0.033041482691520026, 0.037031088689608235, 0.024553406617737243, 0.09141014090606145, 0.07957944666434612, 0.16499135177582502, 0.1451720782954778, 0.16295421668993576, 0.2659729708518301, 0.24853064146425044, 0.24495291896164417, 0.41420717697058407, 0.3958473979894604, 0.5209316999784538, 0.48626304417848587, 0.533097254378455, 0.5917122124561242, 0.6171135599059718, 0.6176202504762581, 0.6943694246666772, 0.7185528821178845, 0.75540720139231, 0.7311207715954099], "valid_accurs": []}