{"train_losses": [0.8967006654895808, 0.7072868900735994, 0.7009116104757624, 0.717079881157271, 0.4066805520908258, 0.06963933076355522, 0.0737227788911416, 0.07240028173253951, 0.07443631166904086, 0.11697049379112763, 0.11763583716190508, 0.12361205491443834, 0.11330202231984332, 0.1215942733546053, 0.10484036998781143, 0.1161936698692147, 0.10333761750674086, 0.112906858240722, 0.1649926418514408, 0.17637699444639196, 0.17269361563600027, 0.17455418721448243, 0.16026513005408766, 0.15887021047497227, 0.1533529621072754], "train_accurs": [], "valid_losses": [0.5885531125324113, 0.5761508228523391, 0.666874827018806, 0.574443984244551, 0.00906659577075126, 0.028789271267929246, 0.01563752966467291, 0.015513026637823455, 0.01685666261307363, 0.05562094446005566, 0.07807528746447392, 0.08995054130043302, 0.07829124480485916, 0.05362800023119364, 0.04217532875814608, 0.04497715321901653, 0.04283617253947471, 0.044500667468777726, 0.09313859491209898, 0.10073735564947128, 0.10613303046141352, 0.09319978074303695, 0.08709185271124754, 0.07883086820532169, 0.14740900043398142], "valid_accurs": []}