{"train_losses": [0.9440888472541964, 0.9108232961655742, 0.9079800743053402, 0.9070201631450006, 0.5194593312901474, 0.10687234705288755, 0.10592674132756788, 0.10334807541642793, 0.10255318636925917, 0.07936441476090192, 0.07674914642713324, 0.07774938959881192, 0.0745171280746344, 0.07086278314858135, 0.06515478376905977, 0.0631233092220458, 0.06288323966929546, 0.06208403523151691, 0.06024057574452183, 0.06047031651272089, 0.058383832407516864, 0.058527023173295535, 0.06282216025625958, 0.06929112278868979, 0.0683899149888646, 0.06740899268554616, 0.06634793058459171, 0.07097403126098721, 0.070260769101829, 0.07038814828592053, 0.06940448217144514, 0.07320602242392382, 0.07837419579336546, 0.07634546706343398, 0.07562303087964856, 0.07504842730820584, 0.07677489065257538, 0.07402703163900931, 0.0728925689844187, 0.07232125150250499, 0.07172927373758943, 0.06767626935658277], "train_accurs": [], "valid_losses": [0.9115442857146263, 0.9112311282328197, 0.9116311648062297, 0.9138052495462554, 0.09580501248793942, 0.09309762456853475, 0.08881056228918689, 0.08754526338140879, 0.09135735660259213, 0.09221349882760219, 0.08660273473443729, 0.08741474085088287, 0.09125308406406216, 0.07384307050545301, 0.07757965215880956, 0.0806870225683919, 0.07584232836961746, 0.0751957369835249, 0.07483720067622406, 0.06845779959777636, 0.07284054692302432, 0.06633981902684484, 0.07996744043858987, 0.08915342995896935, 0.0798406592304153, 0.0806972673162818, 0.08060744943629418, 0.08514466216521603, 0.08549749398870128, 0.08553151646628976, 0.0815952796089862, 0.09125559111790997, 0.09091996827295848, 0.08985691211585488, 0.09626144802729998, 0.09342927951365709, 0.09281579444983176, 0.09692105524508017, 0.09626400324382953, 0.09226545505225658, 0.08839545206033758, 0.08822540932201914], "valid_accurs": []}