{"train_losses": [1.050663347697366, 1.0093853911932777, 1.0067873866175094, 1.0092362209277994, 0.5547021108161135, 0.05226977174149244, 0.05222610339556075, 0.05222076639044204, 0.0522836058682918, 0.04630741484598067, 0.0459388217286152, 0.0459679988849217, 0.04591115366465231, 0.04432887241783725, 0.042251183946376746, 0.04223186356264137, 0.0422666646999505, 0.042238554327297805, 0.041939787802653075, 0.041916645599773567, 0.041923879342347516, 0.04195656838333782, 0.04185515201368213, 0.041704450181908735, 0.04173258103733688, 0.04175533988087425, 0.04173016902565012, 0.04255521446213598, 0.042698329057527615, 0.04269911916462949, 0.04268596022984021, 0.0421275126355873, 0.04083017378674643, 0.04087934791788931, 0.04087309811550837, 0.040850455851643874, 0.043223797217247444, 0.04381778655464158, 0.04378391476980162, 0.043791146856222755, 0.043650963533315726, 0.04315928754510518, 0.04320724696612061, 0.043160554948705354, 0.043141251446771944, 0.041771293221656826, 0.04133807091101397, 0.04131575979764375, 0.04134624306011389, 0.04184799782122692, 0.043730526821207406, 0.043795080391934554, 0.04376938256405597, 0.043761243453729746, 0.04466413391745603, 0.0449888837182414], "train_accurs": [], "valid_losses": [1.0069000720977783, 1.0033990293741226, 1.003381640783378, 1.003494143486023, 0.053511175593095164, 0.05348746292293072, 0.05349726017032351, 0.053492902778089046, 0.053482566394710114, 0.047142368741333485, 0.04713550529309681, 0.04722598491103521, 0.047076745125065954, 0.04332842940597662, 0.0433358838116484, 0.043421333256576745, 0.04337551068913724, 0.04346601655041533, 0.04297786302465413, 0.04315663734450936, 0.043061576484303386, 0.04302638556276049, 0.04287491811971579, 0.04281386915993478, 0.043451235662879686, 0.0428284132254443, 0.04278750321827829, 0.04390404200447457, 0.04374768219089934, 0.043850721192679236, 0.044141389263261645, 0.041898172648091404, 0.04208556153545422, 0.04230279771478048, 0.04191250583556082, 0.041892227051513534, 0.044932218634390404, 0.04509357871886875, 0.04497086679163788, 0.045153449123193114, 0.04428233572148851, 0.04434737373542573, 0.044265067005263906, 0.044391748029738665, 0.04447111610456237, 0.04240665222252054, 0.04243609126258109, 0.0423953402787447, 0.0423635533079505, 0.044862290079306276, 0.04486775817349553, 0.04489632053965969, 0.044862863241827915, 0.04509865412754672, 0.04612973375645067, 0.046935529581138065], "valid_accurs": []}