{"train_losses": [1.8899843298568928, 1.5689048579445593, 1.428209064971833, 1.258818933099666, 1.2674642082244632, 1.1494121026425135, 1.0708935031342128, 1.0541560192587514, 0.879769821488668, 0.8634324631205311, 0.8171361522384422, 0.7457819668546556, 0.7232248165777752, 0.6770354360342026, 0.6555139027417652, 0.636156968496464, 0.5832664139135174, 0.5724005805594581, 0.5832043923634701, 0.5875566622646398, 0.5781596786288358, 0.591986165475593, 0.5818592453050235, 0.5697868803033123, 0.5364426739080242, 0.5305031746152847, 0.48232765558850826, 0.4437054648364662, 0.43577463396642574, 0.4223767608088791, 0.41912637201566544, 0.4377214741060343, 0.5125532341460702, 0.502963238134586, 0.522988920292211, 0.5222468196399628, 0.5244820923716934, 0.4969926701967048, 0.4864056784482229, 0.4974937157498466, 0.5235763148813651, 0.5100315179695528, 0.4896591889164435, 0.46892413077136824, 0.4640518618087289, 0.42939838534467434, 0.4248689101447189, 0.4409983266913702, 0.46026175043412615, 0.4503341709416379, 0.48006851482328283], "train_accurs": [], "valid_losses": [1.4388508817979269, 1.3838487224919456, 1.146353186241218, 1.1083457012261664, 1.1294724430356706, 0.8806789176804679, 0.9809336438775063, 0.855830583189215, 0.8491162242633956, 0.6766374558210373, 0.6274781801870891, 0.6847568787634373, 0.6698095133262021, 0.6320720314979553, 0.734444855579308, 0.5491752986397062, 0.6168998517096043, 0.5318020933440754, 0.49261652837906567, 0.6789291266884122, 0.5150207696216447, 0.5220584709729467, 0.575537169618266, 0.5528371600168092, 0.5445033285234656, 0.54020412213036, 0.4696409058357988, 0.40938439113753183, 0.4145466557570866, 0.431686776557139, 0.3927617424300739, 0.48788836545177866, 0.5764312552554267, 0.5555094155882087, 0.502933925815991, 0.49166530690022875, 0.474939476698637, 0.46125380215900286, 0.4180328920483589, 0.5455013151679721, 0.4837987082345145, 0.5341189668646881, 0.5176415310374328, 0.42955040239862036, 0.5037940618182931, 0.4101938232779503, 0.39286967154060093, 0.43470241501927376, 0.4259473053472383, 0.45249083478535923, 0.45601904072931837], "valid_accurs": []}