{"train_losses": [0.0648744802551167, 0.058477486968377596, 0.05615514056647525, 0.05432870611969837, 0.05396788440459319, 0.05413222352118648, 0.05104172021799565, 0.048294544047191405, 0.045379294489185866, 0.05061351143801374, 0.048171627545956844, 0.045600090437143095, 0.04358350278228117, 0.05142993548236012, 0.062423034010632004, 0.057696926588723565, 0.05456301779170179, 0.05195127139331528, 0.06591743624419379, 0.06246248785853049, 0.059069993574913944, 0.05707669054996644], "train_accurs": [], "valid_losses": [0.060429640646491735, 0.05849680098305855, 0.058726973698607514, 0.0592373109289578, 0.0643001761553543, 0.06795773528782385, 0.06736569026751178, 0.06964730298412698, 0.06952453810455543, 0.07707357180437871, 0.08383038167708687, 0.08317920465820602, 0.08563549976263728, 0.1382601454055735, 0.11827702979956355, 0.12676270911470056, 0.13860661130664603, 0.14110378827899694, 0.1974813382008246, 0.19558703686509812, 0.1981274899361389, 0.21982109054390872], "valid_accurs": []}