{"train_losses": [2.1212903418868936, 1.6032740907378928, 1.467818045584613, 1.369441874680065, 1.3612584411782562, 1.3490170346839088, 1.2284563140421318, 1.1797776606978563, 0.9484351253698743, 0.8684958890474662, 0.8123896228415626, 0.6821872176474364, 0.6553016766984626, 0.617118498951039, 0.5672971445810858, 0.5640314570258534, 0.5237733606229383, 0.5244890305967558, 0.5107416277209287, 0.4734620467301399, 0.46600447721266874, 0.521702375716318, 0.5642362804245696, 0.539066664401501, NaN, NaN, NaN, NaN, NaN, NaN, NaN, NaN, NaN, NaN, NaN, NaN, NaN, NaN, NaN, NaN, NaN, NaN], "train_accurs": [], "valid_losses": [1.6955457925796509, 1.8913081458636694, 1.5056669924940382, 1.2273134365677834, 1.2971992120146751, 1.2001814022660255, 0.9703532052891595, 0.7549687437713146, 0.5953785686620644, 0.494775620422193, 0.495257454259055, 0.5084380523434707, 0.41885095834732056, 0.4361461342445442, 0.3704081289470196, 0.5983975673360484, 0.4140113283480917, 0.4354900355849947, 0.4267183057963848, 0.46564727436218945, 0.44410835046853336, 0.31344604465578285, 0.4301328627126558, 0.4214032973561968, NaN, NaN, NaN, NaN, NaN, NaN, NaN, NaN, NaN, NaN, NaN, NaN, NaN, NaN, NaN, NaN, NaN, NaN], "valid_accurs": []}