{"train_losses": [0.6741193223882604, 0.649883012725878, 0.47352007367505283, 0.117080158440682, 0.09537589950142084, 0.13568822308763784, 0.13713625996871284, 0.12649542310092815, 0.18469911817678067, 0.1608261539152375, 0.18406661667875826, 0.21168174337418305, 0.19465795477664977, 0.232284925434561, 0.223364636735626, 0.22309240282922194, 0.25440096525012185, 0.23448773586836757, 0.2588807031827629, 0.2714233249918651, 0.2509215618015597], "train_accurs": [], "valid_losses": [0.06083450433132904, 0.06556216421137963, 0.14721785552267516, 0.11381080453949315, 0.1070805387571454, 0.17758708008165872, 0.178399732469448, 0.259517711188112, 0.26828367156641825, 0.24250631140811102, 0.3177113075341497, 0.30681416152843405, 0.32217516457395895, 0.36606005685670034, 0.3663264201687915, 0.41586424596607685, 0.4195898744676794, 0.39297150873712133, 0.48132307454943657, 0.47488402255943846, 0.47701937119875637], "valid_accurs": []}