{"train_losses": [0.20791294955939213, 0.19262903394601333, 0.16581743090319886, 0.10713170478662486, 0.08595857341532354, 0.12167845742294083, 0.11484795704819065, 0.10465626868483409, 0.13601563823108792, 0.1146191793084933, 0.13174276168226565, 0.13747616338903312, 0.11918447390888576, 0.15482327063129378, 0.13484530578116102, 0.13333826921091824, 0.1613929242132202, 0.13526277556010183, 0.16270775459805337, 0.15529556507885298, 0.1368806023722288, 0.1788397312223438], "train_accurs": [], "valid_losses": [0.07620047352143697, 0.06777287208076034, 0.13970092045409338, 0.14202818207974946, 0.11468579660036735, 0.2111017399334482, 0.2219058575906924, 0.256823976125036, 0.2515761708574636, 0.2443324401974678, 0.3611537329852581, 0.3179041538387537, 0.3087195719459227, 0.39132522898060934, 0.4145528767257929, 0.45983131708843367, 0.45277385839394163, 0.4565033843474729, 0.4874686574829476, 0.4828702426914658, 0.49755931752068655, 0.47743254421012743], "valid_accurs": []}