{"train_losses": [3.6895184230345945, 2.942464187943558, 2.9155294075271123, 2.922908706902379, 1.6128466177849747, 0.1132412367411868, 0.11634887202866206, 0.11303841112796807, 0.11477833953833554, 0.12538222829512072, 0.12153192746929184, 0.13267599777803163, 0.12992944322290464, 0.1430782576626782, 0.15721784282593707, 0.157363172232835, 0.15810463545481543, 0.1593399357505783, 0.08873465232449959, 0.08633875483183434, 0.0807447034772907, 0.07989859846483797, 0.0870816686687932, 0.0962357960801521, 0.09739775217361579, 0.09903393315395753, 0.09170240273791876, 0.06901466472883502, 0.06526645640863687, 0.06300279132313857, 0.06090687594178441, 0.06612929861309909, 0.06394500452898678, 0.06181732372578857, 0.06484987417750095, 0.06528657217134987, 0.05912775192536178, 0.053408994521667585, 0.051924635120983574, 0.05530710748030185, 0.06898994758204721, 0.0873381924853403, 0.08779122575915238, 0.09638748052045366, 0.0849893299980738, 0.0816230307548092, 0.08286692017512354, 0.07997341557696663, 0.08264363758114264, 0.08232653659781045, 0.07798545415264584, 0.07704127304323388, 0.07818562260142009, 0.08070557022559967, 0.06392528881567501, 0.06147217593783707, 0.06143800800927489, 0.06398106464585163, 0.06935977917459553, 0.07785358805023977], "train_accurs": [], "valid_losses": [2.8860855230263303, 3.0699853769370486, 2.848338497536523, 2.866798630782536, 0.0654352103093905, 0.0998416847682425, 0.06379025482705661, 0.14127621507006033, 0.07256399467587471, 0.23146843165159225, 0.0730486367829144, 0.12486708895968539, 0.07518395415640303, 0.168672950938344, 0.29873730189033915, 0.1075201119695391, 0.2004400904157332, 0.11404437917683806, 0.039236389532951374, 0.07164450608459967, 0.040582000211413415, 0.06429376725905708, 0.07304173994011112, 0.04702714078926614, 0.18461689885173524, 0.051012356233383925, 0.048099338077008724, 0.11204680614173412, 0.022200853513952876, 0.020997401493202363, 0.0358947941900364, 0.039848348192338436, 0.05633823600198541, 0.028218201893780912, 0.03013870875085039, 0.10648473019578628, 0.046873012956764014, 0.019548548651593074, 0.04281654771018241, 0.01746227856658931, 0.2911868305610759, 0.24064407098506177, 0.039768942997657826, 0.05487820509422038, 0.0661777975037694, 0.035520125745928714, 0.04266625233659787, 0.05222587510278182, 0.03846962843090296, 0.07330304051616363, 0.05452320585027337, 0.20882340068263666, 0.0625120292284659, 0.034966837016067336, 0.03286169908408608, 0.1649343996707882, 0.06829102217618908, 0.0701583433630211, 0.3779520355165005, 0.04397372844895082], "valid_accurs": []}