{"train_losses": [26.712464873752896, 19.81182851299407, 13.94734983675911, 3.7586574163435706, 4.878983799959459, 1.200454856559792, 0.038062170335145855, 0.04178252552079145, 0.11200516802017335, 193.04554210064154, 0.16240335102119144, 0.20183362833485402, 0.1983985258906922, 0.20870211793395577, 0.21592564183095145, 0.2775704078770504, 0.2569074926001054, 0.292199732548503, 0.3022976717542088, 0.32218551767802744, 0.2913890642227319, 0.2393965327313968, 0.20790997427449656, 0.18921561366705983, 6513.613424769213, 0.20021981247281903, 0.2377582547407617], "train_accurs": [], "valid_losses": [15.175977911267962, 11.689436946596418, 4.966301113367081, 0.8714644271780604, 1.0153715165465005, 0.0289012755134276, 0.02108385186043701, 0.1017459649592638, 0.11995232118559736, 0.07804092645112957, 0.21944562212697097, 0.2092861458659172, 0.2000916799796479, 0.17114103718527726, 0.18422021264476435, 0.2000470110880477, 0.18131408680762565, 0.18870580329426698, 0.22504263291401522, 0.21909653528460435, 0.18791005361293042, 0.14615244019244397, 0.18863331153988838, 0.22430090659431048, 0.17096722232443945, 0.10692570597997733, 0.21877142041921616], "valid_accurs": []}