{"train_losses": [0.09676902773221153, 0.044306751075137527, 0.034401836809259734, 0.030994239073600705, 0.03109003587866126, 0.031247170528236827, 0.03059386878750578, 0.029747574206660774, 0.028693959340284583, 0.04139263764428337, 0.04073076604178588, 0.038879710565662494, 0.036864441216868514, 0.03957258756546413, 0.04364995756165474, 0.04167642470078366, 0.04023571304420675, 0.038959305501665195, 0.05978811368329358, 0.05986919482048955, 0.05818550298791126, 0.05654428184993262, 0.0618448122509869, 0.07304694274297127], "train_accurs": [], "valid_losses": [0.01052587831301415, 0.01060098465469699, 0.011010126733578676, 0.010309583176941877, 0.031100153241173496, 0.030206107551098933, 0.029758744573752795, 0.029537264407346293, 0.028929265099577606, 0.04406517444710646, 0.04480100359900722, 0.04496223060414195, 0.04579323743070875, 0.059795484345938475, 0.06165028290290918, 0.060956037802887816, 0.061631348582782915, 0.06358918960073165, 0.09566139103844762, 0.10040154680609703, 0.0964737897073584, 0.1006960806969021, 0.13101858938378946, 0.15047246337469136], "valid_accurs": []}