{"train_losses": [0.14434213381477448, 0.12067962703467519, 0.11789815222460126, 0.10074042706755261, 0.08132755344428083, 0.11072368323605843, 0.10682471601105241, 0.09828771668037882, 0.13635174834006836, 0.11138533764868659, 0.12695036693008016, 0.13110329102843055, 0.11242087914179714, 0.1551634142884896, 0.1314365767908317, 0.12919011137019548, 0.15589226878410767, 0.12524644417501002, 0.1603594563664898, 0.1500474694505255, 0.12945101130260991, 0.17596050470614086], "train_accurs": [], "valid_losses": [0.06840238207951188, 0.053578163630196025, 0.1945180209087474, 0.15876074920275382, 0.1406471584258335, 0.23662507400981017, 0.2144677315705589, 0.2962376038943018, 0.277006400216903, 0.26784660374479635, 0.3619532965655838, 0.36033923365175724, 0.34752573791359154, 0.4351596526269402, 0.45096833870879244, 0.5100823976099491, 0.5121645789061274, 0.49739022446530207, 0.5651320937488761, 0.5606697366705963, 0.5317254162260464, 0.6112933680415154], "valid_accurs": []}