{"train_losses": [0.5083652999403789, 0.19688252162407427, 0.17948432845733553, 0.18246006763359002, 0.11141531791841418, 0.034633759522970715, 0.03406770422852417, 0.03380178132545355, 0.03366859958030924, 0.04140886043649319, 0.04174038453019178, 0.0417037007158698, 0.04164520836102342, 0.04238866597026317, 0.043372220861224026, 0.043300360567631764, 0.04303628285478683, 0.04259911578831292, 0.044490521942261115, 0.04415597075520598, 0.04361806790095783, 0.043276226325002734, 0.044525859839539994], "train_accurs": [], "valid_losses": [0.005067161950137233, 0.005064607894642644, 0.005046016140113352, 0.005055394912363097, 0.03358230174386075, 0.03359850965041135, 0.03357882538278188, 0.03357749059796333, 0.03357061717127051, 0.04254825985325234, 0.042545796338734884, 0.04254994767584971, 0.04254662368579635, 0.04457815979341311, 0.044537995875413926, 0.04452542983926833, 0.04456132999621332, 0.04480955536876406, 0.04716047431741442, 0.04717323909114514, 0.04773006954097322, 0.047732681734487414, 0.04893102912631418], "valid_accurs": []}