{"train_losses": [0.33942846599882004, 0.2890769351459197, 0.24802515466963004, 0.21906227294810757, 0.1940819969678896, 0.17256999499590148, 0.15613869722612303, 0.14181373684721835, 0.1318610455351987, 0.11722500359310824, 0.110199062870099, 0.10329694455969927, 0.09754635241910882, 0.0914343536844081, 0.08721502678999804, 0.08256030830289174, 0.08062974095546821, 0.07744519860058079, 0.07443181608226235, 0.0714598434442039, 0.06983524399948605], "train_accurs": [], "valid_losses": [0.013139479652246726, 0.01320161106663623, 0.013243373051019651, 0.013165978639985301, 0.03783641419639545, 0.037567096263436336, 0.037547725452376265, 0.03749905423527317, 0.037743580261511464, 0.04149029606820217, 0.04142532560841313, 0.04138468551848616, 0.04165157110297254, 0.04369800501236958, 0.04358893918937871, 0.04363221878052822, 0.04362085202176656, 0.04363906543169703, 0.04360400748971317, 0.04350141798412161, 0.04356299157786582], "valid_accurs": []}