{"train_losses": [0.7695056646388041, 0.5374424988193209, 0.41803366026727323, 0.3594407016807552, 0.2287911974669042, 0.09996998709588568, 0.08713504453758579, 0.07900754090111989, 0.07394487795955186, 0.060095232848196005, 0.05651233913334786, 0.054155710798043474, 0.05248711118685309, 0.05139350297342463, 0.05033417975285609, 0.04930052251820516, 0.04876592442629294, 0.048161603371313526, 0.04698659723616159, 0.04644886394583397, 0.04608133935887889, 0.04592188818135817, 0.04608035115398702, 0.04561189606752061, 0.04531619098560034, 0.04525160109750691, 0.044984863312468266, 0.04468343275434831, 0.04488077040390866, 0.044675713202734876], "train_accurs": [], "valid_losses": [0.25199136164571556, 0.25163045631987707, 0.25155155839664595, 0.2514766976237297, 0.0473057317347931, 0.04734175732093198, 0.047380831824349504, 0.04738521881933723, 0.04752044875307807, 0.04256110691598484, 0.04258214735559055, 0.04256497396688376, 0.042566113805930526, 0.04392085164519293, 0.04391150492509561, 0.04395538485342903, 0.043913436421592324, 0.04393805756366679, 0.04369409402300205, 0.043684463681919236, 0.04369192676884787, 0.04367845106337752, 0.04394971755599337, 0.043952091031574776, 0.043948640348389745, 0.04395930981263518, 0.04394733815986131, 0.044035762382139056, 0.04403076906289373, 0.04403087543323636], "valid_accurs": []}