{"train_losses": [2.3242309306349074, 2.2500051034506034, 1.5715117754523085, 0.3221121780061848, 0.32018757219273575, 0.28208152009617715, 0.26657318960500775, 0.2648846137105788, 0.2408619945247968, 0.24102074465660192, 0.23534367726278052, 0.22818185140689215, 0.22788440966338078, 0.22407154713279356, 0.22240228276877178, 0.2232472920622775, 0.2296963518968335, 0.22998750925300612, 0.22306354578446458, 0.21550128869121038, 0.2155758384319525, 0.2066135384221241, 0.20518580812310416, 0.20747719537565318, 0.22164688978797545, 0.22128289622604533, 0.2194592779078496, 0.2178089851661334, 0.2177839221620055, 0.22352704082531905, 0.2240351729055561, 0.2245305004731688, 0.2251852150592539, 0.2253609031793617, 0.22776349292939932, 0.22920660934750997, 0.2291225902736187, 0.2318100691551254, 0.23152731053491749, 0.23326501892830329, 0.23615798149159345, 0.23618949721099208, 0.24656223899946011], "train_accurs": [], "valid_losses": [1.0696273850543159, 1.0157954628978456, 0.26395719152476105, 0.27875930815935135, 0.2484011956091438, 0.29504693884934696, 0.23320899877165044, 0.18646326315190112, 0.22910240345767566, 0.22483908385038376, 0.22403635723250254, 0.18599398487380572, 0.2017963890518461, 0.18854476431650774, 0.2226314919867686, 0.1944473156971591, 0.22238772176206112, 0.26024923473596573, 0.21505424353693212, 0.19481964595615864, 0.19521044407572066, 0.213513510035617, 0.1668692577098097, 0.17690533053662097, 0.23509795724281243, 0.16765948784138476, 0.1732167716005019, 0.1876456793397665, 0.20338432224733488, 0.21089278028479644, 0.20711012477321283, 0.25073342796947273, 0.2046355384268931, 0.21628228229071414, 0.2321056124887296, 0.23052677937916347, 0.2239526148353304, 0.216932298881667, 0.23028614372015, 0.2334373886031764, 0.2296437235283, 0.22440632406089986, 0.24958541058003902], "valid_accurs": []}