{"train_losses": [6.770594146819069, 0.11744509067605524, 0.15047353801920132, 0.12245824380158299, 0.07213124956059105, 0.43840168164284454, 0.024405262205429476, 0.2078403488846656, 17.756625759697677, 0.039267029604828196, 1.0957781863672769, 44.529938076972556, 0.3516698234558645, 0.1014313621665625, 0.04936195836229697, 215.53611342056456, 7.417828178581069, 0.7890804751662377, 0.06578641745569479, 20.745713764742625, 0.25300959309740034, 0.058956858348017095, 3.5497492498199863, 0.04595232730503805, 5.0446222165970305, 0.26707964090470276, 3.486523358678083, 0.4931372038733501, 0.8742683186486566], "train_accurs": [], "valid_losses": [0.08077942313892501, 0.08380418809662972, 0.07934409300131458, 0.08267570400078382, 0.024226964584418705, 0.02427349251229316, 0.0242941445737545, 0.024206444937070564, 0.024175655828522786, 0.04184644556205187, 0.04136287986433932, 0.08902700398383397, 0.04135102539190224, 0.040788040097270696, 0.04097653236905379, 4.50406323160444, 0.05444356200418302, 0.04177011250119124, 0.05390281732460218, 0.05985355117757406, 0.05313438556290099, 0.05309964982526643, 0.04680621238159282, 0.04674463166988322, 0.046752106897266846, 0.08396084846130439, 0.046744837725002854, 0.044996226605560095, 0.0449950377722936], "valid_accurs": []}