{"train_losses": [0.35451600808498546, 0.2984634398132967, 0.2854852064162897, 0.2718118072837187, 0.18570308522131648, 0.08861281797795544, 0.08323910228098949, 0.07845792247665144, 0.07493062926734465, 0.06654738236168121, 0.06381665816640153, 0.061409494220131665, 0.06010248878658896, 0.058100352367192375, 0.055483787282627095, 0.055178401174183885, 0.054001650937339836, 0.05309747340267196, 0.051677959414864826, 0.051350508319272986, 0.050804476047196, 0.05029103206681315, 0.04996243133146434, 0.04977572936884958, 0.04946814010518169, 0.04893102705883225, 0.048676212280314435, 0.048161177251201406, 0.04792253017358111, 0.04775259366503398, 0.04743191205403384, 0.04721700030113507, 0.046820065352172334, 0.04688117509008263, 0.04668266739173712, 0.04627652616320153], "train_accurs": [], "valid_losses": [0.22660686341779573, 0.2266544502760683, 0.22657750041357108, 0.22641695689942157, 0.048037533016343205, 0.04824110070642616, 0.047997802030295134, 0.04819441719778946, 0.04799229817997132, 0.0444760885355728, 0.04447173729671964, 0.044537796040198634, 0.04453458028313305, 0.04398585566585617, 0.04396657622419298, 0.04396370153075883, 0.04397599518831287, 0.04399796146234231, 0.04420352620737893, 0.04415979874985559, 0.04415916684748871, 0.0441653291761343, 0.044791832632784336, 0.044786680389993956, 0.044823658685865145, 0.0447953305473285, 0.044784365986873, 0.044700624787115624, 0.04470414046331176, 0.04469996760599315, 0.044700130787012834, 0.044608950415360074, 0.04456571772295449, 0.04457735523049321, 0.04457558032923511, 0.04456187977588603], "valid_accurs": []}