{"train_losses": [0.022148450598440964, 0.020932914453191995, 0.01882254055435706, 0.016614408656845197, 0.029232928308139963, 0.04157247982615799, 0.037042019787619555, 0.033919665457815676, 0.031484567884743485, 0.05099231583525625, 0.046504473130374605, 0.042499123375053724, 0.03924794393334521, 0.044629693644466846, 0.05120666134613672, 0.0465151416348521, 0.043608423610053515, 0.040299181438712785, 0.060567583928803376, 0.05610698170757671, 0.05061209211294535], "train_accurs": [], "valid_losses": [0.02082018045309399, 0.02132100670132786, 0.024569276786808456, 0.024937039756748294, 0.06464339067627277, 0.07257895470995988, 0.08451232620115791, 0.09288574562274984, 0.09847477105047021, 0.1886539070733956, 0.20222561872963393, 0.21831167795296227, 0.1876946955120989, 0.27098558922963484, 0.28544397226401735, 0.28879587245838984, 0.242775632334607, 0.26927205228379797, 0.3381720384848969, 0.3185855094343424, 0.3140552365886314], "valid_accurs": []}