{"train_losses": [0.48046648407739306, 0.3579396939388028, 0.24688200060790652, 0.05828849947641766, 0.05749233978647719, 0.10291473094925836, 0.12157517910082505, 0.12464688236396464, 0.1758298923966115, 0.17546930069488192, 0.18987886877681212, 0.20973865315318108, 0.20990537743640955, 0.22729190746470104, 0.2322005640774492, 0.2327290027742348, 0.23372665635019382, 0.23369203121573837, 0.2364974447856189, 0.2395338196721342, 0.23947918785627556], "train_accurs": [], "valid_losses": [0.015469919216619539, 0.020616134628653526, 0.04010795974837882, 0.04053866384284837, 0.04160513249891145, 0.11913760631744351, 0.11669321398117713, 0.16838547161647252, 0.16319972729044302, 0.14720702650291578, 0.18989511712321214, 0.19307635112532548, 0.22282178620142595, 0.2202579097024032, 0.21514107606240682, 0.22143730893731117, 0.2105249674724681, 0.21827380199517524, 0.23252927166010653, 0.21260984987020493, 0.2077778966299125], "valid_accurs": []}