{"train_losses": [1.0410560129811524, 0.8888871143103907, 0.6599679404780978, 0.2553208216472908, 0.21983686018557774, 0.260209884790201, 0.2619595315169405, 0.25314194218270364, 0.3184172577328152, 0.30196253935653694, 0.3275622957923188, 0.35657834947582273, 0.33690043207671905, 0.40097245873597565, 0.39356313172786955, 0.38987316051251675, 0.4446158675605027, 0.42054293649616065, 0.4481004849864692, 0.46024479937774165, 0.44213146919374746, 0.4736855312708824, 0.44871458237764067, 0.4524851779221858], "train_accurs": [], "valid_losses": [0.25541496383292334, 0.23649583996406623, 0.2630776611289808, 0.22576731922371046, 0.24173645009951933, 0.29033354989119936, 0.31355245916971136, 0.3509998231061867, 0.39057996443339754, 0.35778254164116724, 0.4637113947953497, 0.4523050252880369, 0.48202299060566084, 0.5940925553441048, 0.5830560097736972, 0.7187534208808627, 0.6487419142254761, 0.6537046028035027, 0.7253893209355218, 0.7649301003132548, 0.7770598929907594, 0.7890506865722793, 0.8116929882339069, 0.8730361983180046], "valid_accurs": []}