{"train_losses": [0.2774924706515953, 0.1086590475322704, 0.09841456636786461, 0.09620662486155378, 0.06589105662497864, 0.03251982890322332, 0.03201249938213785, 0.031694971956312656, 0.03160661578228975, 0.0406113252237574, 0.04107009540670193, 0.04093834748955199, 0.04079950746039257, 0.04264842645513796, 0.04499611449406832, 0.044440281143352994, 0.04387707691386814, 0.04288905230245439, 0.046429544219502766, 0.045742745157246946, 0.04510149984237026, 0.043935118930001335, 0.04681276400232207, 0.051804288345224714], "train_accurs": [], "valid_losses": [0.008255434270332833, 0.008385355270417807, 0.00828934421588201, 0.008251337797056684, 0.0317305645772389, 0.03167026934014367, 0.03168967166649444, 0.03166422186352845, 0.03166758769657463, 0.04192419350147247, 0.04190817089485271, 0.04186475948829736, 0.0418590795514839, 0.049642685667744706, 0.0493586141549583, 0.04941176097573979, 0.04930224392696151, 0.047802661578836184, 0.05378723041420536, 0.053786147984543016, 0.05308163322375289, 0.0524168881321592, 0.06337807533730354, 0.06359098093318087], "valid_accurs": []}