{"train_losses": [0.03487987673896201, 0.031774262659571964, 0.02895039371404443, 0.025992834356895804, 0.03312570380881361, 0.03912444309251408, 0.03589814203492117, 0.03349531868186135, 0.0313745178155837, 0.05389932884594501, 0.0501507112674196, 0.04663994454260393, 0.044085976585526675, 0.048927298344553734, 0.05758107124461173, 0.05341443515749336, 0.04892444686028617, 0.047028857920681254, 0.06404463957143922, 0.0621072161601376, 0.056692406796424635], "train_accurs": [], "valid_losses": [0.032531053360019414, 0.03432043821417859, 0.035173074841233234, 0.03629883308894932, 0.06466717459261417, 0.06609684857539833, 0.06422550813294947, 0.06413293849410755, 0.06539179551016007, 0.11933316410120044, 0.11898918290223394, 0.1451787082478404, 0.126356609963945, 0.1675404268982155, 0.1977104911846774, 0.17415871670735733, 0.18233031533392413, 0.16508152575365134, 0.23148167958217009, 0.22811785047607763, 0.2200444373967392], "valid_accurs": []}