{"train_losses": [4.645700104968258, 3.9340877700104286, 3.0995489415668307, 1.3211444252855564, 1.0787517629445544, 1.0416760927943325, 0.7775274592417257, 0.6628404651921262, 0.6557322934506431, 0.477071297626016, 0.510313172031332, 0.4491144847223368, 0.3706102958491082, 0.457566388877769, 0.35341268704918327, 0.3290546300904776, 0.33590955358176006, 0.2540566446111789, 0.28980895197856676, 0.26438401827697083, 0.20114719792806282, 0.27972602662408635, 0.20873696185530177, 0.21698054179509796, 0.23173629857166103, 0.17360234511868347, 0.20905623563796913, 0.20119909390255256, 0.14515614563786478, 0.19275881178066057, 0.14169688302550523, 0.15408376875338414, 0.15516848539903996, 0.12732762097819614, 0.15827564105253528, 0.1312944398177837, 0.11555610467536898, 0.15575051123384762, 0.11546987232569822, 0.13557764150143142, 0.12895246985905542, 0.1105951769819493, 0.1472267000221465, 0.12279964192085481, 0.10987904602809558, 0.14224053763109382, 0.10545527413191777, 0.12900209731407583, 0.11995360362663786], "train_accurs": [], "valid_losses": [1.2986368196351188, 1.1106763013771601, 0.8952651524118015, 0.9941261261701584, 0.8660662589328629, 0.7181851805320808, 0.8241010648863656, 0.6107409798673221, 0.6334077428494181, 0.6278627844793456, 0.6303572931459972, 0.645136967833553, 0.6586581314248698, 0.6601513049432209, 0.633946143090725, 0.5507947163922446, 0.6205278890473502, 0.5402941137020077, 0.5466422465230737, 0.5636834119047437, 0.5772044307419232, 0.5556175958897386, 0.5673594432217735, 0.5734077362077576, 0.5572748663169997, 0.5739263115184647, 0.5350438175456864, 0.5432855183524745, 0.5096075396452632, 0.6299422734550068, 0.553945387580565, 0.5591698203768048, 0.5290398581751755, 0.5305466039904526, 0.5279113735471453, 0.5286540016531944, 0.5136286690831184, 0.5510207105960164, 0.5610734133848122, 0.5707748840962138, 0.5883088830326285, 0.5754804632493428, 0.5327023060194084, 0.5589960488889899, 0.5458649359643459, 0.5936428324452468, 0.5263715088367462, 0.5633227085428578, 0.5627744224454675], "valid_accurs": []}