{"train_losses": [0.4585209088357865, 0.19560864169942846, 0.19026512367760434, 0.18180912566198482, 0.11172597399782136, 0.033651950981939946, 0.03341911771077646, 0.03336685674888718, 0.03320371090935973, 0.04012164816563755, 0.040441419149652054, 0.04036803294934029, 0.0404173085946438, 0.04114432285257459, 0.042069290427499496, 0.04206218211005581, 0.042101403820534906, 0.04210761211374227, 0.04277027851366754, 0.04286168636206318, 0.04286637426484629, 0.04281433063614018], "train_accurs": [], "valid_losses": [0.0051730360844106016, 0.005162348201598174, 0.005202068689478827, 0.005295772167820749, 0.03346797704164471, 0.03343802710462894, 0.033438373057703884, 0.033450721696551354, 0.03343722846225968, 0.041301916752542765, 0.041205468554315824, 0.041211657492177825, 0.04115577953468476, 0.04292376183106431, 0.04286257786277149, 0.04291109773995621, 0.04286147717253438, 0.042884186608716846, 0.043642344418913126, 0.043681957692440064, 0.0438327848179532, 0.044068620806293826], "valid_accurs": []}