{"train_losses": [0.058201876995722636, 0.055113197586655074, 0.05519014832298208, 0.054530668637095804, 0.0478982743090735, 0.04036730578868772, 0.040361722792199566, 0.040379455641788596, 0.04030794310236004, 0.04392544485679174, 0.04411134444918838, 0.044195914316534725, 0.04411670269351874, 0.045112735979528716, 0.046382324803806, 0.04625250351914453, 0.04633850321949068, 0.04637938194246583, 0.046175606708923074, 0.04636125868751048, 0.04630732856589745, 0.0460866510918642, 0.04651314602970942, 0.046890652447736644], "train_accurs": [], "valid_losses": [0.03351527023395257, 0.032838453904592564, 0.031987035480727045, 0.03169290101089116, 0.04192337836138904, 0.04175839154049754, 0.04160675825551152, 0.04149032420744853, 0.04141539358533919, 0.045785135589540005, 0.04567543124513967, 0.045602795568161776, 0.045523313605891805, 0.048108373535797, 0.04804096800009055, 0.04800274725338178, 0.04800245066040328, 0.04793652825589691, 0.04795470724015364, 0.047967075902436464, 0.04794410868946995, 0.04788062338983374, 0.04873626702465117, 0.04873118609456079], "valid_accurs": []}