{"train_losses": [0.15075195016014198, 0.14363069394751202, 0.1518076201457353, 0.16717612402385504, 0.16482446206704018, 0.20014999700444086, 0.21319887747682592, 0.21580275849848196, 0.28921118323449735, 0.2860042038102629, 0.30533772001348475, 0.33375085996729986, 0.3309605033703582, 0.3721823170386925, 0.3835142655741601, 0.3832541987615288, 0.410347731892394, 0.40729552944974295, 0.42681485335662883, 0.447405710579857, 0.4449983277018108], "train_accurs": [], "valid_losses": [0.08340255543589592, 0.08401925595743316, 0.15193490657423223, 0.16302313762051718, 0.14028209740562098, 0.22243117008890426, 0.20663748921028205, 0.26030540253434864, 0.3326416978878634, 0.30704697221517563, 0.3134684754269464, 0.3037562990295036, 0.32327778903501375, 0.38990299882633345, 0.3961010676409517, 0.39252488581197603, 0.3616877341909068, 0.3467952468033348, 0.4059229487819331, 0.4585740656724998, 0.4366740147982325], "valid_accurs": []}