{"train_losses": [164060929.4975626, 1480766.6693535054, 38252638.41468254, 2295159.140847181, 250184930.3379578, 1710131.2416811343, 11140240.491939483, 88215243.02137846, 755022506.3803027, 260849.2746078249, 604000872.2824229, 1761353581.4834657, 14855499.84970238, 19218476.27910053, 49401800.27579365, 34286720.63831019, 1176772920.0653934, 89262929.03100199, 8150779.634135251, 59207161.0036789, 198690150.03759506, 11607098.18214699, 1033930855.5021701, 10296358.13992229, 120618071.07650256, 107030891.2404514, 507763126.3496197, 29704162.97565311, 500650106.9940063, 1441258407.4765213, 113176712.70982143, 579709223.8144841, 2457434957.714286, 2221583423.6613755, 2037259892.4867725, 1909032279.1957672, 1783267747.216931, 1042618814.4537038, 100305625.53968254, 644678401.5198413, 111360449.62698413, 527407457.7222222, 128346885.41013558, 23822340.299437832, 314472093.0700231, 121739350.30011988, 75158452.26370288], "train_accurs": [], "valid_losses": [181274.92020089287, 215096.5345982143, 40719.733119419645, 89201.50823102679, 47218838.78571428, 261614.11802455358, 26718.751046316964, 27687.861851283484, 51577.88630022322, 9176.853899274554, 41164.069056919645, 8497970.267857144, 471090.24386160716, 291806.0859375, 228670.05691964287, 177349.6900111607, 36970294.85714286, 22801929.10714286, 263257792.85714287, 348181.50558035716, 158046.38643973213, 38577.302734375, 47864.63685825893, 21475.91552734375, 237431456.57142857, 247540.44559151787, 7760.030473981585, 191853.4575892857, 4621775.178571428, 1581744.263392857, 1490949.435267857, 730313165.7142857, 1012756005.7142857, 10995207405.714285, 3428779620.571429, 1408789924.5714285, 599155582.8571428, 8075330.366071428, 18513770.10714286, 15390259.732142856, 12728808.17857143, 21963981.85714286, 301496.19475446426, 1545340114.2857144, 182516.42885044642, 19249.6455078125, 70170.78655133929], "valid_accurs": []}