{"train_losses": [0.9991626283701729, 0.8330743298001958, 0.6560090312995522, 0.49245136537972617, 0.3716139446826003, 0.2782953914878595, 0.21308094708088837, 0.18469878963755268, 0.1689196740913445, 0.1859776747172774, 0.17728196104727179, 0.17868324515843823, 0.1755096448324115, 0.1793181775685619, 0.18638819181339233, 0.18214596966407956, 0.18379767795358848, 0.18332360273572654, 0.1838195833348041, 0.18332646621972726, 0.1837718127236377, 0.18342124411153576, 0.18523544914245066, 0.18392066561461035, 0.183538928796533, 0.18295540581394104, 0.18158624498215736, 0.1834247469126639, 0.18135604616338852], "train_accurs": [], "valid_losses": [0.8792823340211596, 0.6816731191107205, 0.47372265798704966, 0.29452474202428547, 0.18699638811605318, 0.08937812942479338, 0.041143099311739206, 0.019091214186378887, 0.010255795047019742, 0.033894271905800064, 0.029381213027850857, 0.02748767615828131, 0.026723552994163974, 0.03973098222299346, 0.03926158413690116, 0.03903979282560093, 0.03891449065745941, 0.038815626076289585, 0.041963813693395684, 0.04196024100695338, 0.04193124993305121, 0.04191496569131102, 0.042339890563328354, 0.04230276781267354, 0.042321568388225775, 0.042336412406127365, 0.04227639438717493, 0.04251015814952552, 0.04254126492222505], "valid_accurs": []}