{"train_losses": [21.51192186875318, 17.157809006474004, 14.743450316171797, 12.00452217286226, 10.739509773632836, 9.77710393749217, 8.557356931545117, 7.941669807547615, 6.452600945555974, 5.721836126355267, 5.280490210131993, 4.459776232009212, 4.142919947703679, 3.648881440992078, 3.1307923427965276, 2.926704973770828, 2.5514420447526156, 2.301141311251928, 2.162463357918477, 1.8103734278489674, 1.7042388398022879, 1.5542510760524286, 1.3689654068577857, 1.3059172404033166, 1.1945066426008466, 1.099219494514049, 1.142858336605723, 1.0969393758704422, 1.021427522221255, 1.1005414929339494, 0.9878894813240521, 0.9512101308930487, 0.9058899842005558, 0.8206379341858404, 0.8189526634714591, 0.747922547082737, 0.7015142617008042, 0.7976658205900874, 0.7127920617226255, 0.7136372625827789, 0.6883718880120093, 0.6127875121261077, 0.6641133272695163, 0.6088693021111703, 0.5668639055596142, 0.6505446290725438, 0.5587685970126322, 0.5553740546816871, 0.49127323363745024, 0.4466350727059223, 0.45113510073768714, 0.39276279879625514, 0.387014855359676, 0.4220950172218696, 0.3637088089885693, 0.37277892464525486, 0.3440925898868098, 0.3182861103661477, 0.3670595082597285, 0.3288315363701374, 0.32988905036457317, 0.3742800633467379, 0.3287778419575521, 0.3445524487191092, 0.3128922459861589, 0.28887238343635563, 0.3205879978224556, 0.27813558773231256, 0.2800641371400426, 0.2844286020746622, 0.25542526067328203, 0.2816573189541934, 0.2643709222455977, 0.2518726348896664, 0.2845988039360948, 0.24825588704416993, 0.25990916495876654, 0.2678186247844702, 0.2407797469841267, 0.26546224299325516], "train_accurs": [], "valid_losses": [16.244463273457118, 11.734182783535548, 10.503188022545405, 9.910436757973262, 9.407028453690666, 8.27471602814538, 7.970810264348984, 6.141133606433868, 5.444845242159707, 4.960083795445306, 3.682680694120271, 3.9090816229581833, 3.933216135416712, 2.6208296173385213, 2.8255385884216855, 2.0387685261666775, 1.8233184867671557, 2.0073909732912267, 1.5010998009571008, 1.5576559608536107, 1.4557833618351392, 1.0526781710130828, 1.1653372927435808, 1.0086249618657999, 1.0099247337452002, 0.9662712988044534, 1.0287016683391161, 1.0112402912761485, 1.0480833000370435, 1.2079051637223788, 1.137205031301294, 0.8679430569921222, 0.9873141124844551, 0.9483437202870846, 0.9416236313326019, 0.9124592090291637, 0.9120907937841756, 0.9616298766008445, 0.8828841942761626, 0.8408079094120434, 0.849223195974316, 0.8910486788621971, 0.8219480839158807, 0.8295248597860336, 0.8730235451034137, 0.900750245898962, 0.8521452604659966, 0.7691158684236663, 0.7416406885853836, 0.7308052831462452, 0.594123653535332, 0.6500895496989999, 0.6334383322724274, 0.6283558990274157, 0.6588003454463822, 0.6206602491438389, 0.618016740573304, 0.5877054687589407, 0.6144534040774617, 0.5861674776034695, 0.7166201775627477, 0.6691554614475795, 0.7083905919321946, 0.6665729231068066, 0.6943370646664074, 0.6285430911396231, 0.6560239749295371, 0.6506157011858055, 0.637054869639022, 0.6336605719157627, 0.6159649435430765, 0.6268759271396058, 0.5968336867434638, 0.6568271033465862, 0.6341778992542199, 0.6374737452715635, 0.6496051991624492, 0.6531137499426093, 0.6518643924168178, 0.599416405494724], "valid_accurs": []}