{"train_losses": [1.781841001494438, 1.3444755402355713, 1.281741448994136, 1.2614573613820572, 0.7013775490864909, 0.11943271160294297, 0.10923910554397295, 0.10004811507030242, 0.09127099367440152, 0.06773628038670278, 0.06219746505765759, 0.05739204129162013, 0.054011894655477136, 0.058469915467554624, 0.0644916470765191, 0.060022727813891966, 0.056861944800048934, 0.05491286973001191, 0.0625177366423054, 0.0580716428380645, 0.05504489649609743, 0.05332563395877432, 0.05422405096622209, 0.053895530103372905, 0.051452691729993845, 0.049401362618321884, 0.048032320930508736, 0.06214483826509698, 0.06028756768994741, 0.0576077153215109], "train_accurs": [], "valid_losses": [0.9224814123341015, 0.9570168107748032, 0.9833268342273576, 0.9309268827949252, 0.09890937143271523, 0.09637537256016263, 0.09551344562454947, 0.09996260755828448, 0.10013591305219702, 0.07797411220547344, 0.08450891210564546, 0.08603747694620065, 0.08511430597198862, 0.10537059126155716, 0.09897796018049121, 0.10563695550497089, 0.10778981673398189, 0.10038178088143468, 0.12617403594776988, 0.11782657468159284, 0.11257203109562397, 0.1239317403441029, 0.12278193947193879, 0.12037924983139549, 0.10796063729295773, 0.12163185487900462, 0.11609648281176176, 0.1380931313282677, 0.15394390081720694, 0.12930767377838492], "valid_accurs": []}