{"train_losses": [1.2575321434512396, 0.2218193431043517, 0.25285674220296595, 0.23153909278940832, 0.14436940618735902, 0.044555615852860844, 0.04447367693386062, 0.044046551254641145, 0.043455477159183756, 197.7756097458716, 0.04719515803493391, 0.047187004453287676, 0.0470148753374815, 0.04550229973787636, 0.04478768444287157, 0.046110941602835825, 0.04742441899922773, 0.04830522674696343, 0.05344978470262562, 0.05221146435320917, 0.04831571195999422, 0.052481672865637825, 0.048080096299427125, 0.04775149555986419, 0.04609032089050809, 0.04576997037943267, 0.048131362899581635, 0.045262422960470707, 633.1264559938046, 0.6632543158721668, 0.05085388249907288, 0.05070119888028678], "train_accurs": [], "valid_losses": [0.20971534720488957, 0.216483493202499, 0.23147731034883431, 0.20602103349353587, 0.04551210134689297, 0.04523156560026109, 0.045100998964958956, 0.044786182564816306, 0.0449932649665113, 0.0388380916722651, 0.03833891045568245, 0.0383189437312207, 0.038773593226713796, 0.04357815690205565, 0.04320508391330285, 0.04319064003149314, 0.043295938754454255, 0.04333802049846521, 0.04380292262482856, 0.0438117917427527, 0.04378354266685035, 0.04389473346860281, 0.04539126729858773, 0.04543830051885119, 0.04548938765323588, 0.045063878542610576, 0.04511084989644587, 0.04572346683458558, 1.2735086466584886, 0.045587134115131836, 0.04559145704843104, 0.04353084009406822], "valid_accurs": []}