{"train_losses": [0.8330566218940827, 0.19704382927723663, 0.7230460972342857, 14.158837162244021, 0.08555539318966487, 9.531573845083436, 2.0337986269344888, 4.082030375897096, 134.19992317947208, 0.6111873348672239, 1.0954019076452053, 0.37971601838236135, 9.80913957766203, 0.615776242382785, 0.4551391349859023, 0.7099876506894669, 0.8175016710603679, 8.933769147862833, 0.866933978522423, 4.806022399849204, 1.0277241147147915], "train_accurs": [], "valid_losses": [0.007231787595498774, 0.009829535473337663, 2.9142545631953647, 0.06710660929924675, 0.06122474538694535, 0.12895792310259171, 0.16153637346412456, 0.24224540245320117, 0.21132165991834231, 0.17957774656159536, 0.18815312587789126, 0.15898615228278296, 0.16921702532895974, 0.21190752301897323, 0.18372975422867707, 0.23084225266107491, 0.22118038763957365, 0.13223688437470368, 0.30745596066117287, 0.2034503947943449, 0.12060323437409741], "valid_accurs": []}