{"train_losses": [0.06970254538787736, 0.04942044949099895, 0.06897852966246545, 0.0971345430013364, 0.08143372507026744, 0.11437974151756082, 0.11308348893863025, 0.10838159665012012, 0.1469125611333068, 0.12861385036792075, 0.14299086596639382, 0.1505217187047478, 0.13790918188908743, 0.17328954155916576, 0.16280011583375867, 0.15897474675463935, 0.1819999394100652, 0.166037500811317, 0.17644175707742019, 0.17821828126118927, 0.16805759176769586], "train_accurs": [], "valid_losses": [0.045227249252742956, 0.05244885251990387, 0.13216973987541028, 0.14163353493703262, 0.13514644080506905, 0.18331333409462655, 0.20107580096061742, 0.2307602832359927, 0.25320000840084894, 0.21410786546766758, 0.24605655164590903, 0.2441352637750762, 0.2572162553135838, 0.29601873696914743, 0.3110399605440242, 0.3228979195867266, 0.3205004848007645, 0.3262142674731357, 0.34968627324061735, 0.3417857997119427, 0.3445225302129984], "valid_accurs": []}