{"train_losses": [0.3269882663571961, 0.3094264221964059, 0.25047214841716503, 0.138206988671627, 0.12187327085821717, 0.17042482700494546, 0.17680396201709905, 0.16703494600754568, 0.21636904847054256, 0.19784030129039099, 0.21309097614829187, 0.23052557127146178, 0.21716691046046516, 0.2396719956465026, 0.22973174469732732, 0.23100408596336527, 0.26832357184991, 0.2539162377989481, 0.2719111597786347, 0.2814704763786818, 0.2660399001072008], "train_accurs": [], "valid_losses": [0.10028237570077181, 0.10383295666958604, 0.13854378927499056, 0.13017308685396398, 0.14838937856256962, 0.2842080108821392, 0.2596987195845161, 0.32708384256277767, 0.384708325777735, 0.35731895374400274, 0.4144194511962788, 0.48013097952519146, 0.4337777875896011, 0.5001353041401931, 0.507823819560664, 0.5475413777998516, 0.5337812107588563, 0.5507000769887652, 0.5697985823665347, 0.5922877117991447, 0.6065052295369762], "valid_accurs": []}