{"train_losses": [0.6432926490296066, 0.6074103186775117, 0.6017890717513961, 0.6003743646101715, 0.326975950783717, 0.0474672598882296, 0.05408408104787619, 0.053190920549356355, 0.05008443650827486, 0.03651935921147533, 0.0338638154874088, 0.03361208301155546, 0.03276794874931083, 0.03733401215841732, 0.04343291963303116, 0.04483364732531468, 0.04364081500814511, 0.043256750983518985, 0.047430296645529266, 0.04709711755579548, 0.0469503498307484, 0.04739171422057157, 0.048975581627726826, 0.05073995359570665, 0.0504924877003105, 0.05053146868708177, 0.05013151854124948, 0.05102477660107667, 0.051169760521012464, 0.05138514400354473, 0.05071128763646157, 0.05023934338578946], "train_accurs": [], "valid_losses": [0.6098289149148124, 0.6121628635696003, 0.6301364366497312, 0.6525629365018436, 0.04819756809489003, 0.04678860063930707, 0.04682224187334733, 0.03947648201470396, 0.04515208237405334, 0.037056806098137586, 0.037175348095063655, 0.03615133993194571, 0.036497617373242974, 0.04733440905277218, 0.048060937385473936, 0.04909498972951302, 0.046560080123267004, 0.046773654342229874, 0.05110056811411466, 0.05419868407105761, 0.0520332075123276, 0.05303508339316717, 0.05660925063836787, 0.05956580473243126, 0.055778565018304756, 0.05677202453703752, 0.05547735667122262, 0.05844415375031531, 0.05687557500121849, 0.056393092697752376, 0.05794561850572271, 0.05742054492501276], "valid_accurs": []}