{"train_losses": [0.2667375057092889, 0.21603533856537008, 0.21433705209472062, 0.2193862422120787, 0.1306023371292118, 0.036016772501170635, 0.036024402140121384, 0.03595602289853592, 0.035297209734088696, 0.04760821058722508, 0.04518208891675888, 0.04185646513215692, 0.038586941082030535, 0.043636089696536234, 0.050542949378591585, 0.04727634954228323, 0.04474703397399565, 0.042847758749019506, 0.060110614571838354, 0.059862883592959985, 0.05727094975700475, 0.056126474765260025, 0.058836493649566335, 0.06424352685115996, 0.06203595497877215, 0.0601840641020852, 0.059296686914475524, 0.06163359867889282, 0.06153450282164154], "train_accurs": [], "valid_losses": [0.045624974250261276, 0.045153026069913595, 0.04407152942647891, 0.044861081189342907, 0.036997582098203044, 0.03701419193696763, 0.036998319871989746, 0.03693062176794878, 0.036387031132887514, 0.05181371573624866, 0.05035149858200124, 0.05324404959433845, 0.052404945849307945, 0.07050554913335613, 0.06946496006899647, 0.07398648104364318, 0.07204942385266934, 0.07113909192516335, 0.10389653187511223, 0.10220878923844014, 0.11207858912114586, 0.10939036569158946, 0.12170820563499417, 0.12220702400164944, 0.12001825642905065, 0.127094548993877, 0.11661439734910216, 0.12422915255384785, 0.12218924485413092], "valid_accurs": []}