{"train_losses": [0.7589142441210164, 0.5718701566101739, 0.5349248368545895, 0.5074993893167012, 0.48103590889484094, 0.4537365891679919, 0.4315991340988901, 0.409336100269227, 0.38915162975162404, 0.36594391475975246, 0.3490557684078475, 0.33259849418881793, 0.31523748878305313, 0.2963176465749201, 0.28016040504518136, 0.2654272213038816, 0.2535714800743496, 0.24213897956037952, 0.22583719585680853, 0.21689080497528093, 0.20884794782324614, 0.1980376047887144, 0.19143136041196762], "train_accurs": [], "valid_losses": [0.07804001162626914, 0.025560214749670455, 0.025427927487596338, 0.025575732812285423, 0.0314939306616517, 0.02947542189420866, 0.029110458978850926, 0.029325984551438262, 0.029104844567232897, 0.041183654351958206, 0.040939024150637646, 0.040909051961664646, 0.04087577823416463, 0.04182299263110118, 0.04213112586044839, 0.04199864422636373, 0.04236530778663499, 0.04212345299310982, 0.04157236288301647, 0.041583392436483076, 0.041636590413483124, 0.04154866674382772, 0.04195673461072147], "valid_accurs": []}