{"train_losses": [0.09961622581728713, 0.09453952121990838, 0.09261058222047344, 0.09351990014584356, 0.07168883261822873, 0.048322469181469666, 0.048286632445063524, 0.04824542288765379, 0.04800706466752614, 0.046267918740900665, 0.046054790201028005, 0.04597768762330124, 0.04572940268659147, 0.04567865550315758, 0.045474311964780224, 0.04544349321547676, 0.04539441395281262, 0.045389900763616035, 0.045177574062981216, 0.04504706544540317, 0.04504202902569895, 0.045051429762054084, 0.045163012160266414, 0.04538502590941493, 0.04525007483680054, 0.04524998834179672, 0.045141216026138666, 0.044766618634207486, 0.04478958118454094, 0.04468880707136781, 0.044727210857277544, 0.04472177024357594, 0.04499227177284287, 0.04483440305565682, 0.04487297822599093, 0.0447444064601649, 0.04462377624628366, 0.04453128927315657, 0.0445052568981955, 0.04449851148049621, 0.04444647562685865, 0.0444710947345622, 0.0444829824393219, 0.04450048661339876, 0.044382792324400865, 0.04436374847182996, 0.044238383755323844, 0.04426106878838658, 0.044237642009569776, 0.04426792046114195, 0.04398883280778363, 0.04395621732652727, 0.0438915125022714, 0.04404054250045599, 0.044015418135506267, 0.043959438379398835, 0.04395635413402076, 0.04390896831078632, 0.044014607079967655, 0.043856795721295465, 0.04385029350942616, 0.04382698339456482, 0.04379151736247054, 0.044154167554564604, 0.04417063908154204, 0.044167562634410226, 0.04406989332945908, 0.04408093476962989, 0.043870177267464845, 0.04394335739263987, 0.04398417435755018, 0.04397340903555915, 0.04407490295994336, 0.044111167999380585, 0.04408988420645037, 0.04411628470667617, 0.04412144666529214, 0.04384925133839452, 0.04395973370979409, 0.043863519571081006, 0.04397721587768777, 0.04385169445035549, 0.04378578610448546], "train_accurs": [], "valid_losses": [0.09125329900000777, 0.09047708959717836, 0.08976503255377923, 0.0890274857436972, 0.050134596547910144, 0.04995646949724427, 0.049784580312137096, 0.04955654298620565, 0.04935989096494658, 0.04773179937287101, 0.04761921218596399, 0.047499225075755803, 0.0473864683881402, 0.047139008230130584, 0.04705152012008641, 0.046974322093384605, 0.04690326078395758, 0.04683692011583064, 0.04667015423599098, 0.04660605985139098, 0.046550871671310494, 0.046481033288208504, 0.046870731216456206, 0.04681399850440877, 0.04675726220011711, 0.046714412879997065, 0.04663738212548196, 0.046265419838683944, 0.04621755617803761, 0.04619684166807149, 0.04613038564899138, 0.04637978987635246, 0.04632927806648825, 0.046276391650150926, 0.04627201247162053, 0.046204939451334734, 0.04593293538450131, 0.04590495519473085, 0.045887947149042575, 0.04585007188974747, 0.04590045161811369, 0.0458660806595747, 0.04583827289752662, 0.045843599563730617, 0.0457906958181411, 0.04578159666354103, 0.04575535362320287, 0.04573301851217236, 0.04570655511426074, 0.04539672578019755, 0.04537006357817778, 0.04534537122318787, 0.045332349404426556, 0.04533016834674137, 0.045336180665929406, 0.045325765519269874, 0.045317950492192595, 0.045325079666716714, 0.04524489196150431, 0.04522848445256906, 0.04522042332350144, 0.04520681094644325, 0.04519296271194305, 0.04556155607237348, 0.045541511283123066, 0.04553088921654437, 0.045530156997431605, 0.04539907547379179, 0.045396651906360476, 0.045393418188073804, 0.04537676101816552, 0.045372044700863104, 0.045547433995774815, 0.04554496648987489, 0.04553705324152751, 0.0455265235421913, 0.04533253191038966, 0.04532383585215679, 0.045325004196326645, 0.04532081913203001, 0.04530844318547419, 0.045273975835048726, 0.045267927194280286], "valid_accurs": []}