{"train_losses": [0.39205083856112743, 0.3057861071888101, 0.2468129219240928, 0.19400076451834547, 0.182495150912218, 0.1954200585919713, 0.19801219507421136, 0.19703006369884682, 0.21562201588872879, 0.21355220687294763, 0.2194816385785108, 0.22751713699843518, 0.2259993875625903, 0.23089243670698828, 0.23134324963761385, 0.2315713827296224, 0.23536379913252498, 0.2349264763059124, 0.23506771236973464, 0.2353298464031131, 0.23472340694732136, 0.23546654734977338], "train_accurs": [], "valid_losses": [0.047981696602489264, 0.03891429561190307, 0.10417581123432942, 0.10261522100440093, 0.09629656041839293, 0.14962682048124926, 0.15431587078741618, 0.1784011875944478, 0.17942344211041927, 0.18222033019576753, 0.19625776846493995, 0.19927053871963704, 0.19804709032177925, 0.2110419206853424, 0.20403542342994893, 0.21406064368784428, 0.20712827199271747, 0.20662918367556163, 0.21053614573819296, 0.2142258927758251, 0.21328679738300188, 0.21330247393676213], "valid_accurs": []}