{"train_losses": [2.4089616851299596, 2.2361884972089014, 2.233163276543984, 2.244295412598692, 1.1934241147888867, 0.036137732078755334, 0.03726243527344854, 0.03644521005148262, 0.03799858937098969, 0.036524383547163794, 0.039296184851876484, 0.03665703823747813, 0.037145028318535556, 0.04249079032839019, 0.05374469080670185, 0.05489280629835652, 0.052203133824487886, 0.05425141667062206, 0.045828289322858484, 0.04508457105707933, 0.046401678049321625, 0.04798195975921138, 0.04255251951380822, 0.03416490591051082, 0.03371134575043396, 0.033988679337791455, 0.03283653262480082, 0.05688880124799402, 0.06119508078802225, 0.05777301093167309, 0.06123210270193772, 0.06204888123462642, 0.06826566171103338, 0.06749304687410458, 0.06853926647875913, 0.06883794454882992, 0.06946455381760096, 0.07003408080447314, 0.0678296825465034, 0.0702026408772528, 0.0643823854625225, 0.04572622956733358, 0.04586708164727526, 0.04973876867359041, 0.04829854139324901, 0.05267320160766668], "train_accurs": [], "valid_losses": [2.2143614100558415, 2.2126279899052212, 2.21292712858745, 2.2181971754346574, 0.03085873099709196, 0.04475994408130646, 0.03067732431061034, 0.03638839828116553, 0.03943749979537513, 0.030597552889958024, 0.030590404723105685, 0.03479221646141793, 0.03906133767616536, 0.04426715203693935, 0.04429439894322838, 0.04431427489700062, 0.045028247704197256, 0.06423817195796541, 0.04157244903035462, 0.040607010845893195, 0.05897288862615824, 0.038563995455790846, 0.0274783403147012, 0.036961857645240216, 0.02958122145251504, 0.02728814585134387, 0.049919536137687306, 0.10093103615300995, 0.05148967541754246, 0.05008866854145059, 0.05246622637579484, 0.08254695391016346, 0.06600385345518589, 0.06376345841480154, 0.06451729379062142, 0.05916047275864652, 0.061308412480035, 0.0599605110806546, 0.06171328308326857, 0.06284197838976979, 0.04226027804959033, 0.04021487564646772, 0.042062964057549834, 0.04534721560776234, 0.04958727569984538, 0.046706723348636715], "valid_accurs": []}