{"train_losses": [4.390318180501832, 0.02926076419769504, 0.028381697372090897, 0.4933898675306047, 0.027908930184142623, 0.029415295120092673, 39.74737550313184, 0.30711545323219774, 0.036323713517971166, 0.04933175742120495, 0.0918693629122967, 26.29068144762307, 0.3044978950543506, 9.58869356715133, 0.3603711904098208, 0.04229456892582626, 0.04242567276809685, 3.0161288489558107, 0.05341910798844304, 0.04842054013297704, 1715.5367968949738, 19.26567760217783, 2.3783260214972683], "train_accurs": [], "valid_losses": [0.09409445362065785, 0.0793890197195911, 0.010680364922986232, 0.017214509101384983, 0.0265940747257056, 0.028173939141977047, 0.06170133102153029, 0.030127357192603604, 0.02790253461405103, 0.043164452305063605, 0.04481818383958723, 2.1307171625750407, 0.04708586343830185, 0.04202897524062012, 0.04301112990028092, 0.04151793063751289, 0.0412268496251532, 0.04180334521723645, 0.0486831847312195, 0.046114194206893444, 12.728036897523063, 39.66360344205584, 0.10146929190627166], "valid_accurs": []}