{"train_losses": [0.9305230095704419, 0.059825494160614404, 0.058455070851547684, 0.05541079284884541, 0.05209761004625268, 0.047754143499579634, 0.044458676997690176, 0.041975331652858945, 0.04022075717729343, 0.06795409510999378, 0.06798977482794231, 0.06644662291367803, 0.0654856755368715, 0.06946475935332916, 0.07101589604386242, 0.07197967862364799, 17.4154726585407, 0.05127012024199531, 0.044300834854803475, 0.043731845367480725, 0.04387872318454862, 0.043996425707955165, 0.04422617343368169, 0.04553502723911769, 0.29085312181519035, 0.045045748310863165, 0.04473441519365726, 0.04615480318766643, 0.04592823905541616, 0.34443753967862323, 0.044809754495403614, 0.044597298083869044, 0.044102239102226305, 0.04403638910097639, 0.04378294045467992, 0.04396663992181083, 0.04384643215332096, 2.28858929194038, 29.87298741823745], "train_accurs": [], "valid_losses": [0.053432390958602936, 0.05423435884793954, 0.056759002219353406, 0.05889535971385028, 0.05617064044677785, 0.05559284333139658, 0.05565760450969849, 0.056159731765676825, 0.060131796702210395, 0.08020228340423532, 0.08248362244505968, 0.0806853765222643, 0.08537696714379958, 0.08137250019769583, 0.07848817090104733, 0.07231496307732803, 0.04580093634181789, 0.04561417779353048, 0.04398927155749074, 0.044022218590336185, 0.0440163940324315, 0.04399065866268107, 0.044370459425928335, 1.018552293734891, 0.04436105679321502, 0.04434234585746059, 0.04428092307145042, 0.045772467207695754, 0.045524683548137546, 0.04555277027455824, 0.04552753233084721, 0.0445245649399502, 0.04454972837785525, 0.04450530957962785, 0.04450380369754774, 0.04440282777483974, 0.044731552280219536, 7.116448181016104, 0.04472262335808149], "valid_accurs": []}