{"train_losses": [0.21602376978154536, 0.17587214396901862, 0.16580330513457142, 0.15814756936142368, 0.13989790828612747, 0.17998418910675262, 0.18165192123325097, 0.17448070509329675, 0.23049929268934108, 0.21098054947439956, 0.2285462680553633, 0.2435876903119226, 0.2286246275657384, 0.2898345311029405, 0.2807973258433834, 0.2783872111252061, 0.32512174678779154, 0.2957188758466925, 0.32728808662957615, 0.32872895892492676, 0.3105029518366175], "train_accurs": [], "valid_losses": [0.08729060553014278, 0.10376682624753032, 0.17854827482785499, 0.17837947447385108, 0.1754105743020773, 0.2653864869581802, 0.2668230097208704, 0.40060713035719736, 0.39911183315728394, 0.3996062677885805, 0.47954267103757175, 0.5199896613402026, 0.5275812079863889, 0.6305393262633255, 0.651794073837144, 0.7188450151256153, 0.7186347012008939, 0.6952949528183255, 0.8796648021255221, 0.8394328675099781, 0.8502108768693039], "valid_accurs": []}