{"train_losses": [0.09009212893113573, 0.08587477023087481, 0.1153657661169452, 0.16882068594848668, 0.16305810035694213, 0.20826278230737125, 0.2224689303606591, 0.22320460244303658, 0.29660531389650213, 0.2879650912705868, 0.30442312899878415, 0.326259878143747, 0.31068185060506776, 0.3414155675699471, 0.33370035141706467, 0.3150727244084159, 0.2971950181853519, 0.2754998422528385, 0.2934423545917506, 0.30964503399830645, 0.28489872482087875, 0.3025321959660798], "train_accurs": [], "valid_losses": [0.07972925236182553, 0.05851140498582806, 0.2024868263729981, 0.15974292451781885, 0.2157430640820946, 0.238937767754708, 0.18511623197368213, 0.29309457620339735, 0.32345050679785864, 0.28891024445848806, 0.3126529896897929, 0.3080926939312901, 0.22788869962096214, 0.324353959943567, 0.3122847963656698, 0.28166328450398787, 0.27834470277386053, 0.32024718900876387, 0.3328529628259795, 0.30570916113044533, 0.3606317224247115, 0.31421157132302013], "valid_accurs": []}