{"train_losses": [2.716498463440948, 0.015310538431199698, 0.014386015668157405, 0.014010338331319865, 0.021724824810493315, 0.029161635463914044, 0.02741450909946569, 0.025786448255333022, 0.024248630166626893, 0.05060502984118542, 0.047490551932904516, 0.044053339390969115, 0.04123230410604927, 0.04641409850430704, 0.05400856931554786, 0.05377059096546329, 0.05187239781089498, 0.05278529751439035, 2337.3001726141065, 0.30878995706188195, 0.6167582939863542], "train_accurs": [], "valid_losses": [0.008258143280857309, 0.008920832670160703, 0.008524755388082537, 0.00939628371478258, 0.029306081738988205, 0.02816588636155107, 0.028081419112692987, 0.029141664222281958, 0.028466079467242316, 0.0644129607161241, 0.06637339453612055, 0.05889721221423575, 0.06779634945892862, 0.09138839605397411, 0.08189327961632184, 0.07498902830827449, 0.07318467603597258, 0.07848851103335619, 0.042391052968533974, 0.06725128786638379, 0.06762598202164684], "valid_accurs": []}