{"train_losses": [2.1069721143160547, 0.983949367134344, 0.9237187626973662, 0.6925270646495163, 0.6308138589695017, 0.4833444339967279, 0.41092253791749794, 0.40400513975077834, 0.426004447634258, 0.41260865787980416, 0.382917191695284, 275.28536969423294, 0.9608007264988763, 0.5291575139792508, 0.5460933003791426, 0.37935764175006953, 0.3502913462540145, 0.2680634623639798, 0.2797645851772614, 3.5308541643517044, 0.20785973497011043, 0.19981043450731448, 0.19417354224062472, 0.19515450523486214, 0.21253319737062884, 0.20997770053763237, 0.22862027812177543, 0.2404474553568338, 0.23422079718617536, 0.27934765894576985, 0.2698854496554723, 0.48680698690275664, 2174.947463070274, 1.091198076804479, 0.3631688754552256, 0.33461551523949734, 0.3229357856646101, 0.2702261403045326, 0.26443742282649196, 0.38970035314559937, 0.2340286214831014, 0.23473651070522253, 0.22277965568124303], "train_accurs": [], "valid_losses": [0.7457046615225928, 0.7721960885184151, 0.5133684841649873, 0.5755833674754415, 0.4590303727558681, 0.3422075690967696, 0.32670107590300695, 0.4377338582915919, 0.37621347872274263, 0.33012829614537104, 0.33594816869923044, 1.346024072596005, 0.5479173426117215, 0.14384050075230853, 0.228913421609572, 0.31589510877217564, 0.17690525044287955, 0.28793334774672985, 0.22536789625883102, 0.1485368920756238, 0.15514298182513034, 0.1833797562867403, 0.14324863720685244, 0.1869397490684475, 0.17772647951330459, 0.19181777137730802, 0.22335704336208956, 0.20940382113414152, 0.2427798727793353, 0.22125305182167462, 0.22509137753929412, 1.8087348682539803, 0.8714100409831319, 0.2652261302407299, 0.26788851033364025, 0.22439339464264257, 0.2544155102223158, 0.24421382642218045, 0.21372601948678493, 0.21655395015009812, 0.2067554768707071, 0.2212063739342349, 0.2070099080779723], "valid_accurs": []}