{"train_losses": [0.8224726479787093, 0.7080907820306752, 0.5942246945600165, 0.505251212492248, 0.44617624129105476, 0.40455708710046917, 0.3685624443702568, 0.351500609645207, 0.341238225915583, 0.34570882337934833, 0.3397096301433188, 0.336046960963383, 0.3387454911999034, 0.3374342785903771, 0.34014811215087837, 0.33808288959221605, 0.3362911527647692, 0.33495824318800577, 0.332211728043416, 0.3388131633400917, 0.3353793065472426, 0.3330894527931559, 0.3318116421141236, 0.3330969304116064, 0.32927129421029155, 0.329239795380588, 0.33125975775233224, 0.32364563647303646, 0.32434990782948103], "train_accurs": [], "valid_losses": [0.604684649833611, 0.43847337045839857, 0.2910887242427894, 0.18537444381841592, 0.13952253186809166, 0.07989660424313375, 0.0465767034329474, 0.027649775579837815, 0.01758096205802368, 0.03728270015147116, 0.031528112960846295, 0.02834946560739939, 0.026592120228867446, 0.03858734979959471, 0.03766124722148691, 0.03697627859323153, 0.036684357561171055, 0.03643713083251247, 0.04042139872243362, 0.04024160813008036, 0.04020775465427765, 0.04012125351333192, 0.04163623291866055, 0.04162216023541987, 0.04152683966926166, 0.0415273890165346, 0.04150584862301392, 0.04190433441129114, 0.04194587585516274], "valid_accurs": []}