{"train_losses": [0.8868720175097229, 0.8594413290894221, 0.7452485183717081, 0.5403244293556011, 0.5198434156084818, 0.421638574037287, 0.37517149261538946, 0.35736767175020995, 0.3035828445954298, 0.29419425600972127, 0.2818141858729105, 0.26798289267237857, 0.26250732305740554, 0.2565091326635666, 0.2539763201481451, 0.24851031416149996, 0.24343994880716005, 0.24140668820057595, 0.24303562753888033, 0.2430284032154651, 0.24164520079890886, 0.24365548227751066, 0.2439796835696571, 0.24265443860853791, 0.245422564703163, 0.24432840261352126, 0.2420264714491115, 0.23988626057666446], "train_accurs": [], "valid_losses": [0.5721827660288129, 0.5506753144519669, 0.2974317403776305, 0.2898346297442913, 0.28669161083442823, 0.2087116733725582, 0.2065650373697281, 0.1850495817405837, 0.19418312183448247, 0.18784532669399465, 0.18646076241774218, 0.18610812537372112, 0.19179014888192927, 0.1863541869180543, 0.19182698907596724, 0.1940060867262738, 0.1946186771882432, 0.19694504966693266, 0.20381484819310053, 0.20383059978485107, 0.2018428367695638, 0.20791039961789334, 0.20769775259707654, 0.20920931068914278, 0.2165718898177147, 0.21243199679468358, 0.21220367215573788, 0.209835058344262], "valid_accurs": []}