{"train_losses": [1.0687079509189226, 0.6358276559082092, 0.409678400877644, 0.31675189025531525, 0.19448495684907988, 0.08709271877532092, 0.07255244123585083, 0.06624183700129188, 0.06181707703487366, 0.05428317584080529, 0.05202290846026456, 0.05080690505025209, 0.04932716737471824, 0.04808852032703512, 0.04776072167112951, 0.047145798798161664, 0.046749614031639845, 0.046462193422221756, 0.046000908099418314, 0.04570213851110159, 0.045661980176673216, 0.045215003824544166, 0.045112517700273524, 0.04487762145057523, 0.04465999495136927], "train_accurs": [], "valid_losses": [0.0950396301757012, 0.09512611678136247, 0.09607215431917991, 0.09616263357124158, 0.04035777897973146, 0.04039225664122829, 0.04046972468495369, 0.04049225098320416, 0.04046380726088371, 0.042533260504049916, 0.04241776343302003, 0.042389619164168835, 0.04239350334475083, 0.04343409463763237, 0.043421051797590086, 0.043423893329288275, 0.04342169670521149, 0.0434186298932348, 0.04386929901582854, 0.043874325729640465, 0.04390611546114087, 0.04387461749969849, 0.043655572326055596, 0.04365169326774776, 0.04364460766581552], "valid_accurs": []}