{"train_losses": [1.3807791973705645, 1.0847366602805557, 0.7730882659002587, 0.3704932251619914, 0.3254311731646931, 0.2550833307837368, 0.22206492692468657, 0.21628478670088702, 0.22183985529201372, 0.21805188274651607, 0.2207493699850544, 0.22556241116826498, 0.2250428576042097, 0.22982293176193716, 0.23137737315877405, 0.2316932751348725, 0.2373481370587513, 0.2373055218073426, 0.23541021865432854, 0.23331548403652888, 0.23326597159738263, 0.23467311568597637, 0.2347921328964057, 0.23479621222725622], "train_accurs": [], "valid_losses": [0.23954801554126398, 0.2203700906996216, 0.13505107337342842, 0.13213821886373417, 0.13764271738805942, 0.15339142376823084, 0.16256617408777987, 0.17466422489711217, 0.17898193933069706, 0.17803239130548068, 0.19139925922666276, 0.19898312166333199, 0.1966724166912692, 0.20267691330185958, 0.20438797559056962, 0.21626523855541432, 0.21710986191672937, 0.20661795165921962, 0.21546035126916, 0.21035288673426425, 0.21135064507169382, 0.2227577617658036, 0.20923243835568428, 0.21315411664545536], "valid_accurs": []}