{"train_losses": [1.0203078459290897, 0.6874833487951917, 0.4886028256891, 0.3694689872914849, 0.23840375991361173, 0.1303041401525698, 0.10679091943840904, 0.0931637525406763, 0.08149061021626805, 0.06894336818671065, 0.06453264216424653, 0.060894685590900985, 0.05861434140727261, 0.05617513870862544, 0.05460657338649709, 0.05280503933212606, 0.05126613511691266, 0.05095906701040079, 0.05018121121257409, 0.05001687754063585, 0.04900736432539392, 0.04857151340946083, 0.047866795747224834, 0.04731458559109749, 0.04661137176618587, 0.04662376003786584], "train_accurs": [], "valid_losses": [0.0480080895192389, 0.04961465019732714, 0.050200457052726834, 0.05008954664559236, 0.03792965182635401, 0.03784796063389097, 0.038036253003935726, 0.038051459406103404, 0.03797890917797174, 0.042265641203682335, 0.04216828672880573, 0.04226144379936159, 0.0421265534990068, 0.043344885343685746, 0.043351127832595794, 0.04336043753262077, 0.04334941685998014, 0.04337374513436641, 0.044093390028657656, 0.044108940354947536, 0.04408677667379379, 0.04408680338279477, 0.04378243163228035, 0.04378767088720841, 0.04379571116130267, 0.04379616318536656], "valid_accurs": []}