{"train_losses": [0.5561222587391813, 0.5425764472080917, 0.51982236677219, 0.48082123338072386, 0.4681969848732469, 0.44208932269817935, 0.42415442664629566, 0.41549541765735265, 0.3919925234384007, 0.38125240830359636, 0.3726422747291585, 0.3591738424446217, 0.3533942555545499, 0.34432356698172434, 0.33616145952511084, 0.33148483248062866, 0.322051355309745, 0.3188726173309737, 0.3126859815702552, 0.308229035702805, 0.3070556051516659, 0.2982700652782879, 0.29637991652759926, 0.2949689318815236, 0.29434307516803815, 0.28988786981928916, 0.2871003598566093, 0.2848362609073914, 0.28227331254769256], "train_accurs": [], "valid_losses": [0.1911201554217509, 0.18447574361094407, 0.16659653186798096, 0.16821205190249852, 0.16638446040451527, 0.15983489820999758, 0.15975955022232874, 0.15774711886686937, 0.15657742427928106, 0.1574306394904852, 0.1591066883078643, 0.1591951088713748, 0.16349464654922485, 0.16439024013067996, 0.16428743409258978, 0.16600068365888937, 0.16679689846932888, 0.1648351696452924, 0.16824278395090783, 0.1712046672723123, 0.1719937494822911, 0.17291708210749285, 0.1762238581265722, 0.1757427499230419, 0.17758270326469625, 0.18037751050932066, 0.18178834633103438, 0.18135175188737257, 0.17940716126135417], "valid_accurs": []}