{"train_losses": [0.13047864170938864, 0.09947564827944089, 0.09606671678871591, 0.09186007157473812, 0.07314972282804515, 0.047461875444657395, 0.04310862949261299, 0.039632704033099146, 0.03684317283290207, 0.05024662683401847, 0.04758043168744755, 0.04497932214121338, 0.04328492306472051, 0.05050487619323226, 0.06050149107992447, 0.05683848029845373, 0.05389271963417227, 0.052310280114142606, 0.0666537732307323, 0.06474319929299177, 0.06046636747322741, 0.058427331773184946, 0.061476879129481264], "train_accurs": [], "valid_losses": [0.07320393448961633, 0.0671850644451167, 0.06529544912544745, 0.06942262666832123, 0.07068722256060157, 0.07117192260921001, 0.06893933052197099, 0.07639535762635725, 0.0693598578883601, 0.09366845299622842, 0.09760238815631185, 0.09741471754387021, 0.10976779075073344, 0.13905623887798615, 0.1356845128216914, 0.14406374908451522, 0.1514799121235098, 0.16662734746932983, 0.1857622183327164, 0.18702847311007126, 0.15925672756774084, 0.1818280587238925, 0.19833116639139398], "valid_accurs": []}