{"train_losses": [2.337490796436012, 2.230070139487944, 2.2237916974460377, 2.230107787237987, 1.1900162395549205, 0.015465634070100827, 0.01569045943469315, 0.017575318513151545, 0.01875972832296027, 0.04270606566582937, 0.04426871334535504, 0.04459730483911831, 0.042571221520424696, 0.04025274271996717, 0.03275324283926263, 0.0347797184386101, 0.03555087889945008, 0.033007104333270997, 0.045047866837943304, 0.04820377610168711, 0.04443800646592589, 0.048479074692328324, 0.05537837898839113, 0.06849862722368127, 0.07058652100991879], "train_accurs": [], "valid_losses": [2.227805812444006, 2.222123167344502, 2.201300787074225, 2.2166488021612167, 0.009431999259894448, 0.011054774729668029, 0.011625315445209188, 0.01248671712320564, 0.01190875917174188, 0.046557296466614516, 0.04112432793980198, 0.03886571666225791, 0.04534598942180829, 0.03467839962935874, 0.07134611226086106, 0.03677342639171651, 0.039197739180443544, 0.03831004181743732, 0.05146920228643077, 0.05166334579033511, 0.05884389838735972, 0.04508690708982093, 0.07257520773315004, 0.07135972906170147, 0.06996713359174984], "valid_accurs": []}