{"train_losses": [0.0586618693098763, 0.05580075170288528, 0.055412800329404446, 0.05517115088272418, 0.04979901660098884, 0.044517125968075444, 0.04438613707250262, 0.044411497068384924, 0.04429774046601618, 0.04406467305993602, 0.04395143415070902, 0.04401290266273113, 0.043964680794171346, 0.04432673129880995, 0.04485800469976879, 0.044836707282558556, 0.04476177570624994, 0.04480065180334301, 0.04456625671054308, 0.04457413201637533, 0.04456763815691029, 0.04451711939824787, 0.04469708892268158, 0.045090487976958846, 0.045043220566543515, 0.04512009681602813, 0.045095999602953234, 0.04541046577779686, 0.045416231633783465, 0.04550310478406659, 0.04539934467793994, 0.045466447577756995, 0.04553512809587415], "train_accurs": [], "valid_losses": [0.05409710056015423, 0.05240245865258787, 0.05186042096465826, 0.05122212530113757, 0.04614283906162849, 0.04608199236515377, 0.045932572634358494, 0.045880318785618456, 0.045836129425359626, 0.04564340379355209, 0.04558728159671383, 0.04554461923960064, 0.04551571251691452, 0.04645400554207819, 0.0464590349833348, 0.046418912742020826, 0.04640217893756926, 0.046395974167223485, 0.04611193115956017, 0.04608523765844958, 0.046071833332202265, 0.046041161620191166, 0.04662585371573057, 0.046616008571748226, 0.0466179993402745, 0.046581697883084416, 0.0465916155371815, 0.047055668297356794, 0.04703716351650655, 0.04707550493601177, 0.047022770724392364, 0.04701164165245635, 0.046995609533041716], "valid_accurs": []}