{"train_losses": [0.11638241948989722, 0.08979600940186244, 0.08666628050908648, 0.08475967465448973, 0.06533629621686708, 0.044155152737925765, 0.04413227533407476, 0.04376062874290334, 0.04345701230327468, 0.044999865288277284, 0.0450464183616355, 0.04491721118517995, 0.04487404061641494, 0.04493953250938546, 0.04524315162077209, 0.04534784780722533, 0.04516758271640512, 0.04534368002070831, 0.045019284704051137, 0.0453481823795926, 0.045275457199174085, 0.04514172028463621, 0.04539693578892299, 0.04546886298603197, 0.045361772377667656, 0.04532111001230473, 0.04532412609835556, 0.04516382545350769, 0.044978880896591224], "train_accurs": [], "valid_losses": [0.062110754694523554, 0.06135061835604055, 0.060728028250326006, 0.0599988672017519, 0.045386801906196136, 0.04506977394755397, 0.04492273474378245, 0.04476883984170854, 0.04465875881058829, 0.04665779395561133, 0.046569498954340816, 0.046507501509040594, 0.046444823632815053, 0.04707189383251326, 0.047001304171447246, 0.046948711088459404, 0.04689980328216085, 0.046847697746540816, 0.04697197805424886, 0.04691405288342919, 0.04687735079122441, 0.046831377083435655, 0.047101478524772186, 0.04704862849653831, 0.04700761251816792, 0.046974081080406904, 0.04692693167765226, 0.04684509892415788, 0.04681869679396706], "valid_accurs": []}