{"train_losses": [0.1034496778415309, 0.09913000124432737, 0.1262611800499221, 0.17614918308598654, 0.1722227612894679, 0.21707545892980995, 0.23364374416057396, 0.23453454172642774, 0.2852656502848264, 0.27795842853645797, 0.27727916801259633, 0.2783752506175054, 0.27238437316562764, 0.30612523528555086, 0.31044506886727596, 0.31544942365436957, 0.3928379625791595, 0.38011414317226916, 0.3990032508496254, 0.41843359598091673, 0.40109638771209766, 0.44685985593411026], "train_accurs": [], "valid_losses": [0.08523998782038689, 0.0773215311180268, 0.15163007405187404, 0.16813205741345882, 0.1500474861157792, 0.2055369463882276, 0.20310290503714765, 0.23989006477807248, 0.23128871619701385, 0.2412488910236529, 0.2643801109599216, 0.3311601696269853, 0.3104052479778017, 0.35193200409412384, 0.3748661290322031, 0.39131468906998634, 0.4254267141222954, 0.3312514488186155, 0.36321513780525755, 0.4470681941934994, 0.3558466588812215, 0.5174488026116576], "valid_accurs": []}