{"train_losses": [36.88032440686118, 40.70287540056047, 40.916831922746894, 39.999555367689865, 21.235400680602186, 0.0209870934317824, 0.02055317305694271, 0.02045673174610808, 0.0203498232144677, 0.03634650380734135, 0.03705819892987811, 0.03704572930443206, 0.0369282828968406, 0.03882416430860758, 0.04133611428235316, 0.041325054889991546, 0.04128525350074288, 0.04128349600233373, 0.03985045055492162, 0.0397362484053047, 0.03964014448292924, 0.03945174740366132, 0.041083512612833425, 0.04372892493795081, 0.04377127433726691, 0.04357629276946929, 0.04340397687923854, 0.042838789248729456, 0.04285323814956716], "train_accurs": [], "valid_losses": [43.18826740128653, 44.15550286429269, 43.9313291481563, 44.28071621486119, 0.021769678203522096, 0.020774262408459827, 0.020783637866510878, 0.020586686025905823, 0.020510809030383825, 0.03841683910494404, 0.03824411113081234, 0.03859663671547813, 0.038224657432043126, 0.04264620175984289, 0.04266122918176864, 0.042618637272555916, 0.04244199149044497, 0.04244927812500724, 0.04107523529923388, 0.040892309442694695, 0.04086727509275079, 0.04105205092179988, 0.04525495377103133, 0.045888149445610385, 0.0450396084426237, 0.04478686638841672, 0.04497988857994122, 0.04402670796428408, 0.043991764641499946], "valid_accurs": []}