{"train_losses": [194.18760960781736, 164.83413630696984, 139.32781801180602, 119.75029340372906, 100.46246500144717, 82.40012861916382, 74.05440365890571, 68.2172768536736, 62.60385517620932, 52.304490706499884, 47.390368112072146, 42.694937395294325, 38.607284006489884, 33.5764497869155, 28.179178928357985, 24.742362630852746, 21.907508381891034, 19.112329746263597, 14.954918857073892, 12.436516913892996, 10.680776550759017, 9.21204517222098, 7.575754555641796, 5.640365120512328, 4.790870072615093, 4.235185211600221, 3.7067104564532976, 2.83005641110882, 2.3804625047547785, 2.1815517302012553, 1.987780989025513, 1.8212623953549572, 1.5635316528346204, 1.402555401710903, 1.3412819528336979, 1.3334483519803344, 1.1382995028031897, 1.1241597916206083, 1.1025443072367578, 1.0683636161671504, 1.032499328929914, 0.9632633210442185, 0.9598337269611488, 0.9494777989333572, 0.9324312173672931, 0.9000740909603386, 0.91541260150493, 0.8861293315348042, 0.8431053998378607, 0.8563179431053308, 0.8083198816932704, 0.8092407812427611, 0.8426192432170001, 0.8115451983197243, 0.7710623422898858, 0.7768202999193744, 0.7677016235989144, 0.7666251264613678, 0.7397629837442308, 0.7417474022952679, 0.7242057539893492, 0.7198200497894266, 0.7284105484167375, 0.7106824209450057, 0.7025558188625051, 0.6923370997830214, 0.6957781100772086, 0.6875947981870552, 0.6643154354791296, 0.6714208569057387, 0.66359515946645, 0.6504807766543794, 0.6238993624081979, 0.622908612755359, 0.6365490612401142, 0.6289848034603024, 0.6427318688768607, 0.6123703746167244, 0.6132337626288918, 0.5807080375730183, 0.5879968685936604, 0.5774089399371212, 0.582983226460569], "train_accurs": [], "valid_losses": [162.52516215188163, 133.20254462105888, 107.62192726135254, 87.20483868462699, 39.46830551964896, 27.330856527600968, 20.598015666007996, 16.749052933284215, 14.815660016877311, 2.898564174771309, 1.7899123749562673, 1.398657705102648, 1.2919222659298353, 0.41537488704281195, 0.4683223675404276, 0.5199553407728672, 0.5549294693129403, 0.5429371499589511, 0.5313533507287502, 0.506177520113332, 0.4741105352129255, 0.43760588073304724, 0.40618699682610376, 0.3638901792998825, 0.3232068290401782, 0.2908627996221185, 0.26526291349104475, 0.2530392779569541, 0.2378635434433818, 0.22575736524803297, 0.2160658528363066, 0.18573816898944123, 0.17850741484601582, 0.1716527482494712, 0.16528422950900026, 0.1582158945966512, 0.1371205359963434, 0.13335046112271293, 0.12582345140565718, 0.12149849094982658, 0.10527550588761057, 0.10065856522747449, 0.0967499412862318, 0.09353901705305491, 0.08921840926632285, 0.07824390175353203, 0.07496678722756249, 0.07175072808084744, 0.07010278305304903, 0.05901554113786135, 0.05884958717173764, 0.057878892070480754, 0.0568033584526607, 0.055610416656626124, 0.05484272679314017, 0.05429804421562169, 0.05390748780752931, 0.05358867789618671, 0.05431625975428948, 0.05378417284893138, 0.053774495309750946, 0.053611720147143514, 0.05270778397763414, 0.05488790684778776, 0.05513879280936505, 0.05469606391021183, 0.053849161768864305, 0.05394205095113388, 0.05395361970710967, 0.05516095502701189, 0.05611364214148905, 0.05818641801098628, 0.05650865991732904, 0.05597051016853324, 0.05750589056073555, 0.05708941381557712, 0.05654526834509203, 0.056844567015234916, 0.05589104210957885, 0.05527836237368839, 0.0548107927066407, 0.05504316394217312, 0.054917556732626896], "valid_accurs": []}