{"train_losses": [111.96950163664641, 103.38256752175629, 92.98722379674356, 79.47897545748917, 75.31292259377777, 65.02785603205363, 61.500877163397575, 55.862362432732155, 30.656563078284893, 33.4920718253605, 23.01016738238158, 11.270426618674446, 10.844081485082233, 3.598904694553721, 1.2771892148863386, 1.158239617549553, 0.8549821039553357, 0.7433514338400629, 0.7381827192647117, 0.6709172620029046, 0.6321040142780889, 0.6786805011292614, 0.616884983031365, 0.6276726401238529, 0.5695352548211025, 0.5434018781497365, 0.5412628140162539, 0.5178536657027151, 0.4921739403572347, 0.5277621219200748, 0.5143342911211587, 0.5230058253047958, 0.5740446230524747, 0.5269177128122282, 0.5372822875620196, 0.49239933678003217, 0.47665773369569, 0.4884475241341288, 0.44452667729091394, 0.4681163981320366, 0.4698812105747127, 0.4424213220872892, 0.4736730875989432, 0.4384276774963216, 0.4122972393989878], "train_accurs": [], "valid_losses": [59.12910577229091, 91.55892521994454, 40.715442589351106, 58.61843892506191, 60.447883878435405, 46.039126464298796, 44.207490001405986, 18.274035368646896, 16.722873074667795, 22.625843048095703, 3.404790175812585, 3.8037594264107093, 4.161591422611049, 0.5626377120081868, 0.4036121686388339, 0.31256651279649567, 0.33429006460521904, 0.31423679552972317, 0.27415792058621136, 0.2505119192813124, 0.2591913033808981, 0.24372790807059833, 0.2815673585448946, 0.24783894126968725, 0.23182042661522115, 0.29500870273581575, 0.36451182008853983, 0.26278998889029026, 0.30045713670551777, 0.29908390928592, 0.29038674677056925, 0.3250126859971455, 0.34688785299658775, 0.38006172914590153, 0.31550769321620464, 0.32292030113083975, 0.3449773322790861, 0.34115999937057495, 0.3076449374535254, 0.37014482808964594, 0.37860054575971197, 0.394680526639734, 0.38443678990006447, 0.4196947373981987, 0.4520904001380716], "valid_accurs": []}