{"train_losses": [15.218229511348659, 15.193877429558487, 14.375522869604605, 12.712581011353347, 12.686543839318412, 9.572688083169322, 8.262054898751476, 7.913058105599943, 2.283887663373241, 2.315562961908875, 1.671605693442481, 0.8259023614424877, 0.82877017297442, 0.8155860124283998, 0.7930221954981486, 0.8087794081401573, 0.6121600522960304, 0.6063811192436824, 0.6062604610330213, 0.6202725311593403, 0.6257352281026739, 0.45331224192071845, 0.3853593354739209, 0.5012781284355298, 0.9966826468863815, 1.0557621597612976, 0.9940757668680615, 1.0268864093161134, 1.0155501700740643, 0.7033464029115974, 0.6588828531759126, 0.6740775180477945, 0.7196147412692429, 0.7542326278077862, 1.0344005096999427, 1.1829214900258989, 1.1910363647042128, 1.016607001660362, 1.0083396859742977, 0.9836428969625443, 0.8169770988995436, 0.8107284136392452], "train_accurs": [], "valid_losses": [18.16371021951948, 16.98161918776376, 16.223748207092285, 15.720450026648384, 10.790270737239293, 11.189230646405901, 4.488281377724239, 1.7543771032776152, 0.9909196123480797, 3.8126227131911685, 1.0081537791660853, 0.22814050556293555, 0.2907466795295477, 0.7890556444014821, 0.6041523899350848, 0.5979802895869527, 0.1906073380793844, 0.38771885739905493, 1.0921949786799294, 0.22726627785180295, 2.6972942522593906, 0.0773514306971005, 0.9077706038951874, 2.4343413966042653, 0.8330252223781177, 2.6156388223171234, 1.5513570415122169, 0.4289759642311505, 0.4990531876683235, 1.0371795807565962, 0.7826224054609027, 1.0022342843668801, 0.2432017501975809, 0.2140587419271469, 3.182878941297531, 0.4234328509441444, 1.3883888934339796, 0.3516674100288323, 0.36934054483260426, 0.23221598379313946, 0.5000725824918065, 0.26031896711460184], "valid_accurs": []}