{"train_losses": [43.274582314814914, 32.01016708736506, 32.15721200278442, 31.25333963584037, 15.994754955880513, 0.05633690853379835, 0.05185123829685185, 0.05092776003314764, 0.04920897132620148, 0.043373354933987376, 0.04244203449172132, 0.042313635210207416, 0.04196951542117072, 0.04182679751862633, 0.042037382705044424, 0.04180100337260854, 0.04118432147571674, 0.040948718950590664, 0.0459449664348256, 0.04628394482176903, 0.045915841264018105, 0.045275568452187526, 0.04900582234177115, 0.05547365559711715, 0.054662604883684025, 0.05393809814225225, 0.053433328260124, 0.054095171404606346, 0.05307554842575508, 0.052762308570965116, 0.0519533002964006, 0.05057386424797018, 0.048792815923151385, 0.04864879927652724, 0.047283750385619126, 0.046436062929688264, 0.047415358048117806, 0.04693256578159548], "train_accurs": [], "valid_losses": [38.04085510117667, 37.863506998334614, 36.71880282674517, 29.87845730781555, 0.046943200984969735, 0.04678194311314395, 0.04619725630618632, 0.046049017359369566, 0.04562906109328781, 0.04271538791778896, 0.04277503932826221, 0.04257891789477851, 0.0426359672232398, 0.04312503474232342, 0.04263779308114733, 0.04244907812348434, 0.04226850425558431, 0.04132728767581284, 0.04764431043128882, 0.046394576118992906, 0.0469175406532096, 0.046311844107029695, 0.056846345242645056, 0.05678796907886863, 0.057264048705941865, 0.05649197909847966, 0.05607569460490985, 0.05729718609446926, 0.056642371762011735, 0.05724933557212353, 0.057194152381271124, 0.054508901932942014, 0.0546907984452056, 0.05460209003649652, 0.05542682879604399, 0.05539699663807239, 0.057750744645350745, 0.05674847574638469], "valid_accurs": []}