{"train_losses": [5.2024957675230565, 5.2162263683541115, 3.9979704569571863, 1.7386177384033406, 1.7423939316991777, 0.5454888258735457, 0.04630230341806377, 0.04948494165258669, 0.07092771990096601, 0.07036532966232804, 0.09510573348099435, 0.12608489066993117, 0.12601546094649368, 0.18115199808642346, 0.1949551952657876, 0.19613699214877905, 0.2122404828825325, 0.21293142978003415, 0.20721182913061173, 0.2050455167850174, 0.20538788722463386, 0.21554638591235276, 0.21983355155618733, 0.2220597828703898, 0.23190619006122232, 0.22984672542759982, 0.22580368582297256], "train_accurs": [], "valid_losses": [8.1010588152068, 6.364164684500013, 1.0443606664027487, 1.631502907191004, 1.9494074497904097, 0.03871954698115587, 0.01047167054743373, 0.0850982837645071, 0.07084428612142801, 0.09007641353777476, 0.07779816019215754, 0.07254138269594737, 0.08692418517810958, 0.290786329124655, 0.11621347415660109, 0.13693450577557087, 0.12373780964740685, 0.16333981417119503, 0.29485259896942545, 0.2083419771598918, 0.21807691720979555, 0.15561974979937077, 0.5166788644024304, 0.2247990079756294, 0.2881571262010506, 0.16485277403678214, 0.31760439915316446], "valid_accurs": []}