{"train_losses": [33.56320989195001, 30.162450041089738, 24.42841449238005, 14.630378101237866, 13.564907729941071, 10.990821613205803, 9.311449012428364, 8.495839926931593, 5.39210487736596, 4.867295821823141, 4.674839285631029, 4.338602560537833, 4.024220666399708, 3.299251630035027, 2.8483961101562256, 2.6248549264732493, 1.8174523510945537, 1.6808023461825634, 1.6435273970088, 1.4775180965267791, 1.3995110610568966, 1.2427145985778048, 1.1044866697734625, 1.058806056619952, 0.9534328443111566, 0.8627090105225169, 0.7886361129700191, 0.6492137352507266, 0.5919014784906592, 0.49194878960649174, 0.4096351322772169, 0.39513289114391364, 0.33795554527924176, 0.29530834193740574, 0.31355313110170224, 0.283553601415069, 0.26274386392265714, 0.2691421530470646, 0.23132392838005983, 0.23043268950527937, 0.22859039449344867, 0.20062977381582772, 0.23614499724849505, 0.21915168601960416, 0.19743795785560178, 0.20923335475738716, 0.17856065390838516, 0.18430421100288788, 0.18462175443256026, 0.16136455978390085, 0.1731874825107673], "train_accurs": [], "valid_losses": [13.437747938292366, 12.775719404220581, 5.7104902267456055, 7.668116348130362, 6.703418110098157, 4.9862063229084015, 4.3292525836399625, 3.337664467947824, 2.2300983060683524, 2.751876100897789, 2.1536690331995487, 2.2226003663880483, 2.511546889586108, 1.4847098674092973, 1.461592469896589, 0.7818648208464895, 0.7618820076542241, 0.8505647022809301, 0.7371203058532306, 0.8523591724889619, 0.7864633367529937, 0.6739558066640582, 0.613883019558021, 0.6089293448520559, 0.6121722300137792, 0.5694081634283066, 0.3386357607586043, 0.3371059889239924, 0.3646222283797605, 0.2500265730278833, 0.21041292337966816, 0.24775894624846323, 0.2212406092190317, 0.2379114077027355, 0.2290885846263596, 0.2481918821909598, 0.24036040981965406, 0.2526507611785616, 0.24605459826333181, 0.2454972839249032, 0.23199884354003839, 0.24059915782085486, 0.2889217383095196, 0.3013234665351255, 0.23295888703848636, 0.24402226773755892, 0.22175222568746125, 0.24281768846724713, 0.2667001209088734, 0.27240380964108873, 0.24044442269951105], "valid_accurs": []}