{"train_losses": [105.54825321580998, 84.46635460222839, 63.23382768176851, 30.043744107402823, 29.27977237751875, 24.89784618786403, 22.945837515371817, 22.4988788183404, 19.221874171463902, 19.07335102495062, 18.047577680103362, 16.661695950876467, 16.558890410831996, 15.114467606973395, 14.587728516765372, 14.272436120522716, 12.90601678247805, 12.779246379458716, 11.666810064719467, 10.47724777113193, 10.367771484233716, 9.83099244889759, 9.630622890260485, 9.15028659565739, 7.275623016887241, 7.19523041273551, 6.054064741841069, 5.071904852907494, 5.009231256114112, 3.884231735474218, 3.704517102746106, 3.5300336476987, 3.108162258194868, 3.0656937310304593, 2.690274491196587, 2.440629535566562, 2.4059763148663538, 2.471400648355484, 2.444439428508597, 2.409965116983999, 2.3376488463273124, 2.321397488237058, 2.1544437310683033, 2.0750579802447526, 2.056356322749582, 1.4696830477191027, 1.4545732440929564, 1.5221553585201344, 1.64833310522415, 1.6380019046011425, 1.2541539898467442, 1.109071694432743, 1.0819395486482237, 0.9590978167517475, 0.9355294972500473, 1.062911567430963, 1.2182546880825487, 1.2062035837659129, 1.3995652789319004, 1.4335060741693255, 1.4553019557365034, 1.5971512025783932, 1.5695987947718808, 1.9135966481512816, 2.2166492182110984, 2.1954977373597484, 2.4684732051753495, 2.490218872904147, 2.2907624947961676, 1.661966430447089, 1.6436717043478022, 1.316251579179335, 1.0806319192446099, 1.0621157020488112], "train_accurs": [], "valid_losses": [39.16500006403242, 42.703060967581614, 19.013976914542063, 20.564442907060897, 16.950719322477067, 15.123892222132001, 14.023701804024833, 14.65805985246386, 14.304151620183672, 12.585215875080653, 11.649137599127632, 11.619120597839355, 10.968099619661059, 9.053799058709826, 10.57936978340149, 9.64095629113061, 8.834165854113442, 7.923529395035335, 6.942229287964957, 7.5108015196663995, 7.582597042833056, 7.180709345000131, 5.8111520281859805, 4.792453548737934, 4.949623303753989, 3.575497595327241, 2.9639431876795634, 3.0801318096263066, 2.873124837875366, 2.7129555408443724, 1.752273061445781, 1.789470104234559, 2.077352637691157, 1.6296153653945242, 2.4495780787297656, 2.322802964065756, 2.2813048969422067, 2.1306151130369733, 2.0572463955198015, 1.9871420679347855, 2.0131243030939783, 1.142673170460122, 2.591683949742998, 1.5745823851653509, 0.7730897627770901, 0.994348938443831, 0.8178933252181325, 1.0831511776362146, 0.9137448844100747, 1.6508200296333857, 0.7333101135279451, 0.850878429199968, 0.7071652473615748, 0.5534873080572912, 0.7885813819510596, 0.8182630193020616, 1.144657213240862, 2.143239753586905, 1.2812605713094984, 1.7132294891136033, 1.573446859206472, 1.234734967883144, 1.2752695732883044, 1.7959385737776756, 1.5851032829710416, 1.9872483004416739, 2.489437703575407, 2.096321478486061, 0.9572502906833377, 1.2753679039222854, 1.5877670805369104, 0.7735251853508609, 0.9220489407224315, 1.0107698709304844], "valid_accurs": []}