{"train_losses": [0.26064225252532314, 0.24841733758940415, 0.24522556748864877, 0.24736078043059526, 0.23636400234375604, 0.22524236388740496, 0.2239770234575099, 0.2203859847325545, 0.22119922322385452, 0.21879365340684334, 0.2122756298378582, 0.2134800941358864, 0.20998980482509233, 0.21334466671916694, 0.2077836390938694, 0.20940418686397475, 0.20761700433034164, 0.20524490449358435, 0.20393638181335785, 0.20492697318350028, 0.20162740656558206, 0.2010553382101102, 0.19796246863328493, 0.1991045159789232, 0.19600704706767025, 0.19564289026535475, 0.19621623813162023, 0.1908773336879808, 0.19218814457298944, 0.19190245831376826, 0.18926271789483895, 0.18861189605963177, 0.18738773202194886, 0.188687661114861, 0.18431300494600744, 0.18431545579932393, 0.18226962126960042, 0.17964871804234128, 0.18082991351976113, 0.17758670847070704], "train_accurs": [], "valid_losses": [0.0715126393895064, 0.07039829496560353, 0.07074790388079626, 0.07094427916620459, 0.044788234268448184, 0.04501716243768377, 0.044975751146141975, 0.04503410149897848, 0.04505311870681388, 0.042604919290170074, 0.04259770702836769, 0.042611881458599656, 0.04253366067340331, 0.04227656990821872, 0.04241238118681524, 0.04233911410639329, 0.0424485926383308, 0.04235727073890822, 0.042289454622992446, 0.04219766263850033, 0.0423330918087491, 0.0422136724394347, 0.04253704829274544, 0.04256143806768315, 0.04256127112811165, 0.04256126883306673, 0.04245753599596875, 0.04258802739371147, 0.042561847350693176, 0.0425286334939301, 0.0425017070623913, 0.04239736557272928, 0.04241913487203419, 0.04243093313250158, 0.04244892249282982, 0.04246277318868254, 0.04255256944868181, 0.04255214626235621, 0.04248542328631239, 0.04249982136700835], "valid_accurs": []}