{"train_losses": [7.185884617939197, 7.08568066200882, 6.4997130891002675, 5.492661131122125, 5.516670681181408, 3.929355945852068, 3.242126393570471, 3.1452476022735474, 1.8130797362201427, 1.8246437372669342, 1.6244490246766459, 1.375687218847729, 1.3719154524582404, 1.1941753964102457, 1.173940134348062, 1.1695777115525392, 0.8876070892684674, 0.8826160883461988, 0.8634460245175336, 0.7734216312094341, 0.8015755733484944, 0.7395483751303304, 0.7472439009755377, 0.7636557129561585, 0.8460370382619282, 0.849547608740746, 0.7433060589369642, 0.6644400948333362, 0.6435358630759376, 1.0616071616846419, 1.086288608571209, 1.1262940378889206, 1.1272708954161437, 1.147078680534842, 0.9965750168240259, 0.8909506206474607, 0.8920291318464532, 0.9084484902008501, 0.8887518240661217, 0.8586711503920101, 0.7324165940363571, 0.7429023480446881, 0.8384337054673957, 0.8790929111696425, 0.9042136828420023, 1.4433242397964317, 1.4662075160987793, 1.3131971923762529], "train_accurs": [], "valid_losses": [5.944890482085092, 7.154646788324628, 2.9020756099905287, 5.514972559043339, 5.439027462686811, 2.080476850271225, 2.3575872097696577, 2.0825634726456235, 1.053058779665402, 1.449894055724144, 0.3407187099967684, 1.3367680609226227, 1.8029592335224152, 1.4247009860617774, 2.1424347034522464, 0.30125443797026363, 0.3420267552137375, 0.739204075719629, 0.8482220279318946, 0.6764436992151397, 0.07055308915940779, 0.8697224717055049, 0.17709081007965974, 0.171427315899304, 0.844438336789608, 0.2568347297076668, 0.15544151567987033, 0.06618126335420779, 0.09558513600911413, 0.24919564835727215, 2.035339002098356, 1.134352330650602, 1.476196642432894, 0.6181003440703664, 1.5855645409652166, 0.8573838280779975, 0.6314719212906701, 1.6151913702487946, 0.5387804987175124, 0.8159316714320864, 0.35637705347367693, 0.08758637136114496, 1.655973391873496, 0.8441442304423877, 1.0535170116594859, 0.37805922382644247, 3.346811422279903, 0.44824094059211866], "valid_accurs": []}