{"train_losses": [5.716869853476368, 5.711411189780664, 4.997335942649337, 3.6927979910184465, 3.6884772083746693, 1.881818723978189, 1.1217595089680303, 1.088156266305497, 0.5705423529737841, 0.570379679638242, 0.4223470819926767, 0.2098915789808546, 0.21114614091458775, 0.2111678727404781, 0.20978834387407733, 0.2120685162288802, 0.21700744447175158, 0.21984475033071937, 0.23845179248896856, 0.25580109161122766, 0.25472031460789146, 0.31354523913333654, 0.32593330839481305, 0.32460628304058914, 0.32230176967839713, 0.3193390857448023, 0.33063730617206566, 0.3384976953110367, 0.3358383656494201, 0.33662497331068, 0.33439265648839334], "train_accurs": [], "valid_losses": [6.976239672728947, 7.078112925801959, 5.436196514538357, 4.7624736939157755, 5.6133520518030435, 0.7957308537193707, 0.6430873615401131, 0.4085058697632381, 0.5195089887295451, 0.4795210835124765, 0.08973942364432982, 0.21417691851300852, 0.33479740577084677, 0.2969783054930823, 0.20726686077458517, 0.22678262580718314, 0.26734532841614317, 0.1758349644286292, 0.2512243762612343, 0.15800847858190536, 0.19828108165945327, 0.3959145370338644, 0.24167358130216599, 0.24024545507771627, 0.3380621166101524, 0.30850765109062195, 0.21723095886409283, 0.2165690596614565, 0.38245088340980665, 0.20703566021152905, 0.14310592679040773], "valid_accurs": []}