{"train_losses": [0.10461708335248054, 0.09786341616639455, 0.09346665184928012, 0.08728969369370204, 0.08675405165660975, 0.08585406610598931, 0.08213650409924499, 0.08011321193323685, 0.07768139165585937, 0.07446045782501341, 0.07341213588396349, 0.07066037210876046, 0.0690394886495436, 0.06675522719674251, 0.06514279475241765, 0.06434716568307369, 0.06313760710956015, 0.06160605033834326, 0.0604386282621196, 0.059915271330607964, 0.05819425218194993, 0.05792865332856572, 0.05761347604890215], "train_accurs": [], "valid_losses": [0.032577465454648645, 0.03261181931676609, 0.0325159798043647, 0.03253567271998951, 0.042296714847907424, 0.04234119285164135, 0.04216222827588873, 0.042350943898782134, 0.04214057243163032, 0.042898455601451654, 0.042792783152045946, 0.04283164890616068, 0.04286999960563013, 0.042840226054457684, 0.04274649249522814, 0.04275578942282924, 0.042716109726045816, 0.04273202569623079, 0.04314485877486212, 0.04308223797540579, 0.04307432273136718, 0.043147995635601025, 0.043829933806721656], "valid_accurs": []}