{"train_losses": [1.794500012068727, 1.6514044749251318, 1.6528047853195829, 1.6536885075169991, 0.8821004972923799, 0.017768026594013584, 0.018271783874601936, 0.018995574245659206, 0.018122187436334956, 0.050129790859912184, 0.049178451742150936, 0.04812872244626688, 0.046251889524720105, 0.04629181280765868, 0.047686223463235394, 0.045815292404484155, 0.045736295579852565, 0.046264104709467464, 0.05179355508222232, 0.05099598535366053, 0.05184436564194671, 0.051456222951209926, 0.04855354877854634, 0.04820558751145235, 0.047494227783038065, 0.04816810664092928, 0.046575759099248576, 0.042949075106851656, 0.042635497573881125], "train_accurs": [], "valid_losses": [1.6334988687719618, 1.6374620156628745, 1.6323635003396444, 1.6384499562638146, 0.016004547144153287, 0.014143149975487697, 0.0135679512916665, 0.013785133304606591, 0.01334058984814744, 0.04416544100136629, 0.05296863994694182, 0.03981852381756263, 0.04884178277903369, 0.0392187623573201, 0.04276794993451664, 0.0404293565412185, 0.04277714278682002, 0.06612536264583468, 0.04346492384294314, 0.047336957517213056, 0.045758648708994897, 0.04782062200164156, 0.039670114571760805, 0.040496466282222955, 0.04044218131873224, 0.06103456838588629, 0.040088767086022666, 0.03545963019132614, 0.03889372901591871], "valid_accurs": []}