{"train_losses": [32.93449577452645, 32.245295660836355, 24.389625364510472, 9.906266652717791, 9.785555092745987, 6.663044909951548, 5.30719892310087, 5.181941629402221, 4.4268353619272744, 4.361390000297909, 4.34361802017878, 4.396917441849986, 4.350391466150839, 3.953982849600454, 3.830329103444619, 3.601249763889918, 2.233983975869638, 2.2205838444371704, 1.7852222410143999, 1.3197411774169832, 1.3107992741796706, 1.0519803428933734, 0.99981703975844, 0.979074334814435, 0.9220266296434655, 0.9166574418229401, 0.8653278957126002, 0.8181708369147841, 0.8115211057442205, 0.8118344479925418, 0.8095634830376458, 0.7806273832838372, 0.6972465655475697, 0.6958605813049765, 0.6857451274991035, 0.6738361798266255, 0.6722382050421503, 0.697100777041029, 0.6955324759480184, 0.6968480437284424, 0.6951369864757729, 0.6895406121614749, 0.6815621338824116, 0.676638213139047, 0.67387077484339, 0.6905991786686831, 0.6910441991276842, 0.6992886458282117, 0.7177083025533686, 0.7136198510883978, 0.6560738913360096, 0.63256093319604, 0.6278618172441841, 0.6058811278491424, 0.6010121770952114, 0.5942986725814758, 0.5844343197014596, 0.5797693999040694, 0.6443174266941333, 0.656397116720361, 0.6487637467327572, 0.6217199503271668, 0.6194629640412078, 0.6245739971676831, 0.6283974924257824, 0.6267111824145393, 0.6090970405195125, 0.6051219991511769, 0.6006779744038506, 0.5904196923766186, 0.5873961056035663, 0.6402886176393146, 0.6786146951573235, 0.6757578235218133, 0.6577908795267816, 0.6483079065327291, 0.6348026184335588, 0.5902840927558601, 0.5864141638237963, 0.5964820785497231, 0.6025876548712846, 0.5966192843816268, 0.7049714007942134, 0.6983165989713694, 0.6796487856400076, 0.6401584114110659, 0.6347638101331772, 0.6502122286529768, 0.6463106599040133, 0.6571716599205815, 0.7712428553236855], "train_accurs": [], "valid_losses": [19.281772783824376, 19.61631579058511, 4.704089688403266, 4.136710473469326, 3.7301041228430614, 2.720754787325859, 2.6748339661530087, 3.2828742350850786, 2.297143742442131, 2.1084754296711514, 2.4281232335737775, 2.6899254407201494, 3.859329032046454, 2.107355162501335, 2.1194192554269518, 1.1183643128190721, 1.1151433629649026, 1.1717005286897932, 0.7297412295426641, 0.6892050632408687, 0.7101715643491063, 0.6412235285554614, 0.5657375917903015, 0.7081324851938656, 0.5339500324002334, 0.6346437973635537, 0.6395404998745237, 0.5591636156397206, 0.5467737237257617, 0.6076391956635884, 0.6177219301462173, 0.5475163582180228, 0.5410312344985349, 0.6205736483846392, 0.6519942869033132, 0.5297304498297828, 0.6120397730597428, 0.4923537032944815, 0.5701658023255212, 0.677876418190343, 0.519166040633406, 0.574695598334074, 0.6378724984824657, 0.5336713125663144, 0.5095229633152485, 0.5441725961863995, 0.5870790646544525, 0.5551283380814961, 0.661577182156699, 0.6024748640401023, 0.5251128966254848, 0.5209637007543019, 0.5173384717532566, 0.47747918165155817, 0.5074740467326981, 0.4909163277064051, 0.5090923729751792, 0.537895741207259, 0.6476538553833961, 0.5545145076300416, 0.5497934307370868, 0.4713587931224278, 0.6728860246283668, 0.47674840848360744, 0.48574287444353104, 0.5335134778703962, 0.5216538437775203, 0.47209465663347927, 0.5072816147335938, 0.45453157488788876, 0.4377513809927872, 0.5035546118659633, 0.6227068028279713, 0.5370752476155758, 0.6485680182065282, 0.6236691448305335, 0.5357836442334312, 0.523387244769505, 0.5594797730445862, 0.47563020459243227, 0.4800173821193831, 0.506121579025473, 0.6244778909853527, 0.6394852580768722, 0.5427440282489572, 0.625137811260564, 0.5309557068560805, 0.6800129344420773, 0.67192449846438, 0.7154544496110508, 0.650650462933949], "valid_accurs": []}