{"train_losses": [0.5493738210942379, 0.5412775296225119, 0.5398919974212293, 0.5434368931979099, 0.5400208869860286, 0.5384094849938438, 0.5359570365103464, 0.5308690723524523, 0.5271753500062952, 0.5245004945961886, 0.5188616923002339, 0.5150183338336843, 0.5098048815572703, 0.5072412805424796, 0.49824348076310737, 0.497604263167848, 0.4909455935869898, 0.48621605951634667, 0.4805232931381811, 0.4768069236287995, 0.4719091575770151], "train_accurs": [], "valid_losses": [0.09536228555121593, 0.10124495798455817, 0.11639327249888863, 0.12196502355592591, 0.12592379549252136, 0.13524372716035163, 0.13805424900991575, 0.141113795073969, 0.143158839084208, 0.14369912379022157, 0.1447423611368452, 0.14431526844522782, 0.14506126314933812, 0.14718956726470164, 0.14683513808995485, 0.1476801974432809, 0.147150401824287, 0.1478651583726917, 0.14837961258100613, 0.147532692445176, 0.14815856330096722], "valid_accurs": []}