{"train_losses": [32.64900034477268, 31.488317880155815, 31.255121888078715, 31.68806157392614, 17.13283769325332, 0.021259736299211355, 0.021147885680097532, 0.02110995800546223, 0.02110930349534521, 0.03778976004579151, 0.03860857966250626, 0.03879150635314203, 0.0386246696337889, 0.039803031456922246, 0.04178931940835795, 0.04170087703853441, 0.04160676711571837, 0.04134462425291403, 0.04099707697556097, 0.04087515579056147, 0.04064335657612366, 0.04049947717526245, 0.04065377097492574, 0.04077426246809879, 0.040858777492766465, 0.04071060882889712, 0.040849735703302456, 0.041878108992936654, 0.04143662858181275], "train_accurs": [], "valid_losses": [43.74924285071237, 34.28438452311924, 44.408192362104145, 33.17273490769522, 0.021652022360025773, 0.021454974526672492, 0.021470448850387975, 0.02172077611820506, 0.02141576137260667, 0.03942447541547673, 0.03966490621678531, 0.03994799501794789, 0.03930521294075463, 0.04253350461034903, 0.042158706413049786, 0.04185316734947264, 0.04165248349974198, 0.04272978569913123, 0.04169318063317665, 0.04138260740520699, 0.041052049425031455, 0.04096219362691045, 0.041393847637144585, 0.041388566439439146, 0.041487483673595955, 0.04127153691037425, 0.04169032609622393, 0.04221230585660253, 0.041537193880815594], "valid_accurs": []}