{"train_losses": [0.43785069833593393, 0.3700783220390794, 0.26550593798753447, 0.08021955938132667, 0.07978992815568019, 0.12947020114020066, 0.14948760700367747, 0.1511740412503954, 0.18191136118201984, 0.1815442748801418, 0.2011126559523363, 0.22740025447789955, 0.22706663766235272, 0.2225837637941358, 0.22156970204893875, 0.22016112920310763, 0.21656706832625247, 0.2165746314539796, 0.22498955695875109, 0.23373937171208795, 0.23362496166081026, 0.22209680535727078], "train_accurs": [], "valid_losses": [0.005315597697127876, 0.0049224445205514455, 0.05552191313888345, 0.0680446906148323, 0.07024730702063867, 0.10973025605614696, 0.13484294446451323, 0.16130321685756957, 0.1589689361197608, 0.16308578715792724, 0.2058130811367716, 0.18988604843616486, 0.24204750598541327, 0.19135147838720254, 0.1952046203826155, 0.21128680929541588, 0.1947407421788999, 0.1952897866389581, 0.2413052980388914, 0.20085389938737666, 0.21124878791826113, 0.1951973055090223], "valid_accurs": []}