{"train_losses": [5.599526015948926, 4.960830067617321, 4.759142485139597, 4.905685398913077, 2.77315393889247, 0.17822364216661965, 0.185861630382109, 0.1991351317715456, 0.1809726389234557, 0.15758393381667488, 0.15489726335577228, 0.154029309806494, 0.15896444063532542, 0.155299442689613, 0.18225781455619167, 0.1756943286653625, 0.17819199493635293, 0.18204221505739165, 0.45925681962214443, 0.23374104247811964, 0.23010343469982772, 0.24577503973340017, 0.5060447397646052, 0.263383719657139, 0.18366515280982285, 0.39837126812278145, 0.17695737081449225, 0.33357277547527625, 0.1916074171510622, 0.19226806566995733, 0.1947353659745525, 0.6472538343432667, 0.15856282672174782, 0.1781422428500194, 0.1696968194501837, 0.17792331829363675, 0.23085067169614373, 0.20028308111483156, 0.20996357888253026, 0.20381622925839005, 0.2352510615340455, 0.25270976394212624, 0.382112287456903, 0.254369471213734, 0.31434511192716086, 0.2457324100059891, 0.23796461990347545, 0.5081248820097738, 0.22239036011884655, 0.5524967146776111, 0.43094272931776434, 0.457194714743762, 0.30442187139486293, 0.5762589029394664, 0.4334530446918605, 0.1558485436358603, 0.16716535218540426, 0.6288662313154953, 0.27300654210327235, 0.16600319256003088, 0.16397425497785142, 0.5722829461923686, 0.2515694937643456, 0.16718112711680894, 0.19139253077986418, 0.18212714918143205, 0.16738672712733504, 0.1940967579818925, 0.5189139510576541, 0.2912598875313323, 0.36860988376771703, 0.42019586447137514, 0.257563333098705, 0.26442808863534106, 0.2500535668257405, 0.258763149970662, 0.5579624370549598], "train_accurs": [], "valid_losses": [4.32244930097035, 4.791540418352399, 4.834265291690826, 4.717509388923645, 0.1907024279768978, 0.28451235006962505, 0.20293681429965155, 0.30264843521373613, 0.03523554054221937, 0.15485557514641965, 0.19049229818795407, 0.2537993698247841, 0.03182182993207659, 0.18976001281823432, 0.20701725435044085, 0.08497850909563047, 0.22831963641302927, 0.37849078114543644, 0.14285002249692166, 0.3828308545053005, 0.0925619595551065, 0.14164425898343325, 0.6340838266270501, 0.13702168874442577, 0.033587373460509946, 0.052869852632284164, 0.22364908988986695, 1.0525061913899012, 0.41588050765650614, 0.28247088885733057, 0.05729778463553105, 0.02609117277565279, 0.033410102977151315, 0.028323922905006578, 0.02580388673647706, 0.46886986068316866, 0.1823611506926162, 0.42777781561017036, 0.24676208065024444, 0.10607308521866798, 0.38155157970530645, 0.1026402779721788, 0.10487025091424584, 0.2653813311564071, 0.2369187974504062, 0.08995761649150934, 0.1698796097189188, 0.10101492935791612, 0.24365703176174844, 0.15968998415129526, 0.3837860439504896, 0.19174484562660968, 0.40208490565419197, 0.42065541073679924, 0.022176310104051872, 0.33529346170169966, 0.014415548731839018, 0.3202258140913078, 0.05264579165460808, 0.0315735608871494, 0.04708977821948273, 0.3039047473243305, 0.026486622718428925, 0.35880808532238007, 0.2441828940063715, 0.03369457906644259, 0.15606828486280783, 0.26672337550137726, 0.49691251079951015, 0.5010746855820928, 0.22309699761016027, 0.22066232269363745, 0.37262564950755667, 0.1053980380030615, 0.13320971865739142, 0.21637948974967003, 0.27251317352056503], "valid_accurs": []}