{"train_losses": [0.2855043607965979, 0.2719032588025565, 0.2539392936797369, 0.22258830180874578, 0.2222657750838648, 0.23038870924048954, 0.234849491447368, 0.23560821442377, 0.24960049151112793, 0.24903110404888157, 0.2392508765416486, 0.22598254587994052, 0.22607824789783942, 0.22572535252760326, 0.22561890050453484, 0.22460461189112965, 0.2171966187340557, 0.21731075323211452, 0.22413026574979383, 0.23156434565624862, 0.23113592895408155, 0.22538725477914331], "train_accurs": [], "valid_losses": [0.18545763567090034, 0.13953894483191626, 0.1486692266272647, 0.22587701571839197, 0.2083563692867756, 0.21673144612993514, 0.2347786554268428, 0.23866267049951212, 0.25724403001368046, 0.22377043536731175, 0.21803493984043598, 0.19583301113120147, 0.19378875249198504, 0.21311523286359652, 0.21611162647604942, 0.19781554463718617, 0.20097734459808894, 0.21105655681874072, 0.20503020100295544, 0.2082929720303842, 0.21002315783074924, 0.19547836243041924], "valid_accurs": []}