{"train_losses": [0.23157120286170982, 0.1229121352870405, 0.12302361361311571, 0.12178510048203339, 0.07950494732977444, 0.02943243273866797, 0.029279898097780765, 0.029228227925212943, 0.02921603569061373, 0.03996340832272671, 0.04037164040415535, 0.03976511106957003, 0.039047928695562735, 0.039354159425084405, 0.04016949765266201, 0.03996913688788317, 0.03986463198918697, 0.03966633246672167, 0.045162037642866505, 0.04560428061332908, 0.04530645740888507], "train_accurs": [], "valid_losses": [0.024633137825211242, 0.025174643129243383, 0.02489651691368116, 0.024912411463446915, 0.029812547411503538, 0.02980757815696831, 0.02986358748083668, 0.029772474264193858, 0.029749509795302793, 0.041572827413412075, 0.04132572232213404, 0.04021201794967055, 0.03997857885302177, 0.04149720940871963, 0.041253749281167984, 0.04104007840422647, 0.04167729516380599, 0.04073202829541905, 0.04732122874286558, 0.04718234935509307, 0.04688684279764337], "valid_accurs": []}