{"train_losses": [0.05533918367943208, 0.029542147765585065, 0.026793589396191534, 0.02655973104439777, 0.03162889274330262, 0.0370762194211835, 0.03649045686696854, 0.03595619041649667, 0.035533349560700124, 0.046711812470091416, 0.04737974056864486, 0.04728086342891821, 0.047113308931671385, 0.04935711432602341, 0.05256814966863232, 0.05251145533104828, 0.0524298753631533, 0.05227583519086174, 0.05067315087885474, 0.05046459520024951, 0.0504778081643905], "train_accurs": [], "valid_losses": [0.015233463083859533, 0.015251083124894649, 0.015266352582589857, 0.01526045988846038, 0.03851116837800613, 0.03764736219974501, 0.03705344282622848, 0.03662405931390822, 0.03648045768828264, 0.04858882542300437, 0.0491049117741308, 0.04848829044827393, 0.048440173434625776, 0.05498674382189555, 0.05404762677582247, 0.05402314729456391, 0.054289245046675205, 0.05388618440234235, 0.052093396462234, 0.05194941622072032, 0.05192639459190624], "valid_accurs": []}