{"train_losses": [0.09836753643627755, 0.07632550440003834, 0.07705462233867176, 0.07638214249163866, 0.06118380390444762, 0.04517610535463866, 0.045407782140192136, 0.04523429064273969, 0.0448350854116867, 0.047464129957475815, 0.04754090501307363, 0.04724132032365416, 0.047264945960911284, 0.045382474823033106, 0.04300552391662048, 0.04285073110505062, 0.04275029258827818, 0.0429199479849023, 0.04452321755518606, 0.0446662152084897, 0.044617094542005215, 0.044571587217474416, 0.04414936981892963, 0.043202977850864646], "train_accurs": [], "valid_losses": [0.028060774318873882, 0.025872098481548682, 0.02580957630250071, 0.025491102698392103, 0.04687554326041469, 0.04444864129514566, 0.0458588285172092, 0.04448067626383688, 0.044425289412694316, 0.04849417224925544, 0.0481340315392507, 0.04776303134193378, 0.047875984638397186, 0.04337879619561136, 0.043285971241337914, 0.043646049785560796, 0.04342707196649696, 0.043301868551809876, 0.04533901860538338, 0.04531940704743777, 0.04533136875501701, 0.04572057763912848, 0.04496030502819589, 0.04507094468655331], "valid_accurs": []}