{"train_losses": [9.434750125890943, 6.276942540752402, 5.325706570126892, 3.0021463787663576, 1.482656712344599, 0.04083586351448729, 0.039452016079688776, 0.03952925986024589, 0.04012776628912035, 0.04715995632988565, 0.16452036683797433, 0.048478908432285174, 0.04794563863814147, 0.04639983214269396, 0.06632015200930214, 0.04724641773866582, 0.06908735077474182, 0.06439775521803766, 0.04950148201383212, 0.04455374327922299, 0.04438912005446076, 0.047525394181152, 0.07758895911242628, 0.07060074271018958, 0.12119004365511879, 0.11066751577786056, 0.07629558414102815], "train_accurs": [], "valid_losses": [1.6942247088466371, 7.260042932416711, 1.5114896073937416, 1.3785179938588823, 0.043267776923520226, 0.04102433123625815, 0.0389330045852278, 0.0400697902909347, 0.041216364462992976, 0.04842173121869564, 0.04978740963685725, 0.04769331679147269, 0.05031870169165943, 0.046341790684631894, 0.04553376234668706, 0.04552566785631435, 0.05428291278492127, 0.04714147616843028, 0.04379895026795566, 0.043939808616414666, 0.043999732505264025, 0.047801872582307885, 0.06405885750427842, 0.11922528914042882, 0.06878654146566987, 0.07090733340010047, 0.11569645548505443], "valid_accurs": []}