{"train_losses": [43.13455374783309, 42.77199234533562, 37.094080120167405, 25.849946380292298, 25.591227041981206, 19.75695131821607, 17.340509931877175, 17.006174778812145, 13.373708895274572, 13.327625730050304, 12.117741371588732, 10.42457027031631, 10.412002600690045, 8.122021221609973, 7.4438494563733455, 7.36617317779985, 6.999347889864886, 6.973606510767861, 6.762576593923821, 6.5330499530469295, 6.503955815204237, 6.60015695057218, 6.627121695135005, 6.34774111029963, 5.267356685860447, 5.258785404540874, 4.4712667184532, 3.7997932588612593, 3.795253690588411, 3.1145720024588246, 3.0221614793494895, 2.8801215524395936, 2.4957027780631234, 2.4884479716025965, 2.2055135217923967, 2.0229836691308907, 2.0129128073258373, 1.967308424925678, 1.9530132018699848, 1.8357373989290662, 1.5818143641507183, 1.5735255410431555, 1.4915378041683682, 1.4485455942217005, 1.4414192196868716, 1.2583419907660711, 1.256696895316795, 1.149383967752179, 0.9602411562803561, 0.9602168134595982, 0.8470844754939357, 0.8062106983529197, 0.7977955133984329, 0.7360316373841472, 0.7343148055373045, 0.7335041189792926, 0.7342584351540873, 0.7354361887962099, 0.766655925010878, 0.7715461444523599, 0.7699728855695674, 0.7577763058678814, 0.7577705319438662, 0.7951542976356688, 0.8330217558082449, 0.8294956053375567, 0.7114424869102776, 0.6913594429297422, 0.7019016949272661, 0.7460921908576021, 0.7489434569364503, 0.7345907941224084, 0.7263210566034393, 0.728536845515014, 0.7433193027578965, 0.7444203770744107, 0.7683140105671353, 0.8275011738456747, 0.8242964042872979, 0.7120544548545565, 0.6470643305589282, 0.6439682490847729, 0.7158132301909583, 0.7136786621083658, 0.7297285220452717, 0.7584738618640042, 0.7603866062151692, 0.637118934323548, 0.5856931675915364, 0.5824013438726229, 0.5558439502246165, 0.5554730188515451, 0.5675853014623047, 0.5883214654667037, 0.5866216240184647, 0.6222368353416049, 0.6305021677540723, 0.625901681011316, 0.5911603591271809, 0.591253533525757, 0.610842857568983, 0.6357897954091193, 0.6352395609651924, 0.5671140805044502, 0.5505676837982955, 0.5503689539101388, 0.5459237412485496, 0.5468931858028684, 0.5588006343318042], "train_accurs": [], "valid_losses": [23.41886329650879, 23.958179576056345, 19.829721093177795, 15.866533977644783, 13.93317689214434, 10.995161771774292, 9.26605955192021, 8.709831322942462, 7.002623787948063, 9.206152302878243, 7.302724897861481, 5.286010359014783, 6.479991810662406, 4.230226784944534, 5.121681106942041, 4.816447858299528, 4.652141971247537, 4.472530807767596, 5.203654195581164, 4.419069639274052, 4.667805194854736, 4.134210369416645, 4.679570193801608, 3.0972478219441006, 2.9752229111535207, 3.8604256979056766, 2.0707561714308604, 2.3000093400478363, 2.321848579815456, 1.7542970010212489, 1.7445799708366394, 1.6628586117710387, 1.693699679204396, 1.3288961467998368, 1.659538984298706, 1.570979735680989, 1.2320080740111214, 1.3017688287155968, 1.404616191983223, 0.969813486295087, 1.0213902433003699, 1.0503434645278114, 0.945567671741758, 1.057758251471179, 0.8653598119105611, 0.8257417306303978, 0.7911851352878979, 0.6365486064127513, 0.5192066931298801, 0.7461279471005712, 0.5574735392417226, 0.6607754746718066, 0.5254642500409058, 0.5965742958443505, 0.5047601977629321, 0.5405376553535461, 0.5453636694167342, 0.46474848687648773, 0.5760481389505523, 0.5245500930718013, 0.6426949868244785, 0.5756112315825054, 0.5373544139521462, 0.6381092970924718, 0.56394430196711, 0.5949822493961879, 0.45477976330689024, 0.5844133735767433, 0.5493469296821526, 0.684513543333326, 0.4993468459163393, 0.49787485173770357, 0.5354256922645229, 0.5506335635270391, 0.5891880488821438, 0.5139455140701362, 0.6976227691130978, 0.6585771201976708, 0.7469490042754582, 0.4287872447499207, 0.485679096941437, 0.4085261332137244, 0.5073411198598998, 0.6101471116500241, 0.7464623972773552, 0.5530209530677114, 0.4995877535215446, 0.5575239535953317, 0.39605855888554026, 0.5054271008287158, 0.459065207945449, 0.4650344428207193, 0.42819262615271975, 0.46584225818514824, 0.4554503283330372, 0.5987408528370517, 0.4812155009380409, 0.4355436143066202, 0.44510200566479136, 0.48839331045746803, 0.42323025901402744, 0.5091012402304581, 0.48144295811653137, 0.5201005387519088, 0.5213635084884507, 0.46801415351884706, 0.41413554549217224, 0.5985472207622868, 0.47256298629300936], "valid_accurs": []}