{"train_losses": [104.08644958274074, 85.75811760009282, 63.03063038921861, 21.667491524307817, 21.05798994170295, 12.806121590906981, 9.170492737381547, 8.581348535245057, 5.323431429408846, 5.107236703867635, 4.459861482577349, 3.6848875605870806, 3.554372676150509, 3.5048453123481185, 3.373160124140442, 3.2186243983488234, 2.8171024391890835, 2.6301378103160356, 2.627586349450722, 2.53657854975216, 2.4422986042247246, 1.7707491137836344, 1.5629577105322843, 1.7010005518557534, 2.270465677219724, 2.2171889516727004, 2.4918813326213725, 2.620947749526412, 2.514801636417076, 2.4302407475533307, 2.308375770295108, 2.3562886826891116, 2.5552572212206623, 2.466960145840569, 2.440521388694092, 2.2503500621391352, 2.169921023899285, 2.466065297839503, 2.3434269371486844, 2.537170172999145, 2.9123955786858917, 2.789933564328643, 2.803627942289625], "train_accurs": [], "valid_losses": [27.647787945611135, 31.17206883430481, 9.84777912071773, 10.865590717111315, 8.985403146062579, 4.2593230817999155, 4.657092056104115, 2.601807229220867, 3.276186689734459, 2.7882668993302753, 2.6980298374380385, 2.583957001566887, 2.2014118613941327, 1.8560602462717466, 2.2406563652413234, 1.6536775034453188, 1.8380373162882668, 1.5089769656104701, 1.4957871389176165, 1.8981808785881316, 1.6334882793681962, 1.4500442972140652, 1.0909237989357539, 1.6147003349448954, 1.809053489672286, 1.8771956850375449, 1.9649436154535838, 2.1020520020808493, 2.272748661892755, 3.3878579884767532, 1.902339265282665, 2.6130762552576408, 2.457968913550888, 2.346499859754528, 2.788531814834901, 1.978467126509973, 1.871299218918596, 2.519280639876212, 2.535698509642056, 2.78308945362057, 3.3771182665867463, 3.319903508893081, 3.478908951527306], "valid_accurs": []}