{"train_losses": [61.50703415542683, 63.05625771719312, 48.982802947362266, 19.83710702134188, 19.656399004043095, 14.180729220153163, 11.840041154276125, 11.589286637053918, 8.956963365670866, 8.92100142423438, 8.184889321604734, 7.18256395329874, 7.148806549884655, 6.318197179092932, 6.03918329149327, 5.828895172429463, 4.396689319106006, 4.367010129822625, 3.8663210007879467, 3.3145973613022495, 3.3027758847468744, 3.081949510902324, 3.027134415333864, 2.9779687079172286, 2.838218937790583, 2.8353455563386283, 2.7575238665575705, 2.696086925488931, 2.688054290240404, 2.3682298874728893, 2.321639037636853, 2.238266321559432, 2.009134803972547, 2.0055294235547385, 1.7036031128237488, 1.5111086215607072, 1.5135546602584697, 1.3754737002666666, 1.3633401350527214, 1.2968795488751124, 1.1619125995686446, 1.154952089070643, 1.0616184491171408, 1.0148538217815772, 1.0099236794880457, 0.9634695995263952, 0.9643746442580349, 0.9304046325346149, 0.8835751152543164, 0.8816412513060544, 0.7957277018084097, 0.7645373172545559, 0.7678613850363979, 0.8202367133249051, 0.82365313046193, 0.7856584054925454, 0.7428296649109118, 0.7370605460077366, 0.8130016725845438, 0.8453978521640969, 0.8487536337167497, 0.9155259930267536, 0.9111790146934923, 0.937331680109892, 0.9557027094578617, 0.956955776170448, 0.8487309047154018, 0.8312638132345109, 0.8715207725763321, 1.0279856332868496, 1.0160418576979764, 0.8977419135589448, 0.8115308462942719, 0.8113472561829935, 0.61474205009521, 0.5949374706578002, 0.6014929686195005, 0.6205389465762194, 0.6159165249299751, 0.6455380657599086, 0.6573931564177785, 0.6577989962050523, 0.6688782413090978, 0.6651256410454316, 0.6675191444773523, 0.6650237210843929, 0.6671156561169674, 0.6604207630353, 0.660329476353668, 0.6582580880119057, 0.564487677205492, 0.5586727034083749, 0.5871515539351595, 0.6270366654036537, 0.6260902010811069, 0.5691182326387476, 0.5446618113410536, 0.5456129848641693, 0.5313208097660983, 0.5340987801472977, 0.5604437208443722, 0.5922606488463109, 0.5958466616572526, 0.6747037900424508, 0.6893596303841424, 0.6711492923201707, 0.5916031419678971, 0.5900841076616887, 0.6797691310445467, 0.7606090609989469, 0.7551163596608651, 0.8125888597239893], "train_accurs": [], "valid_losses": [24.582377161298478, 24.429815701075963, 10.052152480397906, 12.041017924036298, 11.632610338074821, 6.248498631375177, 5.875382538352694, 4.0580710960286, 4.2853129782847, 5.947789907455444, 3.736771887966565, 4.539095904145922, 4.404752126761845, 3.7624083438089917, 3.254232864294733, 2.7253210821322034, 2.2582390010356903, 2.1447456053325107, 2.1982750296592712, 1.76856849023274, 2.0152771919965744, 1.550140873662063, 2.202912754246167, 2.3317424612385884, 1.8825352787971497, 2.0000811027629033, 1.9777115625994546, 2.4258352986403873, 1.3342184807573045, 1.7858534455299377, 1.8414919546672277, 1.0247845404914446, 1.1653364758406366, 1.2314244263938494, 1.0777575394936971, 1.0053213579314095, 0.8923459058361394, 0.7948614284396172, 0.8105080670544079, 0.6885367472256932, 0.885073181773935, 0.7528817259839603, 0.7591035802449498, 0.7031294160655567, 0.6806159918861729, 0.6665702861334596, 0.8863842104162488, 0.5779142124312264, 0.8053144195250103, 0.5097433041249003, 0.5979950949549675, 0.59546834602952, 0.5318028698010104, 0.566155018551009, 0.6446241981216839, 0.4645344891718456, 0.6229720078408718, 0.5655706450343132, 0.6123108315680709, 0.5640031902917794, 0.7980400600603649, 0.7516293727925846, 0.5267589347703117, 0.8225397989153862, 0.6803364120423794, 0.9194036062274661, 0.5817666096346719, 0.5412401897566659, 0.7725488351924079, 1.030083764876638, 0.7545747570693493, 0.6554004832037857, 0.5271117016673088, 0.7658612877130508, 0.5118757454412324, 0.37852289341390133, 0.4897965852703367, 0.49287121689745356, 0.44710896057741983, 0.4912665826933725, 0.651631988052811, 0.5589919324432101, 0.5171472547309739, 0.4584971937750067, 0.619762908667326, 0.4470882351909365, 0.5554723968463284, 0.4912283330091408, 0.4857648089528084, 0.33846213748412474, 0.41624741974685875, 0.32394102721342016, 0.44016554738794056, 0.4944208674132824, 0.418939048158271, 0.4291600611593042, 0.4864018144352095, 0.46573962696960997, 0.43882242643407415, 0.4223691366080727, 0.4603896497615746, 0.628181055188179, 0.41569532906370504, 0.5483097700136048, 0.5099134604845729, 0.47678669329200474, 0.40801043888287886, 0.49395806927766117, 0.7742586061358452, 0.5049020594784192, 0.5261536932417324, 0.5549414173832962], "valid_accurs": []}