{"train_losses": [51.26272361997574, 47.06369207271192, 30.9600482476412, 1.691749318290955, 1.6330191293958003, 0.6433566549999846, 0.25602226858101196, 0.2364066597961244, 0.2659052650606821, 0.23699067347737215, 0.22401781595514092, 0.21012757231712972, 0.19119840838685237, 0.2543035487609881, 0.2502978541666553, 0.24253856577964686, 0.296924658435047, 0.2664549521234616, 0.268870791548459, 0.26131640171642023, 0.24084339279030997, 0.2463310625719488, 0.2217193346115805, 0.22594577994532686, 0.26059715632132435, 0.23834067600823583, 0.23742024171801787, 0.21685461547206003, 0.20129430339371085, 0.2516668311778515, 0.22411561984982756], "train_accurs": [], "valid_losses": [7.974858377661024, 7.878013568265097, 0.5651595283831868, 0.5451525473701102, 0.5237821295325246, 0.20069129977907454, 0.24836659777377332, 0.2839876203132527, 0.26441252497690065, 0.223314158352358, 0.18335323208676918, 0.21605579555034637, 0.20104119354592903, 0.2703076010303838, 0.2683401091822556, 0.2853305291916643, 0.31922585730041775, 0.3412317580410412, 0.2841085363179445, 0.3281339084995644, 0.2590197625436953, 0.2208618660058294, 0.24924563989043236, 0.31295049243739675, 0.2960799405617373, 0.2903792385810188, 0.2269323557349188, 0.2304192404927952, 0.24468680723969424, 0.33805588340120657, 0.28047868077244076], "valid_accurs": []}