{"train_losses": [52.052588626809786, 37.588576213267054, 34.8870074565594, 33.92885256892416, 17.922648581132563, 0.07587408019878746, 0.07220317195780676, 0.06619065918230632, 0.06466999036424301, 0.05205266312927817, 0.05058462019773765, 0.048999816124491835, 0.04835751947285228, 0.04727401864626424, 0.04686374631942128, 0.046010725608946784, 0.045642000808469044, 0.04530876811290354, 0.045456193446506206, 0.04486229348236619, 0.044658541519245414, 0.044625501894303574, 0.04407838120534004, 0.0435449215183161, 0.04339546862804242, 0.04333707509874219, 0.043338160464599124, 0.043483711260779684, 0.043398293788751326, 0.043677072913061436], "train_accurs": [], "valid_losses": [44.41424076897757, 34.418050050735474, 43.11738559177944, 35.59552335739136, 0.05359712632239929, 0.05264245712065271, 0.05206078686751425, 0.05107158262814794, 0.05145649608623769, 0.04344945693654673, 0.043509758110823374, 0.043653894282345264, 0.044084669124068956, 0.04431150607498629, 0.04408682367232229, 0.04399462260438928, 0.04368172266653606, 0.04380179173313081, 0.0448759072127619, 0.04483649227768183, 0.044849358864926865, 0.04449755615288658, 0.04402614065579006, 0.04409582886312689, 0.04420064905259226, 0.04406510639403548, 0.043888584045427184, 0.04491335309908858, 0.04507516966467457, 0.044626125999327214], "valid_accurs": []}