{"train_losses": [15.13138763181764, 15.39094165223756, 17.01653084819673, 17.095117383413186, 8.63912189689073, 0.025467131619775728, 0.028145947352439436, 0.03094641657175319, 0.03030934491262211, 0.04004712345719135, 0.03858030906022943, 0.03793449787111169, 0.03735985433708084, 0.041342649149510385, 0.046860936565569083, 0.046119888894664486, 0.04533391050168427, 0.04456777450927782, 0.05703663819667575, 0.05762574108258497, 0.057133866659454094, 0.05623790967737523, 0.057093678113932796, 0.05904337656747432, 0.05813511884960923], "train_accurs": [], "valid_losses": [10.245900886399406, 18.894120046070643, 18.526036773409164, 16.53489993299757, 0.02397532852566136, 0.03162536015068846, 0.032453048724814186, 0.030837211541698446, 0.026614904536732605, 0.04115832447340446, 0.03930743973303054, 0.038809226060818346, 0.03914442831384284, 0.04990943537891975, 0.048846946264218004, 0.05045537570757525, 0.04857927471000169, 0.04885814332270196, 0.0639928321221045, 0.06203677977568337, 0.06129928245874388, 0.06111225738589253, 0.06745362328365445, 0.06968211429193616, 0.06629868523616876], "valid_accurs": []}