{"train_losses": [0.24856962785293343, 0.11998714901911457, 0.11736884241611845, 0.11293321196832673, 0.082293574946903, 0.03668196209837004, 0.03674975685707854, 0.036646303805054854, 0.03651249438220829, 0.04345776967923431, 0.04381299249794149, 0.04402361583908624, 0.043911162671123154, 0.043636048145221366, 0.04283247111002784, 0.04270278974710142, 0.042687499014938846, 0.04277054349811773, 0.04359174609959665, 0.04371612169253071, 0.043672621422931886, 0.04365193040207096, 0.04416643626296817], "train_accurs": [], "valid_losses": [0.005021691307774745, 0.005035157193820591, 0.004989519133232534, 0.005066157017219146, 0.036501347253631265, 0.036561060563794205, 0.03648947625021849, 0.036624491248013716, 0.03649101093677538, 0.0442112138095711, 0.0441778953785875, 0.04415745118499866, 0.04414596771156149, 0.04312992238971804, 0.04305962759203145, 0.04332770989276469, 0.04305626761301288, 0.04376589719738279, 0.04421166074462235, 0.04412885040177831, 0.04406450273069952, 0.043980975302734544, 0.045110438185344846], "valid_accurs": []}