{"train_losses": [1.8778770874798028, 1.7001944088558265, 1.7024660935768714, 1.7018142744426814, 0.9200307271860506, 0.05021691137326384, 0.05073809392362563, 0.052014221964041575, 0.04993543075186904, 0.07061495695987978, 0.07357876995215994, 0.07077846587614506, 0.07200771713486084, 0.06200602512840367, 0.04988597387372099, 0.04984653265767507, 0.05019519233241745, 0.048866596317331715, 0.04529983633749895, 0.04407225461145736, 0.04441126312521113, 0.04481814799375192, 0.0468668965959913, 0.05234195143237238, 0.052191639824757746, 0.05241043755270507, 0.052276434090275034, 0.04709874383043245, 0.04510398070450147, 0.045266624599088374, 0.04582989607764855, 0.044686458659320395, 0.04171177065547775, 0.040832431565515054, 0.0423911380754337, 0.042728867845365365, 0.046198230034490514, 0.04605883812506544, 0.0467572126166718, 0.04729841601069831, 0.04584028255362991, 0.04490637514167107, 0.04512333890161903, 0.04527516389998915, 0.04528132498652013, 0.0541345518529078, 0.056288916642916687, 0.05615905263962654, 0.056844997455732585, 0.05528578246054471, 0.050487983491423444, 0.050851547458457734], "train_accurs": [], "valid_losses": [1.705888209598405, 1.6801855180944716, 1.6828619177852358, 1.7053484852824892, 0.04321149078064731, 0.06715490190046174, 0.042787386902741024, 0.09087628232581275, 0.05170533473470381, 0.06408627949921149, 0.06228354426899126, 0.061804163336221664, 0.06536143705514925, 0.04917676713583725, 0.04337592143565416, 0.10074433112250906, 0.04370658864666309, 0.041631501068228056, 0.042609773676044176, 0.03856935179127114, 0.04936343361623585, 0.03926253362026598, 0.04396911527562354, 0.044705431043569534, 0.04744186668124582, 0.04372564397220101, 0.045259524535919936, 0.03891639843849199, 0.03924474170032356, 0.05179036834410259, 0.040189345999221714, 0.034129409319055934, 0.034333654546311924, 0.05604988469609192, 0.04006668516168637, 0.03444884148692446, 0.051407636309574754, 0.043363124930432866, 0.043635453596445065, 0.04274073446036449, 0.043392665650961657, 0.042363468424550126, 0.04640435267771993, 0.0520234081361975, 0.04133764221998198, 0.06700351208980594, 0.04802044687260475, 0.059237377784614055, 0.048453562859711904, 0.04402959819084832, 0.04499547353147396, 0.04207253974995443], "valid_accurs": []}