{"train_losses": [0.42556804826571826, 0.3322536601788468, 0.26704975878869097, 0.2081805921342007, 0.19294006336066458, 0.20203961132380066, 0.20611067262118454, 0.20284809185950844, 0.2163413961137098, 0.2137097632955937, 0.21790370926576316, 0.22463422895423948, 0.22362525485180043, 0.23121703690085463, 0.23319398773410333, 0.2339997245639405, 0.23946337612769591, 0.23973540900639756, 0.2402765777297121, 0.24003950183196043, 0.2399636357431374, 0.2391211815060131], "train_accurs": [], "valid_losses": [0.04004813880393548, 0.038571558659896255, 0.10755348391830921, 0.10497875631387744, 0.10947747315679278, 0.1555743268025773, 0.1618903422994273, 0.1783411798200437, 0.19165266837392533, 0.18812639452517033, 0.1989796409117324, 0.1963542393807854, 0.20700722666723387, 0.21532845816441945, 0.21165539004973002, 0.21662902486111438, 0.22099472555731023, 0.21278044102447374, 0.21277800734554017, 0.21547224718545163, 0.22568050026893616, 0.2198401234511818], "valid_accurs": []}