{"train_losses": [8.909902593736195, 2.6096337307497386, 3.1372036686445255, 4.116212840937921, 2.055889242320275, 0.037802296728569995, 0.0378287083330265, 0.03782868776807553, 0.03784227954029902, 0.042017797275753985, 0.042970733986788204, 0.04055796723762249, 0.039373572359527396, 0.04128371054787037, 0.043265458314397216, 0.04267275098677539, 0.04284596691388485, 0.042358056578903173, 0.054104051556927046, 59.07345897749454, 16.863789046865918, 0.18795667471979402, 0.3803324475336601, 0.03530058117659248, 0.03821390995342807, 0.035337927468896455, 0.38333058412443866, 0.08484723076553029, 0.040793615330128645, 0.05377457365056508, 0.04009930961828561, 0.4034456876001207, 0.17858061948749004, 0.10413464650983724, 0.10254950067070545, 0.09977080191725789, 0.05520510134325106, 0.04728996773499035, 0.04641365021787483, 0.07846996486102699, 0.05039455261654579, 29.325133871316606, 8.008695058870167, 1.120116945693261, 0.15698576266392728, 18.212661409560944], "train_accurs": [], "valid_losses": [3.7812572909252986, 1.236393234559468, 1.190538379762854, 1.4935611592871803, 0.038800903828814626, 0.038952649205124805, 0.03887833042868546, 0.03877498478894787, 0.03901393724871533, 0.04343492491170764, 0.04301716091244349, 0.040367055617805035, 0.040868614767012854, 0.043879678373091986, 0.041889797031347244, 0.043214713356324604, 0.043441188821036904, 0.04300353895606739, 0.05965321002128933, 36.02388436453683, 0.060909302572586706, 0.05348686853955899, 0.034690006669344645, 0.034290915953793695, 0.034734010097703764, 0.03360013470851949, 0.03982456204747515, 0.04051129556527095, 0.03871640097349882, 0.03943304414860904, 0.03750144613773695, 1.5982587316206522, 0.08064564224332571, 0.09186953093324389, 0.08139471357156124, 0.08044697637004512, 0.04674380096340818, 0.04964334308169782, 0.055439116865662594, 0.051090548713026304, 1.1172206114445413, 0.0528452851410423, 0.0481954642704555, 0.06937337420614702, 0.04592899755308671, 1.726589858531952], "valid_accurs": []}