{"train_losses": [28.149103747234086, 26.70717733693878, 26.47858829627749, 26.50207614467155, 14.169397846163498, 0.047618017435006425, 0.047621281471996825, 0.04762038606644621, 0.04762353448879934, 0.04365939256309519, 0.043441372548495484, 0.04344493269128093, 0.04345350511523798, 0.043266136915637896, 0.04302445716515386, 0.04302848616775075, 0.04302900480485745, 0.043029522460072016, 0.043047698758272836, 0.04304837732158635, 0.043052074604781505, 0.0430483028326369, 0.042956498632738496, 0.04281464678854829, 0.04280412992319235, 0.042806400757333544, 0.04280772474404779, 0.04281658136467049, 0.042828527662683934, 0.042831395162749884, 0.04281991841987921, 0.04286516855609902, 0.042945951050594115, 0.04294833494139608, 0.04294810354777051, 0.0429424340225655, 0.042956754000545626, 0.042965895685944624, 0.042958392782718346, 0.04296181677120034, 0.042937543521302315, 0.04286639685257932, 0.04286988181529811, 0.042866236311109626, 0.04286696176503983, 0.04295412110527177], "train_accurs": [], "valid_losses": [34.26251551083156, 34.072774342128206, 33.3926466192518, 28.55145287513733, 0.04894250441741731, 0.04895471741578409, 0.04896544941168811, 0.048962488770484924, 0.04896965047477612, 0.04468128281379385, 0.044686331280640194, 0.04469903521904988, 0.0446853717855577, 0.044253320167107243, 0.04425679915584624, 0.04425352233062897, 0.044244415525879176, 0.0442425330236022, 0.04428035789169371, 0.044281509039657455, 0.044281169472794445, 0.04428384336642921, 0.044031967442216616, 0.044029912379171164, 0.04403349896892905, 0.044026628036850264, 0.04403171265896942, 0.044036323770082424, 0.04403230863889413, 0.0440278815970357, 0.04403110447206667, 0.04417723899574152, 0.04417503864637443, 0.0441729622294328, 0.04417165385426155, 0.04418260936758348, 0.044173649445708306, 0.044172884563782384, 0.044171246932819486, 0.04417051358281502, 0.044088771333917975, 0.04409343948853867, 0.04408464826909559, 0.04408419012491192, 0.044083869916253855, 0.04421052526283477], "valid_accurs": []}