{"train_losses": [0.07137320971697884, 0.05328119617872058, 0.055658407033810385, 0.05941952975397861, 0.05687449568951571, 0.11893106628918931, 0.14262676984071732, 0.1469253016014894, 0.23791374814100366, 0.23608474516206318, 0.2802633725540348, 0.3404363568418871, 0.33748213375213915, 0.40891349305788044, 0.42735289979390995, 0.4298099309757904, 0.47156703815100687, 0.46676041962450776, 0.49230006538213245, 0.5192313910555587, 0.5136542664791541, 0.577973026920248], "train_accurs": [], "valid_losses": [0.010424370054222112, 0.008481299375749327, 0.042019520487104146, 0.03919040255381593, 0.041980837870921404, 0.16258505000067608, 0.12305231711694173, 0.23345957297299588, 0.22522931705628121, 0.20860786283654825, 0.3587844685784408, 0.33094722325248377, 0.2781709022819996, 0.49033244646021296, 0.39873883181384634, 0.45128315740398, 0.4718620276876858, 0.4831926407558577, 0.5863150613648551, 0.4220384673348495, 0.43418690083282335, 0.6062560459332806], "valid_accurs": []}