{"train_losses": [41.81389059528472, 33.491658136958165, 17.6901042994368, 5.888064685952727, 5.7141821058023545, 4.116632163709414, 1.5476918458795696, 10.394134863378312, 5.458454652911141, 1.835206983660264, 3.0266038438788168, 13.091234834736618, 7.372630693609753, 9.147264121410748, 2.4914986808912425, 9.195203248845049, 3.0873282691118895, 3.5190244454831356, 14.154763315277046, 1.061392472593715, 2.7234433329215757, 2.166469533804548, 21.4556407740724, 6.614661880014908, 21.486555707517756, 15.702406038682927, 9.920142139943819, 15.541554469122458, 0.921945695691402, 7.431981758781211, 5.338052365534677, 5.027911149714359, 3.4482981269913062, 42.1070906593213], "train_accurs": [], "valid_losses": [2.085525876709393, 2.137497845504965, 0.5192900457020316, 2.1713373895202364, 2.2696543357201984, 1.0376267145786966, 8.763686835765839, 1.0084385541932923, 0.06565335047032152, 0.6187712539519582, 0.751945785213528, 0.16517243148492916, 0.3112276467893805, 0.013656211185402103, 0.016190627689606378, 0.05162534476923091, 0.07897147137139525, 0.2257066938493933, 0.9871571734547615, 0.3604597177888666, 0.09883411920496396, 0.12875047259564912, 0.5286107206983226, 2.1758586296013425, 4.708519799368722, 28.81272234235491, 91.48334588323321, 0.21215926855802536, 0.2870407745774303, 0.1683398008878742, 0.27550223283469677, 0.4324165438967092, 0.35324157401919365, 0.32717362152678625], "valid_accurs": []}