{"train_losses": [19.33003382984869, 17.57816960261418, 17.245895333958966, 16.615100944743435, 8.435556063306311, 0.040016561961517885, 0.0391228628087772, 0.03870483599097481, 0.03788104239741669, 0.04907004193853739, 0.04904701557785812, 0.04819236992862565, 0.047637879604060726, 0.050997024271384354, 0.054781277234164566, 0.05412194447178916, 0.05373069929692271, 0.05266224461864697, 0.05870504017363037, 0.059032008359503695, 0.05825245440242247, 0.05777544958508527, 0.05806575474072231, 0.05970504658709689, 0.058652668588739985, 0.058072155615424406, 0.057778087242325235, 0.05904493838700369], "train_accurs": [], "valid_losses": [10.796098896435328, 13.529128517423358, 11.548694167818342, 10.389107244355339, 0.04149827963140394, 0.042288944424529164, 0.039381822338327765, 0.03877698803054435, 0.03903468039685062, 0.050409575924277306, 0.05013112969962614, 0.051047338804762275, 0.050361211611224074, 0.058624455971377235, 0.058310755129371374, 0.05782178230583668, 0.05698378636900868, 0.057308198152376075, 0.06447956265349473, 0.06482788255172116, 0.06502535373770765, 0.06663948317457523, 0.06766096761982356, 0.06761433709678906, 0.06762668892874249, 0.0683306130647127, 0.07012246742046305, 0.06820572573425514], "valid_accurs": []}