{"train_losses": [21.097060063306024, 16.32578515898588, 16.2699415284584, 16.00879680085506, 8.20034375029081, 0.05385378158621793, 0.05061281197261891, 0.04964171312075125, 0.04777501323323579, 0.04350715034485403, 0.04281841317924979, 0.042367001913268774, 0.041998911594205046, 0.04413188529955181, 0.04722997612357814, 0.04665507123767655, 0.04600307973716998, 0.045292367122022274, 0.0470161986710057, 0.04668901319198344, 0.045962063068886415, 0.045364580660788724, 0.0482140770687709, 0.052972647736514854, 0.052182091631804386, 0.05150393737539042, 0.05040618949211561, 0.05382312492918375, 0.05375777199291266, 0.052792652067622986, 0.05219777652833661, 0.052975238553707685, 0.05577551149994944], "train_accurs": [], "valid_losses": [14.443666202681404, 18.6250091280256, 14.785485182489667, 17.238386069025314, 0.04663080203213862, 0.04632420521894736, 0.045621411741844246, 0.046151466335036924, 0.045630897395312786, 0.0431900707605694, 0.04285142118377345, 0.04239518824033439, 0.04197452263906598, 0.04955156200698444, 0.04863960186152586, 0.04731814057699272, 0.046909181135041375, 0.04640311205626598, 0.04800658596546522, 0.04809623341342168, 0.04764157666691712, 0.04736133265708174, 0.05526129296049476, 0.05596865553941045, 0.055687840994713564, 0.056049045807282837, 0.0556520433165133, 0.05921087710053793, 0.0599314726090857, 0.06031868520325848, 0.0597465094178915, 0.06582957496201354, 0.06696150564987745], "valid_accurs": []}