{"train_losses": [854689.4248930109, 163288.3454551091, 157569.43662677746, 121614.06502149471, 125699.41947492973, 226933.24746300429, 344225.80674396496, 307061.3507254464, 483138.88033234124, 510285.7292493386, 633595.8136780754, 1007228.4734209656, 874585.5471643518, 783372.0528067129, 857138.2209408069, 1013099.8329406416, 1261984.8754753638, 1457275.8169642857, 1251147.6644345238, 1281624.4205522486, 1308411.117146164, 2709943.252314815, 3205717.5945767197], "train_accurs": [], "valid_losses": [175787.958984375, 64553.54889787947, 26360.837262834822, 94835.13267299107, 31386.51436941964, 176412.96512276787, 143828.71107700892, 163249.2314453125, 415884.21512276784, 161861.49400111608, 202280.16378348213, 342281.41936383926, 398614.7901785714, 641816.1752232143, 1367521.0424107143, 2104375.609375, 408389.81863839284, 1742777.46875, 2617860.1852678573, 970521.1330915178, 1525862.8872767857, 1357406.2377232143, 2048688.2879464286], "valid_accurs": []}