{"train_losses": [1203427.9203420973, 580527.4470796131, 594300.6648685515, 416075.14482060185, 494851.8746486442, 632540.7524284888, 634878.0386904762, 428788.0484044312, 750732.0399512235, 643348.0229414683, 790741.2007481812, 934536.9928075396, 1125101.5470816798, 983352.1552992725, 1394694.7797619049, 1163618.7142857143, 1227966.00380291, 1114600.1883680555, 1594463.656374008, 1620986.5929232803, 2188975.658895503, 1353941.988405258, 1317672.2471478174], "train_accurs": [], "valid_losses": [118220.58035714286, 264916.29938616074, 38554.84026227678, 50468.92836216518, 244880.17159598213, 112418.32868303571, 168914.1021205357, 151842.4877232143, 279364.11551339284, 380176.7003348214, 409581.3621651786, 466543.0948660714, 754734.3660714285, 268223.86579241074, 1852914.8482142857, 476356.5, 4351814.517857143, 417660.20452008926, 1158590.9810267857, 620681.9771205357, 1433952.328125, 860907.5, 1593006.372767857], "valid_accurs": []}