{"train_losses": [18.914315794388095, 18.38817513798157, 18.408047368623553, 18.358073669321396, 9.927484920176749, 0.048135908223621175, 0.04811399738510809, 0.04810655782024515, 0.04810458719646095, 0.04356553376867221, 0.043332750040919805, 0.04333298920539979, 0.043322430127110685, 0.043291647808954996, 0.04320729060764361, 0.043212752919896964, 0.043219024926525164, 0.04320736566128639, 0.04296717212042388, 0.042977554365419425, 0.042965332551846674, 0.04295977047008222, 0.04301356539399915, 0.04310959670692682, 0.04311174686104734, 0.043127633424737064, 0.04310083648451178, 0.0429322701368936, 0.04289860143937271, 0.04287438228625248, 0.04288422540925881, 0.04295319524842285, 0.043060656080688285, 0.0430687676137524, 0.043067431991827165, 0.043063982200231485, 0.042866854974789315, 0.042818970055365724, 0.042805148844872666, 0.042813604752368783, 0.042860251126549634, 0.0429506058092503, 0.04292438131634871, 0.04293232584768291, 0.04293608600147304, 0.042907635765613746, 0.042882226517095286, 0.04289079318876585, 0.042888273400722314, 0.04284409871451321, 0.0426711833096063, 0.04266979474557471, 0.042660153121160706, 0.0426703950693637, 0.04263569522497341, 0.04261964201775476, 0.04261265395470469, 0.04260951451266109, 0.042712031947912406, 0.04303294691210823, 0.043031733533645644, 0.04302434610177624, 0.043024475648324956, 0.04282660131254212, 0.04270612486381067, 0.042710328558923434, 0.042703383138647716, 0.042756758680845275, 0.04294777967507753, 0.042943518309605334, 0.04292790336340531, 0.04292851513276947, 0.04292558598420604, 0.04292180204165602, 0.042917505163716244, 0.04291051045498427, 0.04291980403024551, 0.04296002426601913], "train_accurs": [], "valid_losses": [22.125483632087708, 22.12374700818743, 22.122694083622523, 22.1232202734266, 0.049563724846978276, 0.04956649563142231, 0.04954864380748144, 0.049549351180238385, 0.049557652756837864, 0.04460848235924329, 0.04463809492465641, 0.04460950155875513, 0.04460950681407537, 0.04448649257288447, 0.04448238377725439, 0.04448421485722065, 0.04448616112183247, 0.04448210920340249, 0.04423251827912671, 0.04423949850856194, 0.044242195186338255, 0.044238447511036484, 0.044400428355272324, 0.044391097667227895, 0.04439199609415872, 0.04439447537463691, 0.044397772855258415, 0.044131875437285216, 0.04412290194470968, 0.04412667862405734, 0.044124335616028736, 0.044313367356413176, 0.04430441787865545, 0.04430289752781391, 0.04430309593278382, 0.044320224351914864, 0.04404293349944055, 0.04404018902485924, 0.04402869384336684, 0.04403572449726718, 0.04416476033761033, 0.04416089531566415, 0.04416121495887637, 0.04415445072975542, 0.04415462182701698, 0.044112431284572394, 0.04410252843185195, 0.04410631332679519, 0.04409971194607871, 0.04388074277501021, 0.043880928973002095, 0.04388264629856816, 0.0438842023057597, 0.04387461127979415, 0.04383362360697772, 0.043831494104649336, 0.043836473154702356, 0.043830468419141004, 0.044251499098858664, 0.04425145086965391, 0.044258107032094686, 0.04425215252142932, 0.04425048691752766, 0.04391887185296842, 0.04392127825745514, 0.04392238606565765, 0.04390992849533047, 0.04416119091079703, 0.04417195317468473, 0.044160893453019004, 0.044153447662081034, 0.044158606158037274, 0.04413799801841378, 0.044138508782322915, 0.04413350821206612, 0.04413244497430112, 0.04420377693272063, 0.04419706405938736], "valid_accurs": []}