{"train_losses": [72.02792467365707, 5.812471988244294, 6.939075830835023, 10.760429925104072, 7.270549851309559, 0.43898579089721135, 54.39218501395196, 0.516500239593411, 3.200078407867192, 0.22150489488380595, 4.336947668078293, 0.037505007049751495, 16.80304872030519, 0.14751647093978065, 1.293431567816207, 4.447441959871628, 1.0094880857146704, 0.46165046779801266, 15.39552568364467, 22.14358918807086, 17.40165466636554, 10.346430232621966, 25.092049558912468, 2.1101262019736464, 3.061552330042442, 5.470218872946447, 2.0943039557917627, 85.13027679003201, 8.642828870143287, 9.884881446803856, 7.715416839759274, 4.318451882226232], "train_accurs": [], "valid_losses": [1.578092343040875, 1.587054654955864, 12.766562486333507, 1.932822962956769, 0.45821104890533854, 0.03824647402923022, 20.952980501311167, 0.036480001805882366, 3.137914789574487, 0.0317163751377458, 0.020127718395087868, 0.01984020643534937, 0.023865953121068224, 0.03460639036659684, 0.9996060250060899, 0.03531846826496933, 2.8814634340150014, 4.038196315456714, 8.336852891104561, 7.823633509022849, 12.719612070492335, 10.897014464650836, 0.3096731294478689, 0.18257218120353563, 0.16061055766684668, 0.16523465647229127, 290.23105457850863, 4.026781320571899, 4.734859917845045, 4.656269575868334, 3.169210991689137, 11.856761762074061], "valid_accurs": []}