{"train_losses": [0.39367739970564214, 0.3580362003237482, 0.3055738105423867, 0.22024735195374995, 0.2165827501230139, 0.26751649990756676, 0.2872179559377766, 0.29111841165278324, 0.3726299150437905, 0.369589162921464, 0.4011198898787221, 0.4456311396111256, 0.4417061940939338, 0.5217152817775963, 0.5407617789491144, 0.5451872790695498, 0.5967356178653304, 0.5940400245722639, 0.6313134137363661, 0.673666367849345, 0.6684767885734795, 0.7676270631334138], "train_accurs": [], "valid_losses": [0.17374430437173163, 0.15107225999236107, 0.19271710515022278, 0.19730878035937036, 0.21970422406281745, 0.23558970088405268, 0.2189579667257411, 0.2972726627652134, 0.3198383317462036, 0.3132269677839109, 0.3658127619751862, 0.4311766933117594, 0.3477508904678481, 0.41971316454666, 0.5027731901832989, 0.51780047586986, 0.5470382645726204, 0.5470030845275947, 0.5778048065091882, 0.5804207128073487, 0.5793700170304094, 0.7612934091261455], "valid_accurs": []}