{"train_losses": [0.976874731914707, 0.8880019355072546, 0.8850607980811407, 0.8922732764135592, 0.8455513124428098, 0.883543054893534, 0.8767861973829371, 0.8413966807423445, 0.834857688142509, 0.7949785437612307, 0.8137553135553995, 0.8353377457254778, 0.803672959052381, 0.8310078555156314, 0.8040388997979265, 0.7710695506009475, 0.7125809360985402, 0.6755565061928734, 0.6684471291524393, 0.6388608842457413, 0.6068794466752224, 0.576959507451171, 0.5331941313410877, 0.5167360832057302, 0.5263041807387872, 0.48982639457025223, 0.45290953106192683, 0.40504122288927197, 0.3800281984189515, 0.3730763843647702, 0.34245017766164093, 0.32613733513330023, 0.29216102201235356, 0.26966592320610605, 0.2813524074024624, 0.2675040182041586, 0.24961196501103658, 0.2774992539256653, 0.25590423544839264, 0.26286684565995105, 0.26739746194194863, 0.2550728744950402, 0.2632075077583077, 0.25070032970142114, 0.24080218390497582, 0.24458101395734402, 0.21934849347071672, 0.20905176297855124, 0.18398183933089649, 0.1735200712151786, 0.17749332449344732, 0.16537752755419918, 0.1569150841632296, 0.18090599825576184, 0.16301669927422333, 0.17680663705148078, 0.1846579629533663, 0.16740916986708287, 0.18337189416997332, 0.1649261930040897, 0.16135924090212458, 0.19167654032981585, 0.16992114450802248, 0.17490548619793522, 0.169563934630739, 0.15388449061188905, 0.16786438936771697, 0.15258655227996684, 0.14680498797032568, 0.1556694170056039], "train_accurs": [], "valid_losses": [0.6432277432509831, 0.6317775946642671, 0.8809842499239104, 0.6359612111534391, 0.7516612367970603, 0.8054736767496381, 0.7491526114089149, 0.621174908642258, 0.7473995419485229, 0.8739145525864193, 0.7868508717843464, 0.7416867949068546, 0.7169434332421848, 0.7713334821164608, 0.7527559319777148, 0.6718358748725483, 0.602544145126428, 0.7229500785470009, 0.6830036794500691, 0.6179043437753405, 0.5700011216104031, 0.45524791947432924, 0.5345869516687733, 0.44840857413198265, 0.47973301767238546, 0.5176258922687599, 0.44627686217427254, 0.398859230535371, 0.35489640038992676, 0.3504132048359939, 0.3668197278997728, 0.31879471322255476, 0.26904178836515974, 0.27533927958990845, 0.2964927402458021, 0.2911100283797298, 0.3232660179159471, 0.353095229981201, 0.3343888984194824, 0.3655013521867139, 0.3356105014681816, 0.33382694822336945, 0.31044982293886797, 0.32617211687777725, 0.343137583562306, 0.32793159277311396, 0.3296419509819576, 0.2551941794476339, 0.25403482985815834, 0.24973343339349544, 0.29193474006439957, 0.27431106886693407, 0.2539262343198061, 0.2530821402158056, 0.3062245188547032, 0.3069749538387571, 0.3134092175002609, 0.29154616966843605, 0.2903383762708732, 0.2879641569618668, 0.41762707994452547, 0.3710883547152792, 0.42025078859712395, 0.31129209377935957, 0.30769962604556766, 0.3005096430757216, 0.3630862039114748, 0.33849797557507244, 0.2909830170018332, 0.30643194301852156], "valid_accurs": []}