{"train_losses": [34.32636835995842, 27.524628087945654, 27.12718892205355, 26.709252571088697, 14.04746628931947, 0.062360588718222545, 0.05918691328798349, 0.05670248439358505, 0.055477177707385694, 0.048458789871390316, 0.04733415482548904, 0.04749803318393446, 0.04679040515129518, 0.04594727765718197, 0.04514510830973878, 0.04472058986595988, 0.04394793540778743, 0.04331953806288507, 0.05115072573303367, 0.0510864541465543, 0.050343517858821615, 0.04947350237400553, 0.05226691784885, 0.0570873012766242, 0.056412247089643826, 0.05592386746079539, 0.05495465965309429, 0.04302224514761527, 0.04046943858771572, 0.03995559264260989, 0.03930587398217005, 0.04168907785998885, 0.047628828370732956, 0.04702387346435186, 0.04599623591955161, 0.04481244095226084, 0.056072387317557947, 0.0571457444694382], "train_accurs": [], "valid_losses": [33.708147287368774, 24.84442469051906, 29.89775494166783, 24.4080456665584, 0.058944243538592546, 0.05629587832040021, 0.05542950115964881, 0.05538497861873891, 0.05451866279223135, 0.04884236425693546, 0.04787836183926889, 0.04806132750984814, 0.04713135405576655, 0.046423154683517556, 0.046120193520826955, 0.045969721827922125, 0.045026010501065424, 0.04409204958938062, 0.0527497383300215, 0.05338242270850709, 0.05214190735880818, 0.05124460400215217, 0.061874041466840675, 0.061907145992985795, 0.061193910893052816, 0.060965556917446, 0.06063596272308912, 0.045578189293986986, 0.0454743006931884, 0.04567254560866526, 0.04555999933342848, 0.05729411409369537, 0.056693860329687595, 0.0578149616319154, 0.06048102084813373, 0.05743883999197611, 0.0746458802106125, 0.07256117017407503], "valid_accurs": []}