{"train_losses": [0.5683941396455916, 0.5446820588260101, 0.41120269928107817, 0.16813200178048598, 0.16781149686328947, 0.1950797858258719, 0.20636467237478842, 0.20717250867180093, 0.22201440924847568, 0.22195753555685754, 0.22816460392383672, 0.2364356160636932, 0.23662314154010602, 0.23861212646046642, 0.23983831268060143, 0.24058888893988398, 0.24835816149910292, 0.2483887668285105, 0.24210267681529912, 0.23535478905474067, 0.2350830358881799, 0.2316790239678489], "train_accurs": [], "valid_losses": [0.14922428131103516, 0.14358194704566682, 0.1493646345500435, 0.16228799468704633, 0.15016426731433188, 0.20194352072264468, 0.20528129621275834, 0.20847859340054647, 0.22337688505649567, 0.19102851141776359, 0.21558840945363045, 0.23377123421856336, 0.22420295727040088, 0.2229903441454683, 0.2331577395754201, 0.2330036876457078, 0.21933683912668908, 0.24499207788280078, 0.21774052934987204, 0.23193032427557878, 0.22422775785837853, 0.23023597337305546], "valid_accurs": []}