{"train_losses": [35.13566421060001, 21.19668917418605, 20.56003387697142, 20.60452949569236, 10.895934481612024, 0.08136972854107753, 0.07398180563289386, 0.06870250322126964, 0.0657138472667377, 0.05239662642240929, 0.05069128458063662, 0.04857808659569575, 0.0477738622533857, 0.04573403242806908, 0.04512503405198522, 0.04451149879486987, 0.044142735346612345, 0.043853270758061384, 0.043331926869759466, 0.043342513521096554, 0.04276761102460628, 0.042884272544295, 0.04304173695370218, 0.04382771709133192, 0.04400269975422195, 0.04378601818079997, 0.04333767685112101, 0.04280111182700185, 0.04263103062632532, 0.042692084510165915, 0.04239481806805635, 0.04263393999376583, 0.04269500912854035, 0.042526408945678044], "train_accurs": [], "valid_losses": [24.12006507601057, 26.38855038370405, 24.34237708364214, 20.88239049911499, 0.05118914899815406, 0.05130998504215053, 0.050983288957338245, 0.04966537697639849, 0.051261284055986574, 0.04225284602892186, 0.0426150730012783, 0.04267567875129836, 0.042608274546052725, 0.04215769822310124, 0.042294714300494106, 0.042446171498990486, 0.04227556787165148, 0.04232199732879443, 0.04250647772901824, 0.042768145512257306, 0.04275659036024341, 0.042699076202032824, 0.044693099201789925, 0.044642168163721054, 0.044607350935361216, 0.044535658189228604, 0.04452228576077947, 0.04376842347638948, 0.043684598191508224, 0.04369866192739989, 0.043604907646243064, 0.044059098831244876, 0.04401122429408133, 0.04407148066508983], "valid_accurs": []}