{"train_losses": [0.17378588844701726, 0.1300543500849652, 0.1202728849338003, 0.10962519600553802, 0.10870415101409274, 0.14650873390455094, 0.16212344865398431, 0.1635158662561071, 0.19136097351158107, 0.1913775000228453, 0.20196891416396415, 0.2164502218956985, 0.21628649800858168, 0.20395544157535941, 0.19977585931934377, 0.2029277036981608, 0.22175371950423275, 0.22167204085875442, 0.227141659076094, 0.23376172879543253, 0.23334948054302937, 0.2296861911182681], "train_accurs": [], "valid_losses": [0.021918814196916565, 0.02042007679119706, 0.11515154423458236, 0.0824480215087533, 0.09210763312876225, 0.13081273636115448, 0.1423473497852683, 0.17161511017807893, 0.17804044006126268, 0.1632015577384404, 0.20045893027314118, 0.1699068969381707, 0.18554841354489326, 0.1904059031179973, 0.1676253801477807, 0.21369574751172746, 0.233297270323549, 0.22440105437168054, 0.211384419085724, 0.2155134334628071, 0.20222387995038713, 0.2276395412960223], "valid_accurs": []}