{"train_losses": [18.785280549148627, 17.76662784140574, 17.225808082123148, 16.281690272810234, 8.553826435216243, 0.04837399336395625, 0.048387263244127524, 0.04838509642312565, 0.04836216073365233, 0.04433746639706565, 0.044112341415255045, 0.04407422084411884, 0.04405068501627823, 0.04379168854040258, 0.04347927867102003, 0.0434362647456551, 0.04345159938904495, 0.043441696189411357, 0.043216164527267086, 0.04318144854697572, 0.043184930505020314, 0.043173220139249686, 0.04308884318210016, 0.043015023019181656, 0.043020748824083424, 0.04303738013820141, 0.04302972750696122, 0.04296164741798628, 0.04300931520018372, 0.0429596051919312, 0.04298136897418833, 0.0428612264572765, 0.04265366479906157, 0.04264816648971576, 0.0426690964769926, 0.04260714015000546, 0.04244863903107821, 0.04242373603434045, 0.042433433449612215, 0.04242064985889116, 0.042525364246168824, 0.04306536891847444, 0.043010971336140895, 0.043008699423182604, 0.04306301657043027, 0.043152492817878994, 0.04318324506400802, 0.043198804282562224, 0.04317604771886881, 0.043021074171721664, 0.04242513440886504, 0.04245347121300606, 0.04242137339960666, 0.042439380732293315, 0.04243593409286635, 0.04238416124303821, 0.0423809853656327, 0.04236574354265475], "train_accurs": [], "valid_losses": [18.752308862549917, 18.747466853686742, 17.122822216578893, 17.028629967144557, 0.04980506598284202, 0.04979852946209056, 0.04975628759711981, 0.04987637741890337, 0.04987373219669929, 0.04555152862199715, 0.04552653275563249, 0.04552075340013419, 0.04553483842339899, 0.04486414181467678, 0.044880191795527935, 0.04486300846162651, 0.044856629467436245, 0.04483049113436469, 0.04451548740533846, 0.0445329753149833, 0.044539921351575425, 0.04452405001835099, 0.044335055098469765, 0.044346805894747376, 0.04434669207382415, 0.04433778317512146, 0.04432753683067858, 0.04430791363120079, 0.04430116806179285, 0.044270513080326576, 0.044285137339362075, 0.04394176209877644, 0.04389403261510389, 0.043921051014746935, 0.04392584872299007, 0.04391406489802258, 0.04372483817860484, 0.04368338098616472, 0.043691058709685295, 0.043683627187939625, 0.04435281871285822, 0.044343184446915984, 0.0443285158170121, 0.04432954981790057, 0.044300918167989166, 0.04450245344612215, 0.04452352937577026, 0.04451678876232888, 0.04445825703442097, 0.043844881700351834, 0.043835815507918596, 0.04383278042743249, 0.0438363649549761, 0.043827434768900275, 0.043825554295576045, 0.043835459110726206, 0.0437996457996113, 0.04378577464792345], "valid_accurs": []}