{"train_losses": [0.8599090357779196, 0.6158344058921097, 0.4060919316455958, 0.14159493172965038, 0.11980943089084965, 0.13565701079707612, 0.14096072006714408, 0.1398340180595085, 0.17569640105363554, 0.17442424402192788, 0.1864889310032287, 0.20478517345335118, 0.20362758127942918, 0.21584674863824768, 0.21970926544495992, 0.21986221798040248, 0.22234044306808048, 0.2220491289343468, 0.22423501133366866, 0.22728781756900607, 0.22713548820170146, 0.23112145972945702], "train_accurs": [], "valid_losses": [0.03547328185024006, 0.026187293431056396, 0.02943012647197715, 0.027968678224299635, 0.028873228434739367, 0.1023888276623828, 0.10180035153669971, 0.15394918860069343, 0.14132259413599968, 0.1473278413925852, 0.17699283973446914, 0.18041848524340562, 0.177445045539311, 0.19223297573626041, 0.19612513509179866, 0.19723755307495594, 0.2033592172499214, 0.21196216797190054, 0.21385374212903635, 0.20488317470465386, 0.20313086147819245, 0.20869198867252894], "valid_accurs": []}