{"train_losses": [0.45958676512829316, 0.40532415586089654, 0.4031787401073659, 0.39807519704373173, 0.25271067523073015, 0.08504017583216747, 0.08235498181042764, 0.08064146387934415, 0.07852239635819358, 0.0674046234425781, 0.06660858931955439, 0.06542123231311998, 0.06466339676476576, 0.06226579163526922, 0.060075893892792824, 0.059921186404698845, 0.058931728116999385, 0.05858846311352102, 0.05325221827852106, 0.05225927824348346, 0.05145664387530061, 0.050781494689203496, 0.052638063207268715, 0.05536823165160498, 0.054632827799716684, 0.05414907383096164, 0.05358114096913402, 0.05489463077613671, 0.05467272185345446, 0.053577357296288285, 0.05329931595223657, 0.05664013666669707, 0.06277734807342696, 0.061823099105707394, 0.061044595145295914, 0.05999725199898713, 0.05605399121458714, 0.05434570519666596, 0.05336199644363034, 0.05277258113481745, 0.0543742246116718], "train_accurs": [], "valid_losses": [0.42379035374947954, 0.4054976153586592, 0.40228080643074854, 0.3960503355732986, 0.08739803132734128, 0.08540234994143248, 0.08643199263938836, 0.08353972222123827, 0.08222400915942021, 0.07680450852162071, 0.06973865335541111, 0.06941017402069909, 0.06973084667697549, 0.0657515036208289, 0.06650996467630778, 0.06458122748881578, 0.06707632930816285, 0.06524226245736438, 0.05638130787493927, 0.056195139252979844, 0.056175930691616874, 0.058018399335976155, 0.0628858992962965, 0.0623721499993865, 0.06700357974373869, 0.06354947461347495, 0.06305274916147548, 0.06433262589520641, 0.06550403025799564, 0.0653154166814472, 0.06580500713815647, 0.08024951349943876, 0.07953684118443302, 0.08046769776514598, 0.08104762494830149, 0.07983671155359064, 0.07423511586551156, 0.06970439425536565, 0.07194824576643961, 0.07055451890586742, 0.08702621416055731], "valid_accurs": []}