{"train_losses": [0.17452766235530107, 0.15171227287248248, 0.15034941132960006, 0.150025126798188, 0.10203222833506392, 0.0508808064278704, 0.04984616078183527, 0.0489019568571273, 0.048342478394137516, 0.04970197892448616, 0.049414307372096705, 0.04879890649465684, 0.04828134130231396, 0.05082512495626287, 0.05426414851183535, 0.05350917300875235, 0.05281400569710391, 0.052305804460195664, 0.058429943671559584, 0.05772971959017655, 0.05749150108107749, 0.05618378710490546, 0.054662872708457357, 0.053329127533066324, 0.05300609175351815, 0.051997456330873444, 0.0516513943276052, 0.0594481353846071, 0.06009255412848017], "train_accurs": [], "valid_losses": [0.14994503424635955, 0.1462871115654707, 0.14783202005284174, 0.14587579734091247, 0.05332593273903642, 0.051598542336640615, 0.050192337948828936, 0.05107598854894085, 0.04875778420163052, 0.051755160692014864, 0.05159438211869981, 0.05158796247893146, 0.05137179489247501, 0.05706226868954088, 0.05781453947669694, 0.056969413334237676, 0.0567971904362951, 0.05727166482912643, 0.06466407036142689, 0.06586504002500858, 0.06441407298137035, 0.06405964926151293, 0.06272103737241455, 0.06142286673587348, 0.061547175249350924, 0.06039367090644581, 0.061818809481337667, 0.07178875996864267, 0.07228957469175969], "valid_accurs": []}