{"train_losses": [0.771054400968804, 0.6984909705857121, 0.6261704357922393, 0.5264125171477202, 0.49744938294250496, 0.5296327052293001, 0.5256392090684838, 0.5057972344771895, 0.5734297081670433, 0.5481295457513875, 0.5647688412437679, 0.591131119501023, 0.5664732521252026, 0.6158558092420063, 0.5981182900094797, 0.5851020270948688, 0.6149916704054232, 0.5915648361283635, 0.5851919843012063, 0.5755491662750799, 0.5471192857733479, 0.5825316080104106, 0.5545894481911862, 0.5365398454248275, 0.5233044388984877], "train_accurs": [], "valid_losses": [0.5648845258568015, 0.4457741901278496, 0.5561827171061721, 0.5275947813476835, 0.4077874054866178, 0.47334508651069235, 0.5150984259588378, 0.6099188439548016, 0.5649406718356269, 0.4738519069339548, 0.583647715726069, 0.6185351881597724, 0.4969363233872822, 0.5629189051687717, 0.5505354649254254, 0.5631680531161172, 0.5901265878762517, 0.6335164228720325, 0.5467459290687527, 0.5250395052134991, 0.5135640595108271, 0.5909335772906031, 0.5695249017860208, 0.4566220971090453, 0.4870120260332312], "valid_accurs": []}