{"train_losses": [0.21024946747052722, 0.1859071466953776, 0.16640073430147106, 0.15529404782871314, 0.12582442359113855, 0.0972612374356834, 0.08928504239818359, 0.08408205299659283, 0.08010851219296455, 0.07485102348838726, 0.07172820268712972, 0.06899929039888253, 0.06738881614244631, 0.06360216118496467, 0.06097298178703806, 0.05896758270445722, 0.05780270033646628, 0.057161625377766416, 0.05383792702041196, 0.05276385821166082, 0.05162375352905886, 0.05097880420945079, 0.05069614925350134, 0.05162704932794177, 0.05051564189238786, 0.04963519495840256, 0.04970866703002701, 0.05029865063524624, 0.04967254593681831, 0.04953398024958318, 0.04944134162258509, 0.04867929022556921, 0.04739157410498658, 0.04747793261315758, 0.04716613623250394, 0.04672135347795432, 0.046861788780508534, 0.04669300979214017, 0.046415550208637885, 0.046149627301353136, 0.046383062761057824], "train_accurs": [], "valid_losses": [0.08039618183725647, 0.08015420307804431, 0.08026641188189387, 0.08034386964780944, 0.04330848732830158, 0.04369656625203788, 0.043201003689318895, 0.043513295939192176, 0.04307078317339931, 0.0455651693046093, 0.045333785736667256, 0.04534622191983674, 0.045331720794950216, 0.043589459565867274, 0.04364712396636605, 0.043604916460546, 0.04361643169873527, 0.04358563123137823, 0.04195444292521903, 0.041951965573909025, 0.04194970039783844, 0.041971872660464475, 0.04375749157874712, 0.043742328915478926, 0.0437694633978286, 0.04374507977627218, 0.04375587639931057, 0.0447936886921525, 0.0447721698188356, 0.04476337763480842, 0.04484567338866847, 0.04364119802734682, 0.04363672335499099, 0.04364640884367483, 0.04365560106400933, 0.043640232079529336, 0.043929017947188446, 0.04390342011382537, 0.04391731920519045, 0.043915615849463005, 0.04443772343386497], "valid_accurs": []}