{"train_losses": [1.0727429114006184, 0.9990207071184481, 0.8556284213034564, 0.6225238845698418, 0.5946968934207997, 0.5923981454479631, 0.5694277564053813, 0.5365955300983929, 0.5473696420747767, 0.5131970054258115, 0.5287367178018761, 0.5538633339619511, 0.5271126974038977, 0.5159853923494223, 0.4891553059929893, 0.46590231473326055, 0.4691048613379872, 0.43681962701378674, 0.4257165030354545, 0.39856197527319037, 0.3721457518558338, 0.40194217056509046, 0.38050365166137456, 0.3744584300294124, 0.38566844908412173, 0.3620516176103915, 0.3575516017893004, 0.3421532008304167, 0.32736011905960305, 0.34716872176618646, 0.3276610004878233, 0.30917671922022705, 0.26901904714328273, 0.25401506636035504, 0.26547143092901304, 0.2577798679057095, 0.24730150009352694, 0.23567726084637264, 0.2175425062813456, 0.21371440732329294, 0.20864376872186624, 0.19109417924844713, 0.20090514007541868, 0.19185758711247847, 0.17721368785375957, 0.21812623707705706, 0.19405798232626348, 0.20173087024262973, 0.20764656276220367, 0.19046885988344905, 0.2263831884733268, 0.21253533677133934, 0.2003407968040654, 0.215614913928288, 0.19116300911884065, 0.2028580475795679, 0.19817687796734312, 0.18300130924889965, 0.20818642824494019, 0.19178666640565825, 0.18539795107035725, 0.19475159982327747, 0.176911889452231, 0.18705798930946796], "train_accurs": [], "valid_losses": [0.4686478887285505, 0.6394420138427189, 0.4836658074387482, 0.41986042101468357, 0.4634124626006399, 0.47234427822487696, 0.4184995027525084, 0.4807468370667526, 0.4540411154074328, 0.4383799604007176, 0.48079210200480055, 0.49742906593850683, 0.45983332821301054, 0.5202776547521353, 0.4966642585183893, 0.3713740357863052, 0.4758777365620647, 0.3866150780980076, 0.4192799851298332, 0.4871470124593803, 0.40550679340958595, 0.40586614661983084, 0.36265658241297516, 0.33572334317224367, 0.46702754870057106, 0.42481953118528637, 0.31052897098873344, 0.426803212080683, 0.39935047312506605, 0.428778024656432, 0.3828318393124001, 0.30697836966386866, 0.30713387738381115, 0.38894398350800785, 0.3342167588749102, 0.33138189491416725, 0.35866631381213665, 0.3081689913358007, 0.30112567437546595, 0.26802882232836317, 0.2947516010275909, 0.28339581697114874, 0.28245740649955614, 0.2627742040370192, 0.3240576415721859, 0.34355863742530346, 0.33839246364576475, 0.3821631387940475, 0.33201853691467215, 0.3109556479113443, 0.41675345386777607, 0.3619175327143499, 0.3868324229759829, 0.38855217663305147, 0.37194559403828215, 0.3411532997020653, 0.38843064435890745, 0.3234380715127502, 0.47569112240203787, 0.3613400650875909, 0.37522540693836554, 0.3458940368145704, 0.41651166922279764, 0.3407541039798941], "valid_accurs": []}