{"train_losses": [18.229547370343187, 13.254850440704985, 10.276150785824832, 8.902035435198119, 4.121891016494567, 0.030238244204246756, 0.03023002411099783, 0.030196626409382574, 0.030244095798800972, 0.04133167273756875, 0.04192207867018373, 0.0419612546067904, 0.04205493974958745, 0.0416980523371656, 0.040654867504011184, 0.04063657282670429, 0.04060494973918431, 17.500738853095648, 0.251566871372789, 0.03377771673816766, 0.03190506004403889, 0.03196752382172651, 0.03480127580649308, 0.03864718828881286, 0.047077354798051294, 0.2777855043295282, 0.04359633719540155, 0.05124963363169006, 0.7679193546000986, 0.09108035604793967, 0.05139879490843051, 0.05185149765543943, 0.061360685361287984, 0.04253843106641287, 0.04095206926555722, 0.040693538006378246, 0.02980613495155798, 1.2243438257648276, 0.8743819417642658, 0.48921671119303656, 0.6667251353577723, 0.10300887895250752, 0.053886784442881655, 0.043800381884585675, 0.15653789132344642, 0.07345564240100899, 0.013074798196579468, 0.013001385505197409, 0.013272263596942691, 6.214032981172836, 3.7892015733381066, 2.8254918922497407, 2.249283085185276, 3.0042944535006226, 0.1412705347338076, 0.02351316788478236, 0.02346124752673291], "train_accurs": [], "valid_losses": [31.42724675791604, 3.800943545997143, 17.145689598151616, 3.4292296586292133, 0.03127677003586931, 0.031003198237158358, 0.030852262645826807, 0.03087905317079276, 0.030880093657677726, 0.04299736658244261, 0.04300253156439534, 0.04312792889374707, 0.0429793621879071, 0.042252123688480685, 0.04191950266249478, 0.04199684228348945, 0.041295299805434685, 0.13939588756433555, 0.03023649733846209, 0.03176324461985912, 0.030291375371494463, 0.03173335623328707, 0.038686463110415, 0.03846822529365974, 0.03854012981589351, 0.042269487266561816, 0.04154398708072092, 0.05255804899414735, 0.05182769422286323, 0.052007095356072695, 0.05237817830805268, 0.054332630176629336, 0.042076522251591086, 0.04160709472905312, 0.04137098982131907, 0.042935372064156194, 0.010301831648186115, 32.18167507648468, 0.014306854165624827, 0.036481943946065645, 0.07596128400681275, 0.04210521786340645, 0.04201023929220225, 0.042329027716602595, 0.04568815580569208, 0.013707424480734127, 0.013905785179563932, 0.014895732356568001, 0.015128365825928216, 21.781465036528452, 6.605734220040696, 0.23835065821185708, 0.11451399845204183, 0.10153249631236706, 0.02697131839314742, 0.0219130471315501, 0.021894912301961864], "valid_accurs": []}