{"train_losses": [0.9233941322538108, 0.8687559754600352, 0.8378730204580057, 0.8181952306857476, 0.7813741811530083, 0.7584618428443891, 0.7465911504909464, 0.735964967114893, 0.7268426789147822, 0.7086725019221931, 0.7034622519803803, 0.6891486604289232, 0.6771033936226529, 0.6695395390507323, 0.6496664231718935, 0.6386926579394492, 0.6323845994014007, 0.6256120632406813, 0.6162895992465688, 0.6081901468437722, 0.601801565329953, 0.5928034948277797, 0.5855428906857159, 0.5727701250514293, 0.5672902321249111, 0.5542100084717997, 0.5506890321074568, 0.5430258758602099, 0.5302931380487675, 0.5229876855245004, 0.519277454029381, 0.5082828964178379, 0.5054140546742607, 0.4960722932718458, 0.48655826857996204, 0.4794234207987246, 0.47099426503364855, 0.4699148421104138, 0.46015114192239837, 0.4515354799199428, 0.4475882608966051, 0.4394363090733058, 0.43121364436268267, 0.43202427279086136, 0.42595910169689905, 0.41330700006959664, 0.4098561842382224], "train_accurs": [], "valid_losses": [0.24884431143956526, 0.1890295459223645, 0.16125805769115686, 0.14927952377391712, 0.0666347634313362, 0.0628813426675541, 0.061751712512757094, 0.06154697561370475, 0.061684038889195235, 0.0452179117128253, 0.0453137825243175, 0.04543100673306201, 0.04556151363067329, 0.04231390130839178, 0.04235680401325226, 0.0424906934079315, 0.04254032887651452, 0.04249375805790935, 0.041724231626306264, 0.041573939113212485, 0.04165464183980865, 0.04167709203570017, 0.04123161294098411, 0.04123086405784956, 0.0411836984234729, 0.04116405756212771, 0.04103530733846128, 0.04158575802908412, 0.04167611112019846, 0.041608428715595176, 0.04148377095615225, 0.04180670416514788, 0.04175664797159178, 0.041752436431124806, 0.041780194167846015, 0.041822278572778614, 0.04151473077945411, 0.04157444881275296, 0.041555091905008466, 0.041424306808039546, 0.04141319646233959, 0.041403117489867976, 0.04140124606367733, 0.04145315622112581, 0.04136770095543137, 0.041458112420514226, 0.04139265191874334], "valid_accurs": []}