{"train_losses": [1.0510327271206885, 0.9743031295715954, 0.9859045532898666, 0.9766960464316795, 0.5392395372489863, 0.06432220210822728, 0.06339507246162422, 0.0645883799408356, 0.06442581144123595, 0.05346869161495796, 0.05289797493302984, 0.05305824829981877, 0.052717880607157, 0.054259747873604026, 0.05541522170067238, 0.05523639040413351, 0.05526165946121264, 0.055026641831948206, 0.062981600961669, 0.0642523381235373, 0.06357034956994234, 0.06394232566809763, 0.058430137972419076, 0.05099546377087745, 0.05160869822765772, 0.05140381258368762, 0.05071889523973023, 0.0513980562347767, 0.051111145345367724, 0.05106705209720728, 0.05081391600023837, 0.05181617488688473, 0.0530260178677704, 0.05323408557970195, 0.05259420968406745, 0.05316349520975918, 0.06120018613402525, 0.06313163463481411, 0.06362654468491337, 0.06284521973578099, 0.06212264303606829, 0.05932234806257271, 0.0595396787551868, 0.05904124137772694, 0.05899986135035888], "train_accurs": [], "valid_losses": [0.9620523889149938, 0.9634960070252419, 0.9629626848867961, 0.9665831050702504, 0.06693864360983882, 0.05495564795897475, 0.05427870413820658, 0.053747491778007576, 0.05650115791442139, 0.044431505259126425, 0.04457455118452864, 0.04879188723862171, 0.04389972020206707, 0.04611443751491606, 0.05268804429631148, 0.046085215805630596, 0.04611538104446871, 0.05263398647574442, 0.053888165791119845, 0.053740493986489515, 0.053733865663941414, 0.05402721860446036, 0.04215921361797622, 0.044393908265712004, 0.042054870864376426, 0.04208704945631325, 0.04355106136894652, 0.043082709257890074, 0.04222924302199057, 0.042347921091797094, 0.04430452587881258, 0.04505286828082587, 0.049168812011235526, 0.04436960227654448, 0.04406820038067443, 0.04685452314359801, 0.05972352514176497, 0.05584965533177767, 0.05601635798146682, 0.06042371756796326, 0.04954736922601504, 0.04919426159800163, 0.06448215765080281, 0.05713084280224783, 0.05346172309613654], "valid_accurs": []}