{"train_losses": [0.410356063336607, 0.391058602621631, 0.33450656484753366, 0.23946627188060018, 0.23835980086020692, 0.25650710109916947, 0.26403847200766445, 0.26170110428538274, 0.23103389818043935, 0.23120492290725153, 0.24106859894735472, 0.2547616033800065, 0.25425411951999183, 0.2561111729099322, 0.256491971157846, 0.25347871648729164, 0.22961656518635296, 0.22977082833411203, 0.23818252166664158, 0.2484932901564414, 0.24804389323033985, 0.24974018885266214, 0.24976422182387775, 0.2514306428058753, 0.2565157433784513, 0.25686632956146566, 0.2431150105974031, 0.2319547633921343, 0.23209214977249898, 0.23158052640538368, 0.23110166525162718, 0.23484182785506602, 0.24458834111059785, 0.2446288261266928, 0.24339302832250873, 0.2423779291529504, 0.24241124501540548, 0.24360540430381816, 0.24352344324585623, 0.24670662259850554, 0.2536352632774247, 0.2536603466622413, 0.22511418258386945, 0.21122700108027964, 0.2113896684041099, 0.2182352033162874, 0.21826077353150125, 0.22551448248996936, 0.23736051499607072, 0.2372616408244958, 0.24028359519110787, 0.24145154572195476, 0.24062071441027222, 0.23078627860735332, 0.23103169789389957, 0.2283950493764625, 0.2259057659714941, 0.22573470340046303, 0.24050687758064776, 0.243990465604439, 0.24168745124781574, 0.2300224684021145, 0.22974215193636835], "train_accurs": [], "valid_losses": [0.3451080902346543, 0.27481681454394546, 0.22182589902409486, 0.21202104618506773, 0.21904592189405644, 0.250384794814246, 0.20604865598891461, 0.21795522049069405, 0.22261454723775387, 0.2548587021550962, 0.26426076010933947, 0.2193661898906742, 0.23449716770223208, 0.21901381042386805, 0.2503482691411461, 0.19934660036649024, 0.19798525662294456, 0.22825388477316924, 0.24213759015713418, 0.2076496255717107, 0.23971031233668327, 0.24435277841985226, 0.19830080467675412, 0.22653340681322984, 0.21958537266722747, 0.21383706852793694, 0.21212953675006116, 0.1928660042051758, 0.26238935999572277, 0.2362070128853832, 0.2282550518534013, 0.20108502783945628, 0.24583041428455285, 0.20232738554477692, 0.21729277313819953, 0.2265600303986243, 0.23178464440362795, 0.23266012806977546, 0.22312304271118982, 0.2528084295668772, 0.21403079240449838, 0.2515741568058729, 0.1813942034329687, 0.1999877007412059, 0.19764645184789384, 0.20773450950426714, 0.21756293837513244, 0.18960342848939554, 0.2237191886774131, 0.23219909013382026, 0.2096747061503785, 0.2720928969127791, 0.2229412171457495, 0.2520109271364553, 0.23163609286504133, 0.24489665856318815, 0.21928999147244863, 0.21651023386844567, 0.23000727114932878, 0.21860371210745402, 0.24315266284559453, 0.22287360153027944, 0.19337574844913824], "valid_accurs": []}