{"train_losses": [0.2914968864208433, 0.27302167797250443, 0.2600296893877681, 0.24798563142977148, 0.21835650726141434, 0.18051280101499945, 0.17171843505013581, 0.16465030878579995, 0.15504751590447188, 0.14568653783647184, 0.13752978273174343, 0.13343947763424113, 0.1287477770103858, 0.12315090920995264, 0.11920773335711449, 0.11412185261961562, 0.11144167704010441, 0.1069607262191999, 0.10372338958118296, 0.10039052244157813, 0.09745171880223093, 0.09597120883271974, 0.09445652275502142, 0.09238629273193724, 0.09073868236289574, 0.08771860712456488, 0.08736234531649367, 0.08374976285004238, 0.08202984743663089, 0.08065978228641311, 0.0792991211848561, 0.0786169642135838, 0.07649278520222973, 0.07613632158793475, 0.07501772737206377, 0.07347503976213716, 0.07271886876535631, 0.07114167698570506, 0.07086909553921061, 0.0704978947607775, 0.06936477912733188, 0.06853918203603628, 0.06696339811270054, 0.06676073229083648, 0.06678832303816916, 0.06524410592687076, 0.06485825153362697, 0.0647366594152348, 0.06284869393139943, 0.06283785475257835, 0.062170358998405985], "train_accurs": [], "valid_losses": [0.10988615320197173, 0.10992026941052505, 0.10978899909449476, 0.10981012614709991, 0.0479799144502197, 0.048035970622939725, 0.04824725165963173, 0.04804976683642183, 0.04789238619352026, 0.043297035220478265, 0.04348646001225071, 0.04324093760390367, 0.04351999244785735, 0.043686747417918274, 0.04354412271641195, 0.04366932426845389, 0.043737356550991535, 0.04372633048998458, 0.04339325188526085, 0.043368833139538765, 0.04337160678447357, 0.0434745010986392, 0.044246223222996504, 0.044201675902253816, 0.0442523208912462, 0.04420762020163238, 0.044252968626096845, 0.04320797949497189, 0.043158927001059055, 0.043262359752718894, 0.04314939687693758, 0.043586233797084005, 0.04358167923055589, 0.04357686199780021, 0.04353674151934683, 0.04353369353339076, 0.04347518818186862, 0.043537291465327144, 0.043449706331427605, 0.043484856940007637, 0.04369864872257624, 0.04373527221780803, 0.043696981422337036, 0.04367215948046318, 0.0436930256962244, 0.04364132525266281, 0.04367921298502812, 0.043680126945089014, 0.043687623160492094, 0.04346184465768082, 0.04345554349544857], "valid_accurs": []}