{"train_losses": [833505.4418369828, 85615.05495263009, 116450.48004454185, 145690.7127227093, 138886.8429280967, 200790.50324342478, 199569.5479266827, 323086.6664486708, 207933.38921097285, 269520.8422475961, 261573.95937323247, 297640.05161199096, 348818.83484162897, 287704.006849194, 343045.39332932694, 390505.41415971436, 468592.26555429865, 473385.47290370474, 406559.81149250566, 332586.0672193156, 402152.4210619344, 656034.9390554299], "train_accurs": [], "valid_losses": [66490.1404157366, 49294.845493861605, 49773.41462053572, 63654.87946428572, 132369.41713169642, 144918.55454799108, 69481.39955357143, 136507.56448800224, 100876.35121372768, 212370.408203125, 102502.11997767857, 163843.3832310268, 89556.47586495536, 141724.27999441963, 267212.7559988839, 258270.76729910713, 194822.34737723213, 466761.87332589284, 299031.51506696426, 315992.97209821426, 297277.6082589286, 485838.3819754464], "valid_accurs": []}