{"train_losses": [28.5111027961403, 5.433385328065216, 5.32232931809188, 5.5269866993659225, 4.197292963940464, 0.4542089161838139, 0.04985018056181019, 1.2244192415667168, 0.7073317708624569, 0.10148469564753555, 29.203030996370167, 0.14367704712090448, 2.028238465596513, 0.20426249945308692, 1.1011805913760853, 0.5520495347535381, 1.8768877780899338, 3.228605573061365, 1.0963436470670431, 0.372829532120124, 4.505051875322619, 0.9611787820736376, 0.8956079186041465, 0.09035028124910809, 1.6107894980909125, 0.28493363806994726, 3.079828243376055, 0.8274194594405221, 0.35525787424515276, 4.916799059095561, 2.908075749385276, 0.23891670394655132, 3.238851735659146, 1.6143597690177853, 2.924654002899801, 1.516022890473282, 3.193734196684749, 0.24967637665704634, 7.164963771454248, 2.2226850313779254, 4.9116315825450405], "train_accurs": [], "valid_losses": [15.185028065528188, 2.9162088291985646, 7.015222254608359, 15.685713963849205, 0.03772622583034847, 0.03611583445620324, 0.03745074327369886, 0.03694711549074522, 0.0997983024655176, 0.059325024485588074, 0.10736079154802221, 2.359219585146223, 0.1160075907994594, 0.6006722524762154, 0.05265552570511188, 0.04296579271821039, 0.918130242398807, 0.05194615516146379, 0.10874945045049701, 189.81719759532385, 0.027426469173016294, 0.029425043779026185, 0.0673047340741115, 0.02824835786928556, 0.031699635088443756, 0.07139438789870058, 0.04494558567447322, 0.6220144512397903, 0.14454461740595953, 0.13719061043645656, 0.3129697795957327, 0.1423645688753043, 0.09527955922697272, 0.055739342235028744, 3.5013631965432848, 3.2373104776654924, 1.029474998159068, 0.3565075381525925, 0.05834748403036168, 0.05021509983842926, 10.127391627856664], "valid_accurs": []}