{"train_losses": [0.31442304329769644, 0.17449989825554563, 0.13684965415575387, 0.11758354144398443, 0.08691525841089665, 0.05459962112668952, 0.051584277002823566, 0.04928247546734988, 0.047688174461819464, 0.04763398066635045, 0.04631128914789107, 0.04605695235277463, 0.04522668181737354, 0.04528598863698913, 0.04563184680914447, 0.045294637534750534, 0.04516121233935674, 0.04489182073167816, 0.044625921718506524, 0.04446010809071463, 0.04450003669188438, 0.044331082901432776, 0.04435642088902482, 0.04426655755272953, 0.044252686986354144], "train_accurs": [], "valid_losses": [0.047685230017772744, 0.04847308205041502, 0.04796334981386151, 0.04845554581178086, 0.03910873916798404, 0.03928828927954393, 0.03910971855345581, 0.039128890759976845, 0.03912586126742618, 0.042573575695444434, 0.04254280519671738, 0.04254604836127588, 0.0425212189355599, 0.044155298200036795, 0.044082690263167024, 0.044123927996094735, 0.04409019140127514, 0.0440894687947418, 0.04424799646117857, 0.04423974520925965, 0.04424662399105728, 0.04425494259755526, 0.044464334878804426, 0.044485454148213775, 0.04446371977350542], "valid_accurs": []}