{"train_losses": [0.9340758290555742, 0.9173933234479692, 0.9012510993335613, 0.8851894707906813, 0.8735017747317673, 0.8646680735564106, 0.848249296189616, 0.8421048626855567, 0.8239832442431223, 0.80834926246966, 0.7939017192711906, 0.7851036273770862, 0.7755932919089756, 0.7570389398033657, 0.7391213599651579, 0.7364787956078848, 0.7157461737829541, 0.7091563947144008, 0.6977697557242459, 0.682188998296778, 0.6741577531531374], "train_accurs": [], "valid_losses": [0.040433305681550076, 0.04696425153607769, 0.0717375674950225, 0.08140802702733449, 0.087111153639853, 0.10496786662510463, 0.11032122719500746, 0.11799510887690953, 0.12303188695971455, 0.126031482459179, 0.13122418003955058, 0.13225093577057123, 0.133781585842371, 0.13775808364152908, 0.13793181774339505, 0.1399061737049903, 0.14016069884278945, 0.1402224519156984, 0.14161040221474, 0.1425178555239524, 0.14202948127474105], "valid_accurs": []}