{"train_losses": [93.39428019631502, 51.94288479472717, 43.66845124447507, 38.51245084822987, 20.550526338734777, 2.0833877718826224, 1.4189303097277206, 1.2130022647693686, 1.0867339212160845, 0.4289804935893592, 0.3774887376814676, 0.3435092031011754, 0.33198635239676655, 0.3115705943822321, 0.26334194763146374, 0.26604183903174705, 0.25732392468805765, 0.24027385775050428, 0.21727670252120873, 0.20652254348898905, 0.19438920792074224, 0.1896088219656529, 0.17890916827105288, 0.16770498339946455, 0.16202815149265987, 0.15880963698501502, 0.1532581331233633, 0.14192925822579752, 0.1356297428572205, 0.1320104606247326, 0.13005338143978723, 0.12204622264900898, 0.11833933030352063, 0.11747395713303693, 0.11122681541848776, 0.10847589490741356, 0.10156301412377422, 0.10027904493304399, 0.09911907503035813, 0.09533078184696883, 0.09365058799034061, 0.0919800222560561, 0.08580733309773837, 0.0863122068581538, 0.08473502703820149, 0.08550068246394531, 0.08027528178334506, 0.08068572823379644, 0.07868154672273683, 0.07754716010789527, 0.07473336896812754, 0.07440203065010487, 0.07391310811919324, 0.07139654894995744, 0.0714956489033424, 0.07019210254512222], "train_accurs": [], "valid_losses": [47.0975011416844, 44.237872838974, 42.04007649421692, 37.66810669217791, 0.4305597756590162, 0.2803720772000296, 0.28328427472817047, 0.2109820902613657, 0.21867699788085052, 0.05995690573139915, 0.05779019836336374, 0.05592885706573725, 0.05911469549339797, 0.048304244909169416, 0.047652382270566056, 0.04593515469293509, 0.050623104508434026, 0.04879169844623123, 0.0486221499075847, 0.04963152020770524, 0.04745999347817685, 0.04801068797574511, 0.0475898382386991, 0.045085842887471826, 0.0446269799556051, 0.044738952802228074, 0.04655216863778021, 0.043538874214781184, 0.043638352471004636, 0.04417998543275254, 0.04304479471673923, 0.04435773629562131, 0.04314035762633596, 0.042699773430026004, 0.04280101724102029, 0.042472265128578456, 0.04403941596059927, 0.044326545138444216, 0.04393090354278684, 0.043723027022289376, 0.04286225369599249, 0.04322720791346261, 0.043195695616304874, 0.04314840428664216, 0.043092516816354225, 0.0431258963154895, 0.043031119874545505, 0.04312027714747403, 0.04287832692664649, 0.043547141498753, 0.0432909638620913, 0.0434369359032384, 0.043339428724721074, 0.04325378519882049, 0.044119913363829255, 0.04405210689375443], "valid_accurs": []}