{"train_losses": [457944.2595055797, 212749.9556878307, 204532.6671988674, 262812.1560329861, 273487.91827360285, 435228.53728505294, 550412.9950190146, 463871.0831679894, 589703.4176380622, 547469.8763640873, 397131.49991732807, 643262.2676194609, 640722.3426339285, 1059930.984499008, 1237468.7627314816, 1036152.5539641203, 837355.6315724206, 1092670.8522032076, 1623967.558428406, 1706467.4957837302, 1500092.0264550264, 1884208.400462963, 2511478.499917328, 2839166.0083498675], "train_accurs": [], "valid_losses": [144303.0385044643, 103132.3154296875, 153792.3568638393, 32674.565011160714, 66275.11635044643, 300454.095703125, 174111.7392578125, 437725.73772321426, 260808.10379464287, 717837.9419642857, 1967161.6841517857, 1291415.310267857, 826475.5122767857, 2727797.3928571427, 226759.3716517857, 205509.3657924107, 412393.0460379464, 111000.68519810268, 1173891.310267857, 562123.837890625, 741513.9140625, 1752198.974330357, 2095173.919642857, 6086171.705357143], "valid_accurs": []}