{"train_losses": [0.1268992126915115, 0.063674244283787, 0.05240408402374562, 0.0484615871155997, 0.04564541914369658, 0.041648385747087215, 0.040978507636055955, 0.040965176415018636, 0.040631806861390084, 0.043114008580026855, 0.04324265925542397, 0.04321071125432107, 0.04310809345958055, 0.04353402428564982, 0.04397220667704468, 0.04388759876032491, 0.043818444949132285, 0.04375312261586815, 0.04308641849641954, 0.043005019346277366, 0.0429711206626501, 0.0429558020498081, 0.042603791303662965, 0.042209856191068484], "train_accurs": [], "valid_losses": [0.022019593943176523, 0.021701403727222766, 0.02159811606231545, 0.02155722978724433, 0.04065075426894639, 0.040404442065794556, 0.04062246581140373, 0.04044006788171828, 0.04046598130038807, 0.0436337761514421, 0.04374350793659687, 0.043791001329996755, 0.04363088552573962, 0.044616039409967403, 0.04520177904383412, 0.04480318063204842, 0.044651149439492395, 0.04465540282295218, 0.04379732600812401, 0.043880736521844356, 0.043760379743097086, 0.04416589049755463, 0.04336797585710883, 0.04303716339303979], "valid_accurs": []}