{"train_losses": [45.955209572660436, 6.972885252124044, 7.095355747242319, 6.395683629884979, 3.8905189529744004, 0.05109473807964794, 2.0832041501577487, 0.15718943410346545, 0.6328134850569372, 2.8773219048370064, 0.5234776161847071, 0.21966386612555291, 0.4228718738320254, 0.7966861614991165, 0.7442603951480189, 0.10293412984799745, 1.2739578097620432, 8.963569843602194, 0.15097550098780055, 4.561091014146131, 0.5132437105547654, 1.2252241491479168, 0.14187008252460087, 0.3361501110068678, 0.5042887407342368, 0.17653022822818604, 2.078909612492536, 0.09909946656874402, 3.5024872912616547], "train_accurs": [], "valid_losses": [10.831609770655632, 2.0971675823841776, 17.006544900791987, 1.9924305794494492, 0.037671710131689906, 0.03715822732608233, 0.03678910164827747, 0.05415441977259304, 0.03662630107386836, 7.018084653786251, 0.042426792971257656, 0.04261882080962615, 0.11078349833509751, 0.06555635615118913, 0.06364421752680625, 0.06570951800261225, 0.061887628332312615, 0.07236194903297084, 0.07354002618896109, 0.06862463363047157, 0.41820226716143744, 0.09960548879046525, 0.1410003084955471, 0.03753766946361533, 0.14216523404632295, 0.039343656839004586, 0.040731591172516346, 0.05912793314616595, 0.062233613205275366], "valid_accurs": []}