{"train_losses": [53.18940306357129, 42.278912880841425, 41.156665754534004, 40.98764985287351, 21.572230781365302, 0.05971307726366218, 0.054717756175684716, 0.05191260816032126, 0.05017148556263603, 0.04479046735272014, 0.04384692841340109, 0.04353925928355477, 0.04336582518675748, 0.04479611506980603, 0.04738147785187577, 0.04685762556210767, 0.046262286717232266, 0.045947412243829325, 0.04842926700055869, 0.04851711359785288, 0.04813828191201611, 0.04759018684893307, 0.05082161492368889, 0.05654402066662705, 0.05612277750734965, 0.05542610973810853, 0.0549079671426259, 0.05903977529900106, 0.05870058717905666, 0.05776650034632888, 0.05690672190868342, 0.05704762021762348, 0.058815319244897336], "train_accurs": [], "valid_losses": [52.25429671151297, 39.95748775345938, 43.60135889053345, 38.570164748600554, 0.04982806818692812, 0.049065988577370136, 0.04981381293120129, 0.04863550786727241, 0.04810511487136994, 0.04501103353686631, 0.04456286847458354, 0.04421090630681387, 0.04399107905503895, 0.048686133132183125, 0.04824173543602228, 0.04786977827149842, 0.047553671790020804, 0.04648515947961381, 0.04970265728687601, 0.049556196900084615, 0.04909188526549509, 0.048725475457363894, 0.0602891479086663, 0.05842612311244011, 0.05866565927863121, 0.05858727231887834, 0.05994225998542139, 0.0651259861354317, 0.06388461949037653, 0.06385912599840335, 0.0653176523878106, 0.06654126330145768, 0.0676977398273136], "valid_accurs": []}