{"train_losses": [6.328592683824282, 6.332748996517646, 5.335637970891579, 3.432713203329258, 3.4280458354445362, 1.9106469469726401, 1.2706258662794, 1.2299073243898058, 0.5557878927657844, 0.5530983214340512, 0.46367051550950955, 0.3408520531165537, 0.3400897926123685, 0.22925032131255618, 0.19647997515226798, 0.18875355076379877, 0.14571265260339097, 0.14577627113019978, 0.15996423435629045, 0.1748086833567531, 0.17643856872168798, 0.23664487510052307, 0.24806544342369, 0.24578181941988608, 0.2414565154366077, 0.23989085878723512, 0.23184467796926145, 0.2240760304506809, 0.22449301189136883, 0.24277230139289582, 0.24646652003050482, 0.23941692499020112, 0.2235818176712624, 0.22287950970271908, 0.28790084308102015, 0.32683806539212584], "train_accurs": [], "valid_losses": [8.563346045357841, 7.633763287748609, 3.3570575501237596, 2.6735060598169054, 2.3010487130710056, 0.7369728524770055, 1.1054697313479014, 0.7030148442302432, 0.249828967664923, 0.3692812728030341, 0.4586880457188402, 0.2808691667658942, 0.2853838583188398, 0.16403621594820703, 0.11372414590524775, 0.08981396963021585, 0.15362620194043433, 0.09434993232467345, 0.12599429275308335, 0.33409627101251055, 0.31910242991788046, 0.25470199302903246, 0.5511649666087968, 0.20454052755875246, 0.12876241467893124, 0.2899414503148624, 0.1863114716751235, 0.15838221247707093, 0.11571034722562347, 0.23894102631935052, 0.17681754220809257, 0.14360790673111165, 0.18199513932423933, 0.20134517550468445, 0.23537835851311684, 0.24205491931310721], "valid_accurs": []}