{"train_losses": [74.45825383458202, 47.8281861516685, 47.48202335133272, 46.30221891618962, 24.600509969534446, 0.08415321814427279, 0.07636211465251931, 0.06985778139895713, 0.06845400162142326, 0.05242658435152127, 0.051057738462690586, 0.049648708073902724, 0.04767089365766598, 0.0470579968537815, 0.04481323664308404, 0.04475277784065558, 0.04376630970104113, 0.04388559052754379, 0.04424441291432305, 0.044054673710728395, 0.04374844287585349, 0.04352333946195663, 0.04320953191338082, 0.042982890047301534, 0.042441709434858005, 0.04245957669410096, 0.042381665096260034, 0.04209246263919373, 0.04199027459714477, 0.042099062462939936, 0.04193127017501927, 0.04248616838515883, 0.043850768837926074, 0.04403069472083679, 0.04384486013981282, 0.04390766805383415, 0.04382407512279792], "train_accurs": [], "valid_losses": [54.958756583077566, 47.73583664212908, 55.32119117464338, 46.243492467062815, 0.05189403738560421, 0.05167018645443022, 0.0508629780794893, 0.05099587009421417, 0.04976329719647765, 0.04274957360965865, 0.04288967748704765, 0.04249052710032889, 0.04225925166559007, 0.042497146275958846, 0.04247489248934601, 0.04233418787563486, 0.04216019346910928, 0.042166834397773655, 0.04411360641409244, 0.043818523275798986, 0.043810430714594464, 0.04358519969641098, 0.04346492859934058, 0.04346163281505661, 0.04328673050206687, 0.04330877836660615, 0.04324447300418147, 0.04313445626758039, 0.043003778073138425, 0.043062246670680385, 0.04313073566715632, 0.04557348325449441, 0.04561433099609401, 0.04569586037125971, 0.045574416572760255, 0.04549431089045746, 0.04524090227537921], "valid_accurs": []}