{"train_losses": [25.013015537779793, 23.314450876745163, 23.626301794569954, 23.6454291850733, 12.129548467143662, 0.04490905783531083, 0.044905459025782024, 0.0449095716345971, 0.04489318797642963, 0.0433080760778952, 0.043235626855519564, 0.04323226870437957, 0.043233135845765, 0.04317055207495978, 0.04314702964594326, 0.04311416875908143, 0.04311387879327277, 0.04313059586492194, 0.04305679662094127, 0.043059676025922484, 0.04305038567025602, 0.043042737868408, 0.04306223239682244, 0.04310352789297093, 0.04310266691264254, 0.04308926945392093, 0.04308315847760142, 0.042888878351625276, 0.042847877684390655, 0.04284277096879563, 0.04284390140055127, 0.04290839379897754, 0.043038996968974626, 0.04304299925399177, 0.04302571749323094, 0.043040696409324446, 0.042900589062954506, 0.04286658819090592, 0.042871839206716326, 0.042874752581793796, 0.042907134983772875, 0.04297040784267953, 0.0429375343134298, 0.0429602894780323, 0.04295955125107619, 0.04294144717040914, 0.042948525972091235, 0.042972532370679786, 0.04296896775670316], "train_accurs": [], "valid_losses": [16.678977421351842, 16.681949887956893, 16.68527156966073, 16.702688762119838, 0.04621642887858408, 0.046253070434821505, 0.04623451885501189, 0.046253386951450794, 0.04624311366517629, 0.044517674815974066, 0.044514537655881474, 0.044526303153751154, 0.04452184391474085, 0.044418728477986794, 0.04442411265335977, 0.044422427258853404, 0.04441703646443784, 0.04440681160693722, 0.044340669243995635, 0.04435619023362441, 0.04436199752879994, 0.04435957396136863, 0.04438419247578297, 0.04436548672882574, 0.044377930163006694, 0.04438530321099928, 0.04437331805404808, 0.04414536424779466, 0.04414222246435072, 0.04414745872574193, 0.04415340096290622, 0.044351403368636966, 0.04434742532404406, 0.04434426834008524, 0.04434676109147923, 0.044339993236852546, 0.04416656720318964, 0.04417222086340189, 0.04418507830372879, 0.044169373743768246, 0.044261818119723885, 0.044270808642197935, 0.04426237644760737, 0.04425833859880056, 0.044265099302200336, 0.04427235763120864, 0.044260936323553324, 0.04425696775849376, 0.044271471610824974], "valid_accurs": []}