{"train_losses": [0.3022736486579691, 0.28610988042105445, 0.24582764443266328, 0.1756098866068497, 0.17505658116369022, 0.20116744866525685, 0.21190852468843183, 0.21231861213448816, 0.22858215783717772, 0.22873828847887656, 0.22957008655266786, 0.23114257023999932, 0.2311417732644018, 0.22838779603914608, 0.22746967199066329, 0.2287835214858648, 0.23914381589681383, 0.23905568368851193, 0.23946566974359845, 0.2401436453970967, 0.2399326316302731, 0.23846247088578013], "train_accurs": [], "valid_losses": [0.16356507103357995, 0.11986893202577319, 0.16124315134116582, 0.17420333517449244, 0.1472486805702959, 0.16395788905876024, 0.21050434479756014, 0.22224075480231217, 0.2337267558489527, 0.2138348753963198, 0.2187675852328539, 0.24041355880243437, 0.21422551199793816, 0.24575065156178816, 0.19915737185095037, 0.21513505945248262, 0.22041984301592624, 0.227925552587424, 0.22016666696539947, 0.21713163943162986, 0.21708624437451363, 0.21865470308278287], "valid_accurs": []}