{"train_losses": [10.18621680369744, 9.173715983041271, 8.980906676922448, 8.907422259382532, 4.7679129600255195, 0.033983227451293986, 0.03362282115241251, 0.03315383860655972, 0.032609669959417026, 0.04162658102034983, 0.04088501287497816, 0.04023334326230967, 0.03954384933179455, 0.042419862777534116, 0.04768270785958249, 0.04662926712524298, 0.04636335719747646, 0.04587745960650131, 0.05665149433934446, 0.056863370848760614, 0.05591861713188806, 0.05514098863576737, 0.0619096848860855, 0.07401915895857962, 0.07307450259652208, 0.07197663417229286, 0.07045333823231281, 0.05694527393923356, 0.053737311581849245], "train_accurs": [], "valid_losses": [3.0118650666304996, 2.883810360516821, 2.6903218839849745, 2.4624369783060893, 0.0352919641549566, 0.03483479899088187, 0.033818344618859034, 0.0342793815569686, 0.03276473243853876, 0.04214658225620432, 0.04386181916509356, 0.041477731695132594, 0.041058299730398824, 0.04977155619833086, 0.05090666941500136, 0.05137487138355417, 0.049932338862812946, 0.05013542545826307, 0.06228693764257644, 0.06339207963485803, 0.06251994916237891, 0.06272223565195288, 0.08226648299023509, 0.08423933566414885, 0.08094298400517021, 0.08433632851977434, 0.08671370195224881, 0.06626750468941671, 0.06916059872933797], "valid_accurs": []}