{"train_losses": [0.764721066838476, 0.6748766425103624, 0.5933885882477955, 0.5292041065061793, 0.4456284095394126, 0.369987273243218, 0.32757685377317314, 0.2952999996518657, 0.26858345725957083, 0.22964401694849065, 0.2055608125159104, 0.1906639937968815, 0.17562580663221994, 0.16140824536122889, 0.14678054248989977, 0.13825715050033854, 0.13050042558040015, 0.12455513729498936, 0.11482207156818916, 0.1104859713616684, 0.10415212320357696, 0.10158685771790565, 0.09597910160190379, 0.09173432800800822, 0.08898989494670839, 0.08619117937408961, 0.0844863101637741, 0.08073158488014705, 0.07785171643742339, 0.07679005138306326, 0.07500380291961707, 0.07335172065141783, 0.07135215033334574, 0.06990145257256959, 0.06867746980144428, 0.06769498125797484, 0.06576505686025813, 0.0654000710797121], "train_accurs": [], "valid_losses": [0.06875041100595679, 0.06909544985475284, 0.06912582560575434, 0.06908560610775437, 0.044143305625766516, 0.04439899890816638, 0.0442688043362328, 0.04450228118470737, 0.04435622585671289, 0.042055257596075535, 0.04222351668535599, 0.042192951742825766, 0.0423244248876082, 0.04200727376155555, 0.04190486539820475, 0.04195061402528414, 0.041960410441138914, 0.041893035073631575, 0.04273273084046585, 0.042682616705341, 0.04269865906930396, 0.0426381429590817, 0.043028569248105795, 0.04301461600698531, 0.04299704567529261, 0.043033706390165856, 0.04306221181260688, 0.042633877734520605, 0.04264844561527882, 0.04266201451952968, 0.04262435828734722, 0.043486936882670434, 0.043477987870574, 0.04344890735644315, 0.04344817859652851, 0.04345742792689374, 0.043500473157369664, 0.04348087470446314], "valid_accurs": []}