{"train_losses": [270337.99847280927, 87274.19113228224, 120566.68756186368, 241576.83007370617, 132693.71390253818, 89589.70343431844, 254226.52789610435, 315168.91325827205, 183134.28935635253, 292491.6809954751, 315068.20121606335, 264001.4936545532, 279381.87513256504, 250682.02033547795, 471960.9686085973, 354614.61162860575, 318297.95867063774, 390987.33257918555, 281147.0964278139, 359653.04434742645, 378647.43702276587, 499586.1823388009, 484729.62888857466, 485112.5712669683, 522704.4220782664], "train_accurs": [], "valid_losses": [46275.310756138395, 81794.1964983259, 89369.06905691964, 87252.1941266741, 15050.517299107143, 90272.27511160714, 464134.43805803574, 37893.339076450895, 61185.52772739955, 74252.51764787946, 140426.2025669643, 30280.104875837053, 101171.53264508929, 111480.93233816964, 449975.21149553574, 88745.7380719866, 78861.30426897321, 409247.85100446426, 75617.74180385044, 303778.1007254464, 184798.7734375, 661519.2985491072, 2094733.377232143, 127387.47446986607, 985651.0044642857], "valid_accurs": []}