{"train_losses": [47.32616651373566, 35.81993624016091, 28.803035819341265, 5.623332298937298, 5.543336573731962, 3.5757416671230677, 2.7275296014452737, 2.6209134409036587, 1.633022169429789, 1.6109882443354875, 1.5829767567455453, 1.5553760567985515, 1.5458253852274053, 1.4682138201893953, 1.438702094334143, 1.4270188915666449, 1.341341403584001, 1.3407422918333578, 1.2438566743854493, 1.1488637414874223, 1.1340036825055169, 0.9140128782659611, 0.8659148562364477, 0.8462566429423908, 0.7735918695649142, 0.7723023867796338, 0.6897229160029421, 0.6236577618216711, 0.6192378756151629, 0.5911931117612218, 0.5846264344989938, 0.5758049784514009, 0.5496023855906315, 0.5460855639564297, 0.5430462495990531, 0.5383134027795186, 0.536820450984927, 0.48901731536659615, 0.4840536903215464, 0.5031300014840863, 0.5433016625977067, 0.5405779284223047, 0.5990854507243192, 0.6242995921266142, 0.6217954543532518, 0.6356871431624448, 0.6305946252018055, 0.6190892164275129, 0.6134841579687659, 0.6097061901732728, 0.556010208669163, 0.5374728176328871, 0.5251371048036075, 0.45769926704584607, 0.4556503293730279, 0.4784222460061154, 0.5082568818772281, 0.5046976859528551, 0.518075865846147, 0.5204052905399332, 0.5256352103734142, 0.5751561429844332, 0.5733268803783825, 0.5521813854180947, 0.5270977047858415, 0.5255749047039047, 0.5614434880790887, 0.5621719535775286, 0.5745944337002815, 0.6274349819967355, 0.6267186667001436, 0.6187114279185023, 0.6085424641216243, 0.6039687289447381, 0.5701773602259222], "train_accurs": [], "valid_losses": [11.523937617029462, 13.116227098873683, 2.8977760523557663, 2.1776076619114195, 2.2884700191872462, 1.5921122123088156, 1.4097051684345518, 1.0257010800497872, 0.9954431535942214, 1.3128924816846848, 0.7489614901798112, 0.8175839292151588, 0.8684622911470277, 0.8590300370539937, 0.9372540754931313, 1.0908183721559388, 0.882422183241163, 0.7507764042488166, 0.7715495963181768, 0.8087922504970005, 0.6740562128169196, 0.5629631142531123, 0.588464444237096, 0.664537213742733, 0.6924175939389637, 0.6137155587119716, 0.5301444631602082, 0.5186565752540316, 0.4334176837333611, 0.4157836618168013, 0.4981663722012724, 0.5068666376173496, 0.4698340727814606, 0.3878758427287851, 0.5282229664070266, 0.5391288947846208, 0.404753534921578, 0.37680684136492865, 0.44535163949642864, 0.5283618095730033, 0.41225109302571844, 0.4613308890589646, 0.5935643826212201, 0.5350450873374939, 0.5559954877410617, 0.49270342183964594, 0.5905921368726662, 0.5296312368341854, 0.5073750700269427, 0.49791054374405314, 0.38291665060179575, 0.3922969355647053, 0.38167047447391916, 0.41758138846073833, 0.3605854442077024, 0.5957917980849743, 0.41835530368345125, 0.49933628950800213, 0.40631665023309843, 0.4861444319997515, 0.6422678077859538, 0.4528728201985359, 0.4574946106544563, 0.4607324908886637, 0.4723296176109995, 0.47719745178307804, 0.5525849339153085, 0.4557716154626438, 0.5412965624460152, 0.5805913311030183, 0.5731675550341606, 0.5144360241081033, 0.6898712377463069, 0.580062495810645, 0.5173980311623642], "valid_accurs": []}