{"train_losses": [14.800984828402756, 14.82127477504589, 11.614245477807584, 5.572645407505136, 5.590039261434444, 2.289025130410674, 0.8477350638972388, 0.7742535244062464, 0.6002089198304232, 0.5880254461730599, 0.6817372490568135, 0.7976912815892507, 0.8031892788315577, 0.986532566645158, 1.069367471510771, 0.9941605370511454, 0.48783776641049714, 0.5264950375314112, 0.5404079023098188, 0.6480128651573545, 0.6406698265955562, 0.3721206110838071, 0.29680619244931866, 0.3357728197677899, 0.5072186642853671, 0.4866555499494391, 0.4423041690200094, 0.46594743874101413, 0.4001082839868056, 0.6733399673350273, 0.7060911341634377, 0.7908590398137532, 1.0861040773215118, 1.071028803785642, 0.6636315809079895, 0.38597213271906766, 0.49263437159320034, 0.9231173742621664, 0.9464437913484675, 1.081808324765276, 1.3660142893198306, 1.3663957768647128, 1.0267409561645418, 0.8425039246914878, 0.8491884786339979, 0.3193522979598985, 0.31762121008738636, 0.29534262172365316, 0.2525681686641836, 0.25096774669906136, 0.3468194852075564, 0.393944628083359, 0.38044027775210676, 0.3341729668358331, 0.32915523065815844, 0.4354964165342233, 0.5724442705275521, 0.5860271344266871, 0.4006575601638625, 0.34051760469400694, 0.3806661785082527, 0.6563607854029488, 0.6522900297370537, 0.5890742450479477, 0.5154882503091973, 0.554995653608804, 0.33659940539174293, 0.2918823027993163], "train_accurs": [], "valid_losses": [7.4585268412317545, 27.11585831642151, 6.382330928530012, 2.1700601620333537, 6.943066596984863, 0.427131357469729, 0.23958951740392617, 0.3145648480526039, 0.9082679046051843, 0.17455785109528474, 1.3617724414382661, 1.7723341413906641, 0.7900330711688314, 1.1913259625434875, 1.5884660184383392, 0.32905891058700426, 1.722055686371667, 0.4687322665538107, 0.22154375591448375, 0.9091725168483598, 0.21235919956650054, 1.0733455760138375, 0.17939829586872033, 0.8727024782981191, 0.548818017755236, 0.22647881268390588, 1.506540556039129, 0.503396140145404, 0.1386052549683622, 0.7324043831654957, 0.9921472487705094, 1.860066871557917, 0.6401900776794979, 1.9710854653801237, 1.1786396546023232, 1.592227233307702, 0.42513431927987505, 2.78086872611727, 1.7800778938191277, 2.749550155230931, 3.1709524989128113, 2.7491487520081654, 1.585368927036013, 0.26985468103417326, 0.07669514284602233, 0.11443873481558901, 0.08047723650400128, 0.04612422012723982, 0.049193581366645436, 0.04855599600289549, 0.9669321743505341, 0.12229894939810038, 0.9224351921251842, 0.2415792401880026, 0.13682979890810593, 0.7320642694830894, 0.43193518849355833, 0.5246700883976051, 0.14292312759373868, 0.2767923269420862, 0.6543026342988014, 0.5556703731417656, 0.6161364199859756, 0.26622785441577435, 0.21653359915528977, 0.8877908385225705, 0.07189075209732566, 1.008378943162305], "valid_accurs": []}