{"train_losses": [104.50486266882712, 65.96657664959247, 41.07417198112108, 28.443543371571675, 14.206072154088258, 1.5547379485891955, 1.2106750601422194, 1.1033315777913477, 1.0851703112211701, 0.6853757885988482, 0.6049397428650661, 0.576502099734356, 0.5430997708871353, 0.4706375134341857, 0.411679023868358, 0.4019292815171216, 0.3897238622052907, 0.3669663074666558, 0.3159474475958229, 0.2936209479338443, 0.28022835171060867, 0.2724894314363801, 0.25321466485839084, 0.2257340675498026, 0.2189640482019515, 0.20632384990540026, 0.19671503171257304, 0.17903641611337662, 0.17114729880949492, 0.16475646813058745, 0.1568401050311408, 0.15118440935110075, 0.13808412068603534, 0.13579443924769558, 0.12988914621833764, 0.1268449151020379, 0.12037540785125478, 0.11506922369426732], "train_accurs": [], "valid_losses": [18.72384912627084, 17.665857519422257, 16.047563808304922, 15.623915059225899, 0.206708939413407, 0.12054646141561014, 0.11841308565012046, 0.08600837141940636, 0.10150096266131316, 0.048509498426158516, 0.04781135850186859, 0.05358654074370861, 0.04539399540850094, 0.04529806296341121, 0.04419332270377448, 0.04398088642795171, 0.04626086826569268, 0.04293906884933157, 0.047680072320093005, 0.049159703111009936, 0.04917792423761317, 0.04982247659271317, 0.04639779560134879, 0.04475001395413918, 0.045990018806021125, 0.04526767330909414, 0.04513473003836615, 0.04549851221963763, 0.04467134676607592, 0.04437326137641711, 0.043856878798188906, 0.04567651533787804, 0.04543129630785968, 0.0441048001937036, 0.043598215760929246, 0.04415933325487588, 0.04369835306092033, 0.04438172590120563], "valid_accurs": []}