{"train_losses": [0.21066548496619608, 0.13488754719428347, 0.10901009431319539, 0.09738922867569988, 0.07153485122039847, 0.04603449997757625, 0.04260212962612577, 0.03968197679172409, 0.03722238792654346, 0.04716820982853751, 0.0468076899167302, 0.046055464204653625, 0.045265947755139604, 0.04470206825357621, 0.04555243000017302, 0.045132907638452714, 0.044518404581259545, 0.044281288534739977, 0.04474086859748105, 0.04448262252318104, 0.04438449562910725, 0.04418581099632908, 0.04411537155542708, 0.04412465642851133, 0.04405983171227696, 0.04384416911531897, 0.04381654899971922, 0.04313900696358125, 0.04294040185985117], "train_accurs": [], "valid_losses": [0.046942918262045295, 0.04762458046233015, 0.047204800781660845, 0.047099424326526265, 0.028270607930608094, 0.02815650386868843, 0.028201464713285013, 0.028109051386958787, 0.028012741224042008, 0.04109604709914753, 0.0409772135982556, 0.04095378907264343, 0.040850608775924356, 0.04270941684288638, 0.04277006939186582, 0.042672509560361505, 0.042657993567575304, 0.042682599109996645, 0.04360811139589974, 0.04368525344346251, 0.04360517001311694, 0.04361581097223929, 0.04375361321893122, 0.0437427847978792, 0.0437712172445442, 0.043737149597810845, 0.04378639570703464, 0.04318545698853476, 0.043188277133075256], "valid_accurs": []}