{"train_losses": [0.17285092679596453, 0.16753465706906306, 0.18200002911269034, 0.2178439648339042, 0.21489217355058937, 0.23470495927034232, 0.24103636377387577, 0.24054980417959904, 0.2555555872343205, 0.25320654425513806, 0.25405759760548197, 0.25446953409642137, 0.25366588303494075, 0.2551553872606111, 0.2544249735930294, 0.25437577222547836, 0.25700468327554443, 0.255956387985005, 0.2560450324108676, 0.2564183449737294, 0.25630261567692275, 0.2539299178533453], "train_accurs": [], "valid_losses": [0.056938150099345615, 0.05677692785060832, 0.11688218545168638, 0.12233692913183145, 0.11896599962243012, 0.15443197557968752, 0.15399976181132452, 0.1696218584797212, 0.17093001705195224, 0.17700258589216641, 0.18316028533237322, 0.1851043286068099, 0.18547755692686355, 0.18548855291945593, 0.18931965662964753, 0.19425732775458268, 0.1888519192912749, 0.19751843144851072, 0.2025292002196823, 0.20058380200394563, 0.19907431277845586, 0.20288799277373723], "valid_accurs": []}