{"train_losses": [92.21849233637411, 91.39109864815202, 61.093856005126206, 2.6346110015634507, 2.4071477556985523, 0.7460140256832043, 0.10991810637196063, 0.10099982200239702, 0.05398881079619208, 0.05358278775025928, 0.08206531888849679, 0.12121213989322463, 0.11985892869492687, 0.16444276096841332, 0.17741792101077933, 0.18611797065567717, 0.2606817857613639, 0.25883861989886675, 0.27331178694490404, 0.2899780075740877, 0.28812265427655015, 0.31215601367136786, 0.31686443912367973, 0.3197314798358887, 0.34821019250722157, 0.34626514066464054], "train_accurs": [], "valid_losses": [34.85942728178842, 30.051307814461843, 0.9942674817783492, 0.906004032918385, 1.1398636624217033, 0.023055484202424332, 0.026135481661185622, 0.03195967096170144, 0.04065527567373855, 0.03925826886136617, 0.11370668028082166, 0.10925448167004756, 0.11191365215927362, 0.13672449945339135, 0.17069376393088273, 0.24061114341020584, 0.19942199891167028, 0.23363684889461314, 0.21569994810436452, 0.23099919381950582, 0.20550684151904924, 0.288713574675577, 0.24141559403921878, 0.3009528789137091, 0.2253987163837467, 0.25000085681676865], "valid_accurs": []}