{"train_losses": [13.85462171186215, 14.012808223880787, 8.954890116832402, 0.07289602015679948, 0.06525259798087141, 0.11045926853166844, 0.1136801949450894, 0.10048040502739174, 0.13249262877636486, 0.11181120954394813, 0.12866939485526432, 0.1474876618160615, 0.1275732240210923, 0.17104040705180043, 0.15404399133548535, 0.14658032568595397, 0.17671435899421495, 0.14308183680648212, 0.1605874290394168, 0.15410632490323334, 0.13488075672279273, 0.16870362233745043, 0.14462638957297833, 0.14969215633731986, 0.17472800021133725], "train_accurs": [], "valid_losses": [0.4359208568930626, 0.5885907294494765, 0.06015233076842768, 0.08221455996057817, 0.056659890937485864, 0.15607760434171983, 0.15776289773306676, 0.21096038911491632, 0.17260639821844442, 0.20658103815679038, 0.28595649105097565, 0.22245300082223757, 0.17960861112390245, 0.24729088693857193, 0.24466213091675723, 0.2384166161396674, 0.21690165038619721, 0.2758254243859223, 0.2509688548743725, 0.22060937993228436, 0.19235626036035164, 0.26817059091159273, 0.2605237888970545, 0.2308545477156128, 0.2679503424359219], "valid_accurs": []}