{"train_losses": [0.5110625087270909, 0.2287874650631555, 0.16969986130142103, 0.15108731381460283, 0.10119196063337418, 0.050350848256665116, 0.04721159249021591, 0.04491638941311054, 0.04387707208869009, 0.04603572997235065, 0.04532835565979394, 0.04442251471558173, 0.04436881814101433, 0.0442882097911983, 0.04446388386206794, 0.04422676928627949, 0.044027432441138305, 0.0439936973584386, 0.04402468871426393, 0.04389267847599352, 0.044049657021577544], "train_accurs": [], "valid_losses": [0.023970814920695766, 0.02483721506515784, 0.024336924161096767, 0.02412341451937599, 0.03760972881822714, 0.03770358950298812, 0.03760608345536249, 0.03763052189190473, 0.037677178791325004, 0.04250091261097363, 0.0425501966050693, 0.04251726224486317, 0.042519104234608154, 0.04348441642442984, 0.043476296622040014, 0.04348443870964859, 0.043478721154055426, 0.04349011059717408, 0.0439414649403521, 0.043976593030882735, 0.04397407313808799], "valid_accurs": []}