{"train_losses": [0.2496671671410222, 0.12976342990016776, 0.127220104536994, 0.12447765427831206, 0.0824543722395309, 0.03683338809455008, 0.03670553774973251, 0.036750481830598, 0.036481444395202046, 0.04251570346853717, 0.04279937416871344, 0.042873355189161334, 0.042941546050738966, 0.04361838467284295, 0.04511775123798267, 0.04512800500892541, 0.04506481635253624, 0.04501248384526682, 0.0447636721740009, 0.04483315416472665, 0.04459974530039195, 0.04468655799899031], "train_accurs": [], "valid_losses": [0.03215678420383483, 0.030980789651429013, 0.03128968129333641, 0.032228666524003656, 0.03651364413755281, 0.036526828821349354, 0.03654099754723055, 0.036743767193651626, 0.03656743869318494, 0.04327678238041699, 0.04305939788797072, 0.04315191274508834, 0.043104370922914574, 0.045498793778408854, 0.045577394077554345, 0.04547052547734763, 0.04544153340559985, 0.04543981318628149, 0.045948059065267444, 0.04508086769575519, 0.04518356663174927, 0.04525220773315856], "valid_accurs": []}