{"train_losses": [0.1877743739685322, 0.15698883059641086, 0.15455746428189773, 0.15737921136064767, 0.10173148816510429, 0.039898396617147176, 0.039806492297964936, 0.03983150696491494, 0.03962186192967233, 0.046364122782559955, 0.046644375967156836, 0.04638535665912866, 0.046330190065624485, 0.045877260286613826, 0.04524105868188504, 0.04524699916717558, 0.04514189554605953, 0.045044397025019334, 0.04300179954078807, 0.042788064916411676, 0.0426654301128641, 0.04272570528039431, 0.04286356891475921, 0.04316746454466792, 0.043085757862119115, 0.04311306008066122, 0.04314509058177336, 0.04342019611472323, 0.04349195279551847], "train_accurs": [], "valid_losses": [0.0837800960455622, 0.08365258993580937, 0.08233643768887434, 0.08435016211920551, 0.039955733343958855, 0.03939772260907505, 0.03970212525954204, 0.039373697114310095, 0.03925503241563482, 0.04676255773353789, 0.047104177896731665, 0.046912161666633825, 0.0467079946704741, 0.04581268151689853, 0.045828010487769334, 0.04581776474203382, 0.045816867312948616, 0.04604200223859932, 0.043550028665257354, 0.043782922539061735, 0.04422262320960207, 0.043532406545377204, 0.0442932892391192, 0.044038285102163045, 0.044045611816857545, 0.04406850395857224, 0.044033863847809177, 0.04442225057365639, 0.04455403471365571], "valid_accurs": []}