{"train_losses": [91.13940322209918, 85.97048432990988, 60.08074479759055, 7.840871781268448, 7.717671101370817, 2.3968926644021713, 0.057279480712379885, 0.06033741744609658, 0.07411485080602308, 0.07282283234474048, 0.10294605577709498, 0.14484226351810825, 0.14352165215781756, 0.20056145222335264, 0.21718112785349447, 0.22310390997500645, 0.2807891049752475, 0.27841736198890776, 0.3063970335498058, 0.3363126979145423, 0.3472629090544408, 0.37830671332973653, 0.3778383169697706, 0.3875810008042704, 0.4322354504197994, 0.430232549194621], "train_accurs": [], "valid_losses": [37.340273244040354, 48.790997300829204, 1.6616306911621774, 1.7768537029623985, 0.9259914287499019, 0.01576107947455187, 0.019146989083050618, 0.06793988256582192, 0.05110508270029511, 0.059636076114007404, 0.12409680669328996, 0.13828262633511, 0.13602124700056656, 0.22407562977501325, 0.21223128427352225, 0.2903378573911531, 0.2535157836973667, 0.2773363994700568, 0.3293346273047583, 0.33532653882035185, 0.31213328668049406, 0.27950239021863255, 0.27020546501236303, 0.2956923557711499, 0.41068480536341667, 0.25029682740569115], "valid_accurs": []}