{"train_losses": [80.47617253803071, 70.01007892971947, 53.259121515763496, 28.093543251986226, 25.790520789131286, 14.68960129836249, 10.242355038249304, 9.351748280108922, 4.059498421256504, 3.6745762733555343, 3.298418074215531, 2.5726930171882034, 2.452439479175068, 1.870767218174127, 1.616063780254788, 1.4747701187140096, 0.877748822625825, 0.8264151159181166, 0.7883774115452691, 0.7290781685914943, 0.6890023877775228, 0.5554245345728107, 0.5032199850039822, 0.4663154407547265, 0.3866299834279787, 0.36429358872944717, 0.34825896223386127, 0.32527861227749516, 0.3061103489860971, 0.3061059406076474, 0.28445585263232703, 0.27741916207645934, 0.28185327219032735, 0.2630037552622891, 0.2642378108625216, 0.24920411705576553, 0.23492577926270544, 0.28868762139605464, 0.2647524863560364, 0.26165754807294994, 0.25188452851953647, 0.2315483439181532, 0.255895408619412, 0.24582319265162503, 0.230247854762686, 0.2713892813476305, 0.24460176765800468], "train_accurs": [], "valid_losses": [30.61349388531276, 21.78234394959041, 14.901271036693029, 12.407468633992332, 11.818362372262138, 5.3774600837911875, 5.107116362878254, 1.4545671692384141, 1.5036285721829958, 2.01096509290593, 0.9855156881468636, 0.9783912567155701, 1.0391837608601366, 0.7150401159056595, 0.6319570983094829, 0.37501881723957403, 0.3519041900123869, 0.4360268592302288, 0.5011018802012716, 0.4909052758344582, 0.4799732395580837, 0.325025844254664, 0.28561772539147307, 0.23386866253401553, 0.2643815680806126, 0.2455517931708268, 0.1909719200006553, 0.20030561022992646, 0.20534834891025508, 0.29897463587777956, 0.2656993480133159, 0.2796131832791226, 0.21630558198583977, 0.2488482929766178, 0.24965128329183375, 0.25395041331648827, 0.22718216132904803, 0.2495953988816057, 0.24797952813761576, 0.20647013666374342, 0.23238401035112993, 0.2818688244691917, 0.28148684757096426, 0.2568073844803231, 0.36683518891888006, 0.3181024619511196, 0.3479234496397631], "valid_accurs": []}