{"train_losses": [0.2986096544437623, 0.25629518533904083, 0.23706557225219158, 0.20125909325070482, 0.19072974230798465, 0.22086266414434821, 0.2284260122943177, 0.2235153100241429, 0.25476330510838324, 0.24956994099670618, 0.2550550223224693, 0.2633174164861283, 0.257092015393985, 0.2600545002709305, 0.25875048918856514, 0.26056947373839284, 0.2660567038667896, 0.26394211502854154, 0.26207503778909247, 0.26130072094460643, 0.2596648365022644, 0.25614401666575637, 0.2542107828434498, 0.2535716616326854, 0.2540739304607823], "train_accurs": [], "valid_losses": [0.03565308534806328, 0.03384273908367114, 0.02492796489968896, 0.024700556815202748, 0.023920757296894277, 0.08778277239097017, 0.09000423404255084, 0.11675236094743013, 0.1303676070113267, 0.13413782204900468, 0.159562349319458, 0.1547876423490899, 0.16093537637165614, 0.17452240043452807, 0.1727902851998806, 0.18198170326650143, 0.18191929933215892, 0.18125896102615766, 0.18606844970158168, 0.18651774898171425, 0.18377377358930452, 0.18965280029390538, 0.18899647492383206, 0.1936401275119611, 0.1917461132896798], "valid_accurs": []}