{"train_losses": [213.0399337647453, 189.96432471906067, 137.74895765415576, 40.416464901475045, 38.748749521043564, 15.32397351000044, 4.88420848051707, 4.39934707941517, 1.462662852315045, 1.412510905868162, 1.2331074316192556, 0.96820152002983, 0.9475618856293815, 0.7918106788207614, 0.7194219120438137, 0.6945820314385903, 0.596758423737748, 0.574233137938396, 0.5338533279047442, 0.48848437395676103, 0.4727061313217279, 0.42855464615834454, 0.41419488589757336, 0.402776829326752, 0.3734505959643573, 0.36895578748807706, 0.3578803164184724, 0.34400311660356625, 0.3394587542960253, 0.33090241142997034, 0.32771208243710653, 0.32465709844436597, 0.32028400440695426, 0.31850587610135633, 0.3179565816920586, 0.31621495685564777, 0.31439745475454306, 0.3172308233561655, 0.3148647777775608, 0.314786574571694, 0.3107972415903258, 0.3101957952061658, 0.3137253936005648, 0.3134989496419039, 0.3145245310096514], "train_accurs": [], "valid_losses": [126.52633585248675, 107.98154667445591, 23.818945493016923, 16.71221193245479, 14.52741311277662, 1.851242178252765, 1.7504066239510263, 0.6495731973222324, 0.5476123964680093, 0.5304667345647301, 0.3911397491714784, 0.36964103632739614, 0.3549936903374536, 0.2912127838603088, 0.2814200682831662, 0.25243214464613367, 0.2286348587700299, 0.22896842738347395, 0.20380974294883863, 0.20778811510120118, 0.20070353416459902, 0.19205542906586612, 0.19135304846401727, 0.19589392149022647, 0.18608749258731092, 0.19058485382369586, 0.18825299106538296, 0.18906005259071076, 0.18908921921891825, 0.19106829538941383, 0.19126454261796816, 0.19870518547083652, 0.1977819592825004, 0.20434288228196756, 0.20801257022789546, 0.20418582830045903, 0.20985719774450576, 0.21890312353415148, 0.2158889938145876, 0.21086860155420645, 0.22167948367340223, 0.212584329236831, 0.22095063089260034, 0.2264487376170499, 0.23452354967594147], "valid_accurs": []}