{"train_losses": [1.7353457740099025, 0.9678402967632763, 0.861452191102284, 0.20913252163501012, 0.19154188447883205, 0.258857673556401, 0.285489293869841, 0.28518186913675103, 0.6280271423951028, 0.36330319891767526, 0.6869632033286271, 4.092353508428291, 0.7547899140291429, 0.4775382012680725, 0.36551783856733766, 6.303918913676941, 22.547358118037067, 20.192521090229985, 11.534552088647922, 3.2974967967580864, 2.649989672911861, 0.7914283177396529, 0.1800271021990628, 0.18648153077071858, 0.02863177036245664, 0.18611653807952447, 2.771578348635957, 0.7725736819178103, 0.10170286721377461, 0.2593322720368782, 0.27406041519272895, 0.2998723667607736, 1.4775506690065696, 0.39974502442532744, 1.0677221690417913, 1.6240333489797734, 11.460667353379664, 4.6620551396417556, 1.9564289803069734, 2.0830448479909034, 1.46767909196575, 0.7060728095664036, 0.6244144778743032, 0.4638434997981503], "train_accurs": [], "valid_losses": [0.384329104796052, 0.23797506719295466, 0.1495721149923546, 0.15515488958252327, 0.13581349181809596, 0.1858075221202203, 0.2609129883348942, 0.33618827323828426, 0.40836326671498163, 0.2749793359211513, 0.3059616642338889, 11.227420879261834, 0.18335131449358805, 0.266908594008003, 0.29472171009651255, 30.887134790420532, 7.122223334653037, 6.601104821477618, 2.8156079139028276, 1.3215742728539877, 1.2694003571357046, 0.0869100515597633, 0.024417864549572448, 0.012417692341841757, 0.01576739817392081, 0.07884980365633965, 0.41854362322815825, 0.049197556850101264, 0.10125109872647695, 0.11025241702528936, 0.10571554569261414, 0.27714930368321283, 0.34446934717042105, 0.19077105394431523, 0.3885188597653593, 1.036071762974773, 4.115833648613521, 1.136307478483234, 0.8171920817611473, 0.2569379959521549, 0.09675055145219501, 0.31207511557399165, 0.3343258199415037, 0.2725399672718985], "valid_accurs": []}