{"train_losses": [0.3896383597637733, 0.3437576035703469, 0.34318350063325054, 0.33954589372306926, 0.20049391648989187, 0.05164723611558994, 0.05115541290677241, 0.050446969604465215, 0.049531975841124405, 0.046406574454579956, 0.04598349028970726, 0.045402458434865484, 0.04521024891289111, 0.04785298700634036, 0.051406637129133646, 0.05077413618311758, 0.050399208251740865, 0.0498354407490918, 0.05293012687270593, 0.052622463101125005, 0.05215446865481084, 0.0518540928216137, 0.054850732195465005, 0.06018175376048185, 0.05938233930735567, 0.058749518344574925, 0.05836909741365532, 0.058129083344131305, 0.057832145203764625, 0.056950966026886825, 0.05709391003011039, 0.055898138220797026, 0.05459967741481454], "train_accurs": [], "valid_losses": [0.34858580359390806, 0.3425621571285384, 0.34507305547595024, 0.3384955200765814, 0.05238645274325141, 0.05142532841169408, 0.05184517567977309, 0.05086180181907756, 0.052514956665358374, 0.047607209866068194, 0.04804450256883034, 0.047570465764562996, 0.047415996702121835, 0.05486223487449544, 0.055365167857546894, 0.056084978294425776, 0.054882396112329195, 0.05586795528818454, 0.05910176584231002, 0.05871332050966365, 0.0584427652148796, 0.057868235877582004, 0.0668322485871613, 0.06699674616434745, 0.06947683735883661, 0.06732715746121747, 0.06681139301508665, 0.0689977844511824, 0.07273995244343366, 0.06899877890412297, 0.07137662129077528, 0.06505800554129694, 0.06996181826772434], "valid_accurs": []}