{"train_losses": [0.22841211988851823, 0.16828077685620105, 0.12749724753358693, 0.07845987392362778, 0.07328349599250095, 0.11756338882777426, 0.1352716753328288, 0.1371530655219599, 0.18295746696767984, 0.18232712740935977, 0.19343840453044447, 0.21034547209582, 0.21006500062646058, 0.2169832254725474, 0.21928827521741076, 0.22040829190580302, 0.2278887394362341, 0.22766784535198614, 0.22848459802292012, 0.22939114402683955, 0.22904794889861946], "train_accurs": [], "valid_losses": [0.018577119036178504, 0.022305461461655796, 0.033020161192065904, 0.035088702371077876, 0.03788437408262065, 0.11552497584904943, 0.11235049672956977, 0.15669683872589044, 0.1703020121370043, 0.15995197956051146, 0.19029894338122436, 0.1938025195683752, 0.1963497663715056, 0.20848672783800534, 0.1980761449251856, 0.21171778440475464, 0.2166777170662369, 0.21065926578428065, 0.21928201296499797, 0.22243357423160756, 0.21136401540466718], "valid_accurs": []}