{"train_losses": [0.4468161857505729, 0.4013181518915012, 0.39888571057788924, 0.39904211539084017, 0.236488993022574, 0.05116332425605253, 0.05021141809558841, 0.04924139446616847, 0.048672279932987096, 0.0428833930217977, 0.041834234898463225, 0.04147986843086341, 0.04097766180130826, 0.0471577296176782, 0.05540630155205052, 0.05474679809215382, 0.05449012418728474, 0.054014404363323394, 0.052608619334504884, 0.051326519417749274, 0.050841626079070355, 0.05065050949995739, 0.055203004786534005, 0.06227355114525664, 0.06213982402014112, 0.06168111044559543, 0.06071056950230539, 0.06745850124999005, 0.06783041494953282, 0.06714110620050139, 0.06674537104364839, 0.06558830739416148, 0.06270097050293269], "train_accurs": [], "valid_losses": [0.40645346098712515, 0.3935933666569846, 0.3888820404452937, 0.38930509399090496, 0.05420011884000685, 0.052547066871609004, 0.05133768191028919, 0.05125965863200171, 0.05356467994196074, 0.043665225650849085, 0.04306102194823325, 0.0439493231076215, 0.04287047467992774, 0.05921891481349511, 0.06042358189422105, 0.05873886535742453, 0.05956607208853321, 0.05978167136865003, 0.05476177813086126, 0.055065710396905033, 0.05666093960670488, 0.05494674760848284, 0.07077838646780167, 0.07107607401641351, 0.06858239329553076, 0.07036306742312652, 0.06925074869234647, 0.07756311752434288, 0.08201951074547001, 0.08081718940021736, 0.0786219984292984, 0.0752470470033586, 0.07674428015681249], "valid_accurs": []}