{"train_losses": [105.76110326171552, 95.86406847030398, 85.33923073925038, 66.5899044824025, 62.64987205323719, 52.84733484157179, 46.64582681403589, 42.99748775189516, 34.872976976727685, 31.955166748591832, 28.151037935226682, 23.686027756443732, 21.73794662510907, 18.01483930860247, 15.702924720824711, 14.191822782395379, 11.072988226300193, 9.99097969481554, 8.375435625434552, 6.780438499791281, 6.270622264771235, 4.744329347181573, 4.131792863210042, 3.7432044848563177, 2.865456096078984, 2.678743107766701, 2.258128426693104, 1.9080647516345222, 1.8692299088946096, 1.5455965674901135, 1.5001330424553503, 1.424082691658032, 1.3220754959595897, 1.2890134034727616, 1.2393910309703893, 1.197052777325981, 1.176195409168642, 1.1348924642359768, 1.1264385763141844, 1.1000833024502432, 1.0671442584307105, 1.0673335558049892, 1.0539135356586447, 1.0281399739561257, 1.0294926390051842, 0.9983843520835594, 0.9960092946335122, 0.9671832325439604, 0.9515666740123557], "train_accurs": [], "valid_losses": [68.25820214407784, 55.37280239377703, 30.98976182937622, 22.35907449041094, 20.255516631262644, 9.023493247372764, 7.431163438728878, 4.514004762683596, 2.7770411308322633, 2.296870787228857, 0.952790342271328, 0.8307139218917915, 0.7257901132106781, 0.40244268040571896, 0.39755847065576483, 0.2555622768455318, 0.25922726028199705, 0.24981118578995978, 0.20366258240704024, 0.19195270631462336, 0.17943618446588516, 0.16436391377023288, 0.14020046039617487, 0.10644918966240116, 0.10937479444380317, 0.09593244149748768, 0.10414487875199743, 0.08990080022652235, 0.08815827007804598, 0.10076481882216674, 0.10339397897145577, 0.11087029241025448, 0.10992109130269714, 0.10676682920062117, 0.11730514859248485, 0.12115878718239921, 0.12156992565308299, 0.13146700630230562, 0.13666993286460638, 0.1432283494089331, 0.14592895710042544, 0.1445809973935996, 0.15186310945344822, 0.1534171760348337, 0.15679167796458518, 0.15918581813041652, 0.1605460706299969, 0.16112839137869223, 0.15944558382034302], "valid_accurs": []}