{"train_losses": [37.95089021743153, 36.554012031037345, 36.19542480054484, 35.218196525832646, 18.346120569014257, 0.02170671340777661, 0.021722400550439752, 0.02169316670566595, 0.021657384733977093, 0.03852719155759698, 0.03929935401617402, 0.03925352855016608, 0.03915163151902985, 0.040357138127155974, 0.04173379132262857, 0.04142588766384448, 0.04133469380472041, 0.04120391667546595, 0.04035600786396551, 0.04029154032468796, 0.040330426872821686, 0.0402495628054258, 0.04033696101514867, 0.04050455340584613, 0.04048266929755518, 0.040444692959208293, 0.040335307458238635, 0.04126856194986073, 0.04127166090255005], "train_accurs": [], "valid_losses": [46.213419573647634, 38.791676248822895, 46.09340616634914, 28.655528954097203, 0.022208607522770762, 0.02212843924228634, 0.022259681502224078, 0.022408216476573477, 0.02207686402834952, 0.04031597250806434, 0.0404780256628458, 0.03963107342964837, 0.0396402263348656, 0.04259997363468366, 0.04247210267931223, 0.042244582902640104, 0.04208010325341353, 0.04194199134196554, 0.04106297560169229, 0.041645419384752004, 0.04123549106796937, 0.04132589980560754, 0.042159498536161015, 0.041918921417423656, 0.04174089069212122, 0.041686127827103646, 0.04061697839227106, 0.04265809950551817, 0.04275708392794643], "valid_accurs": []}