{"train_losses": [146.16682573348757, 135.2450708359007, 98.67976370816508, 34.32560907343708, 32.17125829565462, 13.755544620216208, 5.824286703079466, 5.439803933182722, 1.4989189852482427, 1.4310683445640342, 1.219538569292694, 0.990894197392716, 0.96456245581309, 0.8309917487795391, 0.7698303288410581, 0.7596158904452173, 0.6588074467169545, 0.6434913893777227, 0.6053225265214683, 0.5657616382632306, 0.5591135078242847, 0.49952674436348454, 0.4814175668926466, 0.4700670214714827, 0.43067056342722876, 0.4257004429344778, 0.4119732556519685, 0.3926485967304971, 0.3910392231490246, 0.3754955865245648, 0.36934265356372903, 0.3717294365719513, 0.36366997219661557, 0.3627758108907276, 0.35852576821805937, 0.35326341115844945, 0.35248683310217327, 0.35190818301111304, 0.3530876215093981, 0.3519465176674424, 0.3484022303351334, 0.34576213647606513, 0.34334931632986776, 0.3439109459440544, 0.34529336051098886, 0.3414220715325976, 0.3392953636351401, 0.33774574534602897, 0.3390634250703943, 0.3367637221420568, 0.34842362298221186, 0.350360522706988, 0.3513936810786762], "train_accurs": [], "valid_losses": [95.3842522757394, 89.37241213662284, 19.3276481117521, 16.175411445753916, 13.867766754967827, 2.6046994839395796, 2.317706991519247, 0.8337530296828065, 0.7209939259503569, 0.7175373323261738, 0.564829634236438, 0.5288845936634711, 0.5338595416396856, 0.42460525780916214, 0.4245763572731188, 0.38136344057108673, 0.3585724961012602, 0.3544387112238577, 0.31367080339363645, 0.3133906376148973, 0.3128155307578189, 0.27678321674466133, 0.2832479202853782, 0.255586533674172, 0.2568764143756458, 0.253527986950108, 0.23982697512422288, 0.24273128461624896, 0.2389572552804436, 0.23649089304464205, 0.24091476654367788, 0.23928443076355116, 0.23430943036718027, 0.2451887513910021, 0.23638685473373958, 0.23987337122006075, 0.23862398229539394, 0.24232045294983046, 0.24948548977928503, 0.2531890480646065, 0.24768965105925286, 0.24059020009424006, 0.2573002755109753, 0.25096083698528154, 0.2476129632975374, 0.25048842520586084, 0.24445765438888753, 0.26015220103519304, 0.2551496606320143, 0.24630152487329074, 0.2642534612012761, 0.263187159385, 0.25827681752187864], "valid_accurs": []}