{"train_losses": [0.1703800216098042, 0.07467775284080888, 0.06675869151022774, 0.06479313399440428, 0.04827241905084158, 0.030192087640421153, 0.03000704881343232, 0.029945903293350163, 0.029604452866555206, 0.04181341850936278, 0.042224994616170006, 0.04235020919589166, 0.0423120513760666, 0.042852282056340535, 0.043576557454716294, 0.0435323319798209, 0.043564243406495624, 0.043475697879001025, 0.04233557173805269, 0.0421505793634111, 0.04218915773648347], "train_accurs": [], "valid_losses": [0.012944800494421673, 0.013602438532481236, 0.012997492120900591, 0.01311966623013307, 0.02995796564833394, 0.029794420082388178, 0.029788379723738347, 0.029929571535571346, 0.02977488619009299, 0.042940292706979175, 0.042923807931531756, 0.042965550906956196, 0.0429647533289556, 0.044763261485578756, 0.0444750026134508, 0.04427015718205699, 0.0444997967486935, 0.04429738742432424, 0.04290480253153613, 0.043486036892448156, 0.04293808896493699], "valid_accurs": []}