{"train_losses": [13.935466710064146, 13.884760888165268, 12.318327833105016, 9.401169377029257, 9.35693273468623, 5.499961555634857, 3.9013629353866377, 3.6952144999510397, 0.8702544525817588, 0.8767375646839066, 0.7429433542269247, 0.6204553464890787, 0.6265443443621277, 0.5715942866903133, 0.546327362339648, 0.5808508210869693, 0.7614666822726134, 0.7746134336505618, 0.8289045182170061, 0.9421782090708062, 0.9455296368826003, 0.7335148162193714, 0.6515598617218159, 0.622083985675422, 0.3754979364928745, 0.39312534619654926, 0.47131204199065607, 0.5630658146723238, 0.5693741635118843, 0.42592068840429265, 0.3891185375630225, 0.46293727097609055, 0.4540773819363306, 0.4526762698614408, 0.3532959835791083, 0.27325764725172014, 0.2821662582595039, 0.478079496050086, 0.48747783170017617, 0.44931453802479954, 0.3666525489241673, 0.33456371259437034, 0.59051354871028, 0.8032639995217323, 0.7694335545970019, 1.0645925114079127, 1.0692865126347415, 1.1455123700477459, 1.2876504567407427, 1.2764485846593898, 0.755741891879884], "train_accurs": [], "valid_losses": [10.920725567000252, 7.2903121794973105, 8.447353720664978, 8.707562974521093, 7.579727692263467, 1.6233749751533781, 1.7590820214578085, 2.3446607206548964, 0.09091422234528831, 0.05856992633614157, 0.2508988319230931, 0.25526428568576065, 0.1449269690950002, 1.1515490263700485, 0.20550126156636647, 0.2769671811589173, 0.843850667987551, 0.8779350444674492, 0.2608073494796242, 0.28479064867964815, 0.8848350399306842, 0.14186052858297313, 0.6928571026240077, 0.7147189527750015, 0.025973831286786923, 0.348786823451519, 0.3485968347106661, 0.5351988907371249, 1.2581087883029665, 0.016225778980047574, 0.011236568971071392, 0.5647161826491356, 1.0771086407559258, 0.25169514226061956, 0.01749240272744958, 0.1457312237471342, 0.03437164711898991, 0.23414363153278828, 0.15206960748348916, 0.024732039542868733, 0.4691158149923597, 0.0415344468450972, 0.24427684635988303, 0.510563675314188, 1.194202842456954, 1.857500089066369, 0.7546295704586166, 2.8008380787713185, 2.6549586738858904, 0.621429765863078, 1.935764221208436], "valid_accurs": []}