{"train_losses": [85.94181854005843, 73.3081150912734, 63.554044794153285, 47.23331636600393, 45.758628719067445, 35.98642072728071, 31.48536766395367, 30.025904761420357, 26.229017774894754, 25.28283950260707, 22.097605118675837, 18.13366101910828, 17.401642320648072, 14.2838115288467, 12.893477256966646, 12.32985966546195, 11.45437111236431, 11.06803028419535, 10.673079980113519, 10.118982216668508, 9.846234815461296, 8.396740796074035, 7.969707495321042, 7.543924529085714, 6.020577868141195, 5.792419436116698, 5.289790443484745, 4.875544279340714, 4.673668122480786, 5.717333448311639, 5.38404289534483, 5.173628255803749, 5.074412930264044, 4.764147299622732, 5.3484798684006645, 5.531559253180468, 5.273801650792834, 6.407329713541364, 6.037343564172271, 6.1535685220092695, 6.515013608036849, 6.08704053377979, 5.9688797996788425, 5.525658734576412, 5.45719664058988, 6.098549170784219, 5.657705000468662, 6.059129210691603, 6.307356516520183, 6.021375116374758, 5.6696786872608955, 5.136733735206897, 5.049928541379], "train_accurs": [], "valid_losses": [47.51447459629604, 46.34539181845529, 32.45037259374346, 30.167755808149064, 31.596347672598704, 17.659298488071986, 17.14798823424748, 20.163681983947754, 17.348492758614675, 15.739537579672676, 13.102899287428174, 12.160488937582288, 12.76751127413341, 8.222883628947395, 8.833584802491325, 8.416629471949168, 9.567749455571175, 7.104449008192335, 8.274630682809013, 8.052488463265556, 7.878312745264599, 6.403667205146381, 5.2624925683651655, 3.846701000417982, 4.621274646903787, 4.348583069763014, 3.871107332408428, 5.301950604787895, 3.683926978281566, 5.648051007517746, 4.59630187707288, 4.7086296166692465, 3.537658947386912, 4.281302446765559, 6.023301962230887, 5.250101080962589, 4.614461771079472, 5.109283836292369, 6.060444497636387, 5.795909233391285, 7.223698293524129, 5.851056472531387, 5.419739734913621, 5.251309829098838, 4.935700027538197, 5.442553554794618, 6.163688923631396, 6.630830460361072, 6.075801935579095, 9.466189997536796, 4.566596319632871, 6.1358916855284145, 5.725704915821552], "valid_accurs": []}