{"train_losses": [2.8762151507473495, 2.877232062753546, 2.259356419245402, 1.1142991878998973, 1.1174902680216643, 0.7425468207272903, 0.581507789473685, 0.5731118982904172, 0.4372532717765324, 0.43329302773431494, 0.402063149663191, 0.3633057751825878, 0.36225543912283326, 0.22161776282721096, 0.18193553185100278, 0.18772916125242042, 0.23721087457878248, 0.2393465792691266, 0.2736203113285007, 0.3145211372899, 0.311911828145779, 0.2652701690950722, 0.2551521100498066, 0.26482861303778554, 0.31427090865357843, 0.3117516077069378, 0.32248420217049817, 0.3296472905252976, 0.33157321416511737, 0.3284287588700416, 0.328670521419515, 0.29831987197594667, 0.20552715937060023, 0.20533435269401817, 0.258636106456083, 0.28833031689836863, 0.2886633479366542, 0.39017014477461104, 0.395106164669549, 0.37063814746955087, 0.3160812380137267, 0.3168603145177402, 0.2718639896896781, 0.24783244460978837, 0.24737671175331036, 0.2672296650116406, 0.2650517774597993, 0.23112239091405792, 0.1789311763667871, 0.17819392923561353, 0.2255612214800542, 0.24383621262731375, 0.24250480298090865, 0.2640521040077878, 0.2639244009578039, 0.27102608089803387, 0.2876396355805574, 0.28590294501926533, 0.282343058497029, 0.2815079976996732, 0.2790666861981942, 0.2607458750840533, 0.2595571245229433, 0.2496545941583694, 0.23793836844661248, 0.23833961741476462, 0.23908068714712663, 0.23762236971151893, 0.23511839224390252, 0.21511746499510037], "train_accurs": [], "valid_losses": [3.5405752062797546, 3.0020712528909956, 0.8876149164778846, 1.033599354326725, 1.0876208671501704, 0.5479556683983121, 0.27553776119436535, 0.41762782047901836, 0.3017690431858812, 0.4935659005173615, 0.33416194788047243, 0.4334809380982603, 0.3028942218848637, 0.10760739059852702, 0.12645698737885272, 0.20156572040702617, 0.13379340818417923, 0.200315656672631, 0.3841348184006555, 0.30570216689790997, 0.34906563109585215, 0.32473455742001534, 0.1665517815521785, 0.23086765381906713, 0.2847455127962998, 0.36421123785632, 0.46941749432257246, 0.20846733610544885, 0.19897088780999184, 0.19376587575035437, 0.2790891794221742, 0.1385619661637715, 0.08778841527444976, 0.22383675005819118, 0.1582639760204724, 0.3250266175184931, 0.1545979750475713, 0.18929748902363436, 0.4118823196206774, 0.16640041396021843, 0.2120318811919008, 0.6648152843117714, 0.219291303306818, 0.17376935428806714, 0.21267606424433844, 0.3957543165556022, 0.15415322394775494, 0.09102852602622338, 0.14942751798246587, 0.07884096134720105, 0.18099788975502765, 0.19562976275171554, 0.18703257079635346, 0.12640458890902145, 0.29737463912793566, 0.24288784792380674, 0.4441336616873741, 0.24603191896208695, 0.24932120288056986, 0.2212274886135544, 0.18291279141392028, 0.18656080987836635, 0.13786626048386097, 0.16587266698479652, 0.11611023092908519, 0.22031911542373045, 0.13199580580528295, 0.16534311936369964, 0.15452194985534465, 0.19578704131501062], "valid_accurs": []}