{"train_losses": [0.3637902851288135, 0.32917567170583284, 0.32167715793349083, 0.32063919287259224, 0.19094648079870782, 0.04974670639910579, 0.04942168452149063, 0.049338792518152104, 0.04866114650258786, 0.04759360772317351, 0.04655866871052738, 0.04583093839617471, 0.04546442230092994, 0.049824359021844906, 0.05590169238794713, 0.055470842160115955, 0.05471318328070425, 0.05380433475455412, 0.05419568572513658, 0.05366316237550111, 0.05337118015654082, 0.05257859841258817, 0.047922676517649206, 0.03890565757922053, 0.03895022120006483, 0.03846540216491368, 0.0381033512599328, 0.046524739204758435, 0.04738840525253461, 0.046685519834719094, 0.0457922361403434, 0.049691024632509205, 0.05807794212064457, 0.05660332150639317, 0.05597166760036579, 0.055469186361289134, 0.06619919749288672, 0.06736355488150637, 0.06589618634129137, 0.06506146650289384, 0.06932987359550474, 0.07844622868083721, 0.07752701350196994, 0.07649797481396214, 0.07537154916977316], "train_accurs": [], "valid_losses": [0.32106855884194374, 0.3140826810683523, 0.31007816163556917, 0.30595484163079945, 0.05074185043174241, 0.05069248770762767, 0.05038912008915629, 0.05081948029276516, 0.04922926512413791, 0.048269735117043765, 0.04657438650195088, 0.04612777106064771, 0.045823201803224425, 0.05836400911877198, 0.05807996853919966, 0.05795790690795651, 0.057559929854635684, 0.058039382532505054, 0.05739578528196684, 0.057357373514345715, 0.057477598411164114, 0.057641322657998116, 0.045132158224337866, 0.04428806997436498, 0.04358167627028057, 0.044896440647010295, 0.04402504106318312, 0.05441696163532989, 0.055827746932793944, 0.05758843597556863, 0.056582890051816194, 0.06944343208202294, 0.06913151685148478, 0.06829603568517736, 0.07171267167931157, 0.07228823338768312, 0.08306129409798554, 0.08706636966339179, 0.08667330191071544, 0.08735523645633034, 0.10060244738789541, 0.09971628271575485, 0.10476752849561828, 0.1126579641630607, 0.10458060447126627], "valid_accurs": []}