{"train_losses": [69.54334296877423, 63.03694590311202, 42.74518748818251, 9.15889297465168, 8.997435379911352, 2.747545166680264, 0.09926543912047116, 0.08992148667731613, 0.044457236832135885, 0.042712317390377244, 0.07342879770313779, 0.11557617818039877, 0.11477322454648044, 0.17573838550893087, 0.19300751581236167, 0.20150540414310636, 0.26369344115888, 0.2633243080366541, 0.3026574264482531, 0.34312161886029774, 0.34100273332346687, 0.3395555892555171, 0.33857995910303934, 0.338705996396365, 0.3474554444352786, 0.34449326808726977, 0.3857912976669256, 0.42128306844089397, 0.41643900108873527, 0.40737480398208376], "train_accurs": [], "valid_losses": [27.578697034290858, 37.564777135849, 5.453696310520172, 3.1775390718664442, 3.417611139161246, 0.03051492473709264, 0.031476801045105925, 0.02915770124777087, 0.028297939271266972, 0.02658457575099809, 0.10513138784361738, 0.09989693534693547, 0.10093950147607497, 0.16780215767877443, 0.18340682424604893, 0.2510716627751078, 0.22305441488112723, 0.21888163153614318, 0.3242337538727692, 0.2888635253267629, 0.3158533650317362, 0.34400637820363045, 0.2775591593235731, 0.3016618476914508, 0.26948233959930284, 0.3070402592420578, 0.3497807319675173, 0.34114386194518637, 0.39211112739784376, 0.3341153359838894], "valid_accurs": []}