{"train_losses": [353.65779190467146, 307.53831314409854, 282.6794591429372, 248.45889433603438, 255.36021602973736, 199.1169379905418, 160.17342418085332, 160.08564965434806, 39.76395749288892, 39.115253925323486, 30.29301099424009, 19.00881636710394, 19.20346327559658, 13.928116489339757, 11.091735227240456, 20.937060346048344, 42.825838386697114, 43.05643287285295, 24.068730471744423, 4.426438975034568, 8.009596480578972, 32.85261535707605, 5.285775813791487, 6.761813797647991, 12.13897122056396, 3.0785861939349504, 14.09087191246174, 14.653748902063521, 20.21765170400105, 9.490753309436576, 17.999407491355978, 23.910908642821212, 4.124579691382312, 16.506374766508106, 4.060278799069464, 88.47577379663012, 7.232570574406988, 61.20053110677729, 60.241141937397146, 44.406720262355904, 27.459118053395912, 34.63334648319022, 12.60663490092983, 8.528851581264346, 1.702153713915438, 7.963026777511, 8.390169571188313, 16.878460756852906, 21.577689363842918, 27.499086149155147, 11.306169045438606, 6.098589653888392, 20.224517638888702, 3.455325833033948, 17.70533248527892], "train_accurs": [], "valid_losses": [299.7972493852888, 330.74113900320873, 99.88255187443325, 161.0092578615461, 193.92034203665597, 65.85028907230922, 76.14813157490322, 40.82088606698172, 30.4040105002267, 20.534276911190577, 8.021010024206978, 6.843941918441227, 7.739544617278235, 3.2898204794951846, 4.978615007230213, 26.17868426867894, 22.17441897732871, 22.059619035039628, 0.5406964184450251, 184.55879974365234, 2.1235487354653224, 9.979421615600586, 8.404484816959926, 1.3955433645418711, 1.4397346441234862, 1.3627220881836755, 6.245455418314252, 11.41534926210131, 16.151851517813547, 2.279545451913561, 2.7493733380522047, 2.248084076813289, 5.105249260153089, 1.8614621737173624, 0.007657137878205893, 5.14687563266073, 26.784030880246842, 25.66098427772522, 19.459929381098068, 6.398446934563773, 3.103486623082842, 23.490805830274308, 0.032775768162017424, 0.06012239220685193, 0.05034385046123394, 0.15696939533310278, 12.62440574169159, 9.562707662582397, 7.396597257682255, 2.6170866936445236, 0.07219406283859696, 0.04520264224681471, 0.40361402928829193, 0.14271277242473193, 8.741129543100085], "valid_accurs": []}