{"train_losses": [0.1317881225309086, 0.09907361734405631, 0.09806648936813774, 0.09629357380295231, 0.06409645848380764, 0.02273033426998697, 0.0199079866799193, 0.019507306880776967, 0.019425753758992678, 0.04080094072790774, 0.041300466949988276, 0.040965521906194916, 0.04070383196536502, 0.045661450869391135, 0.052497092423733, 0.051817125598668246, 0.051105126043216945, 0.0509925588282727, 0.0636095335597501, 0.06422457661547137, 0.06365639600076826, 0.062903388205292, 0.06023674736397838, 0.05704097858550052, 0.05617689828460033, 0.05575574857785421, 0.054709645110388956, 0.057961156625486066, 0.057418531582298864], "train_accurs": [], "valid_losses": [0.09287980318601642, 0.0901742201032383, 0.08906941069290042, 0.08877924962767533, 0.026720245701393912, 0.02081269195436367, 0.020546575775370002, 0.02013013624985303, 0.020036992167920938, 0.042586447671055794, 0.042644624964201024, 0.04222922695667616, 0.04354055219196847, 0.055330891461510746, 0.055533440417743156, 0.05532404185006661, 0.055958963997129886, 0.05549044394865632, 0.07118473288470081, 0.07151905753250633, 0.07047706197148987, 0.07229724034134831, 0.0659279869204121, 0.06748111905264002, 0.06622113872851644, 0.06548901826941542, 0.06734168083806123, 0.0687014966804002, 0.06888410725098636], "valid_accurs": []}