{"train_losses": [0.974663555779785, 0.8888464745863405, 0.8499908518223536, 0.8173940113139531, 0.7786665066840157, 0.7725889706422412, 0.7474915393130489, 0.7231344759227738, 0.791351408948974, 0.7607225074812218, 0.7580012550981587, 0.7553790185659651, 0.73191480878642, 0.73774316832029, 0.7145060048532234, 0.6971022914405223, 0.7138773964905234, 0.6782250148515222, 0.6921912264965829, 0.6869930475556031, 0.640832535686001, 0.6728795736082016, 0.6248918559264254, 0.5912819503949432, 0.5643051620671358, 0.5172987739757571, 0.529980207640658, 0.5114110898049105, 0.46353953714093205, 0.48522524167069053, 0.4407611821812612, 0.4235585515027639, 0.41357115987274384, 0.374051781302249, 0.3738170817849182, 0.340706194558787, 0.3165802854512419, 0.33242221722605997, 0.29794227086480646, 0.3117133507100993, 0.3321659516286913, 0.29931092550041816, 0.3292914913799712, 0.3079457081775501, 0.28708156579661936, 0.3009826770377538, 0.2640716099234485, 0.27620313180580974, 0.2740423942881602, 0.25102597171509705, 0.25636763740626595, 0.22388437144931347, 0.2131307557984083, 0.20185429224419216, 0.18103241978124493, 0.18753334720712647, 0.1829067553792681, 0.1681477884520535, 0.18206445393817766, 0.16573400219912252, 0.16124653279111184, 0.15867676295182376, 0.1443275656383583, 0.14882978247035117, 0.13644393050067483, 0.12700161279706412, 0.1461645063140957, 0.13089852732305646, 0.13264989978559907, 0.1434743139577448, 0.12788392975433635, 0.1349849101185562, 0.12761443256149216, 0.11723461210057534, 0.14184835834044313, 0.1242659882933059, 0.1319642553953503, 0.13749224886239048, 0.12304997423949537, 0.13413621119602961, 0.12176679329030098, 0.11293344427806833, 0.1364986345112797, 0.11453701365029528, 0.12106317132908516, 0.12006523911028154], "train_accurs": [], "valid_losses": [0.8429260764803205, 1.1801426878997259, 0.6747488469949791, 0.6534145197698048, 0.753701460148607, 0.6844284156603473, 0.5498014523514679, 0.6629686520567962, 0.6151898093521595, 0.7147996728973729, 0.7119357362389565, 0.7458551095000335, 0.7441818719463689, 0.7335242820637566, 0.7252199383718627, 0.6235315624092307, 0.6360205230968339, 0.6161094488842147, 0.6572612529354436, 0.6859245433339051, 0.6403304785490036, 0.6765972264111042, 0.6325787662395409, 0.6032687074371746, 0.5424920538706439, 0.5834901428648404, 0.5855046058339732, 0.513829809746572, 0.5120527297258377, 0.542095103434154, 0.5363533613937241, 0.48212034814059734, 0.4134912860712835, 0.4559548749987568, 0.4618243452693735, 0.41194079390593935, 0.3941323509705918, 0.36188469481255325, 0.4271934415612902, 0.45252893226487295, 0.394666474578636, 0.3884211283709322, 0.4771655797958374, 0.3931684294449432, 0.3977440632879734, 0.3698396062744515, 0.42919606369520935, 0.3922609048230307, 0.38395497841494425, 0.4075091082070555, 0.33100599236786366, 0.3527189309575728, 0.30693607830575537, 0.2569208216986486, 0.2703146861333932, 0.2902186145739896, 0.294892488712711, 0.2790479620120355, 0.32808721704142435, 0.3403829801827669, 0.2798059545457363, 0.31035329800631317, 0.3076455377574478, 0.28570507812712875, 0.25207971861319883, 0.2360987194946834, 0.28010978469891207, 0.3147233761847019, 0.3346506892038243, 0.3142860680818558, 0.3130703094814505, 0.31599276087113787, 0.30108616767185076, 0.2999075762927532, 0.3348211262907301, 0.3175677130264895, 0.3721417420144592, 0.3610715682485274, 0.4043902962335518, 0.3147293467606817, 0.32085730295096127, 0.3551957577999149, 0.3146355309124504, 0.32025410873549326, 0.36398576306445257, 0.3455585406294891], "valid_accurs": []}