{"train_losses": [4.534708507460167, 3.7782513377893023, 3.98787543892321, 4.252961839486032, 2.1764236699886688, 0.027832083677982584, 0.027216437873240913, 0.026875835489397405, 0.026202559462702113, 0.0370626366313766, 0.03694608757837056, 0.03624162420091046, 0.0358530235122805, 0.04028481392535419, 0.045251059265832554, 0.044401958374078995, 0.04360513796616868, 0.043034633946061406, 0.0511057632574938, 0.05094559256375106, 0.05001789256424656, 0.0488489351753668, 0.0518354258807671, 0.05808553405999463, 0.056399215762903784, 0.05567467948463977, 0.05497682559813849, 0.059959280924087734, 0.059434814302764864], "train_accurs": [], "valid_losses": [1.3839409670659475, 1.9101527631282806, 2.264312756913049, 3.1742423474788666, 0.028674558553445553, 0.027961482776195874, 0.027594482958582894, 0.027124806473563825, 0.02661606837396643, 0.03864932861844344, 0.038499027357569764, 0.03807296244693654, 0.037742198910564184, 0.04851415513881615, 0.048626045031206946, 0.04918677376450172, 0.04882409263934408, 0.047830018281404464, 0.057113905769905875, 0.05764774625588741, 0.057341445570013354, 0.05807793263479003, 0.06782358365931682, 0.07073339859821967, 0.07162934375394668, 0.0685834273962038, 0.07224923272484116, 0.07578743671599243, 0.07926482840308122], "valid_accurs": []}