{"train_losses": [0.07089661029525675, 0.03408061863635393, 0.032275319116282786, 0.03131942717333185, 0.032944273462780324, 0.03492243625265778, 0.0345880374674816, 0.033993884756722874, 0.03337821642746011, 0.04045693899981037, 0.040528004643469374, 0.04029598712238454, 0.04024992423022494, 0.04150188189606726, 0.043068896127839436, 0.043002042755046314, 0.0428497995801978, 0.04286752130869961, 0.04749670919300609, 0.04797269265711038, 0.0478912666861423, 0.047887507800805085, 0.04903772569838827, 0.05080608241007204], "train_accurs": [], "valid_losses": [0.006741360104310193, 0.006573753822262266, 0.00651168597063848, 0.0065083069909763125, 0.035822910722345114, 0.035681252633886676, 0.0350984123069793, 0.034887276273886006, 0.03423916475315179, 0.04186875067119088, 0.04172692620860679, 0.04131812665478459, 0.04123832990548441, 0.044549036105828624, 0.044459571496450474, 0.044289046133469255, 0.044166412304288576, 0.044126597865085514, 0.049484720486881476, 0.04940411212321903, 0.04949078948370048, 0.0492443590691047, 0.052901879751256535, 0.05245936785026321], "valid_accurs": []}