{"train_losses": [5.35103869722003, 5.36129454077867, 4.141873541174743, 1.8884586482136339, 1.8813335364142423, 0.8886835718990633, 0.4721188474663351, 0.46181743044071094, 0.22926566333918974, 0.22696624282333586, 0.21459734303847192, 0.1990434848678806, 0.19654876309097127, 0.22411121895152425, 0.2278459349045993, 0.2380185972840067, 0.2900882176266461, 0.292793190569947, 0.2854335535928686, 0.2778542377646007, 0.27894568620693116, 0.27999480447125813, 0.28056000054828706, 0.27609409106077343, 0.2567867178410765, 0.25587450679411333, 0.2519361330442643, 0.24670906317612482, 0.2477802871356881, 0.26989792480512903], "train_accurs": [], "valid_losses": [5.4595164741788595, 4.920384756156376, 0.9405269644090107, 1.0620192778961999, 0.8809954470821789, 0.26638664757566793, 0.46329482591577936, 0.10397876160485404, 0.19100006190793856, 0.10136772466025182, 0.22272169536777905, 0.13937193900346756, 0.16542058624327183, 0.16608064462031638, 0.16711294624422277, 0.2676045013857739, 0.25532898652766434, 0.16063637525907584, 0.28498857095837593, 0.20993419337485517, 0.12704875692725182, 0.2575759890356234, 0.2858693892402308, 0.10852722091866392, 0.17359403600650175, 0.12827238600168908, 0.10457331660602774, 0.259638998657465, 0.22641672672969954, 0.19503948810909474], "valid_accurs": []}