{"train_losses": [717361.3406389331, 228768.86491621888, 417504.0706925198, 345571.5658229638, 511044.06537224265, 474655.5515766403, 349516.7758943722, 485111.00717618776, 903429.0244626697, 564495.2358950792, 380325.8724017251, 498005.3190575509, 683020.1603683541, 793421.855521776, 619221.6735718326, 757176.0970552885, 419257.1021457862, 599205.1671203338, 399430.10304722853, 497921.80314974545], "train_accurs": [], "valid_losses": [748487.0926339285, 1926641.546875, 144705.21121651787, 110029.83063616071, 366641.0652901786, 211031.32254464287, 357570.39229910716, 502877.875, 1340005.8839285714, 130913.10784040179, 128336.81026785714, 199686.6294642857, 1397886.7589285714, 213821.8984375, 439005.3660714286, 617001.8136160715, 344169.52120535716, 768813.6607142857, 392400.9988839286, 196036.9185267857], "valid_accurs": []}