{"train_losses": [232.57969169011193, 210.23671377272834, 180.8397379880229, 136.3297014589663, 125.4427734859406, 98.31036524797874, 80.75644650534979, 73.06494231955715, 53.46198723303578, 47.83500595698281, 39.672985334244984, 30.426934908306787, 27.077443715756534, 19.86220594940993, 15.82400673911685, 13.779034747017754, 8.995123000372024, 7.912151762417385, 6.239919056337347, 4.571927388193746, 4.231061235622123, 3.1031902195915344, 2.765758905145857, 2.5902515845323997, 2.191819135237623, 2.087238450450872, 2.0045340601256285, 1.8790455525987362, 1.8575779185408638, 1.7687060450593, 1.7067661570414665, 1.6929181626549474, 1.5975632919836296, 1.6152709873107376, 1.5525512890052544, 1.5106721396641756, 1.46780033279506, 1.3938246710354059, 1.4194954498892738, 1.3739847814437574, 1.3493179364336862, 1.349061923643584, 1.2586436589401235, 1.2679732083958923, 1.248651461153434, 1.2098165516342436, 1.1936571755737224, 1.1990934989597433, 1.174127169781261, 1.1553704448872142, 1.1308436722115234, 1.1186881993734648, 1.099403517350318], "train_accurs": [], "valid_losses": [202.7535171508789, 168.7101535797119, 113.97622653416225, 87.00107329232353, 72.45741558074951, 40.09773278236389, 30.765058040618896, 18.449789881706238, 12.029412073748452, 9.352926347936902, 4.283444511038916, 2.617610047970499, 2.138048842549324, 1.058573572763375, 1.0064434196267809, 0.7177758887410164, 0.613652193652732, 0.5079259984195232, 0.3620403204113245, 0.3025242682280285, 0.2686845354203667, 0.22050741660807813, 0.20385755871289543, 0.18223267208252633, 0.17431801045313478, 0.16131209502262728, 0.14334837054567678, 0.1412911333276757, 0.13563596443938358, 0.13330268174675958, 0.12407430580684117, 0.11414799060938614, 0.11308580058227692, 0.11355178031538214, 0.1189743507919567, 0.12103159293266279, 0.12376208876126579, 0.12761269276961684, 0.12892172119713255, 0.13176891912839242, 0.13430686554472362, 0.13442264630326203, 0.13964843922959908, 0.1406024655194155, 0.1443799906410277, 0.14637559046968818, 0.1460607232792037, 0.14746535795607738, 0.14912771140890463, 0.15010745331112826, 0.15181831616376126, 0.1534610902890563, 0.15436994936317205], "valid_accurs": []}