{"train_losses": [21.703484316036185, 19.253792594664944, 10.860683513519467, 0.16377091596996973, 0.1638573888965227, 0.17879583697430987, 0.1837669095941006, 0.17955028746651594, 0.26903375220440684, 0.22661353068219292, 0.22519393834881682, 0.2409019953517056, 0.36341521520384407, 0.2953440436413364, 0.37603157112207364, 0.48239650547740953, 0.501443884044728, 0.2608814501652011, 0.27093278829540524, 0.3278004192604274, 0.35312202594504155, 0.3498326674222, 0.6805163491024542, 0.2667887298952019, 0.3850935375879681, 0.5444181951738539, 1.1622055415753965, 0.6561876671418311, 0.5061416263697008, 0.4478514824634191, 0.2579536134446109, 0.27476604207955974, 0.6377721218954003, 0.4377365728652982, 0.27844081081883615, 0.44435664640847966, 0.23297043736018833, 0.34168911078777264, 0.6310390595681769, 0.3009657252520796, 1.5774951733096882, 0.40262745107923237, 0.32517257131754407, 0.24310915089315838, 0.5708530478613086, 0.606972244208452], "train_accurs": [], "valid_losses": [2.0521757027932575, 1.22498669475317, 0.1352148000150919, 0.12283749585705143, 0.15664181219679968, 0.18298054273639405, 0.168442092569811, 0.18067501511956965, 0.1615505593695811, 0.24405726471117564, 0.2064409495464393, 0.17971512701894557, 0.23950005216257914, 0.24893895643098013, 0.12250353728554078, 0.13689117333186523, 0.49049473819988115, 0.13479633549494402, 0.8089894301124981, 0.1327488273382187, 0.27620972267218996, 0.24573248491755553, 0.309462769223111, 0.18842208997479507, 0.18145311091627395, 0.1081324794462749, 5.027989208698273, 0.3423020935484341, 0.22544778218226774, 0.19249095608081138, 0.14713102685553686, 0.14793973389480794, 0.7644080152469022, 0.48545282067997114, 0.17132958929453576, 0.14014954665409668, 0.5186396587107863, 0.2830214170472963, 0.40436781144567896, 0.2441652643361262, 0.25596776604652405, 0.1782477545951094, 0.20029950062079088, 0.18208983434098108, 0.24419860861131124, 0.33940429612994194], "valid_accurs": []}