{"train_losses": [15.547759692593397, 13.841660447789533, 13.80792086426489, 13.624471321364872, 7.235517978398509, 0.03180770070304698, 0.030991457411134404, 0.03048426649486857, 0.030154996378793975, 0.043477217329674446, 0.04403212424199101, 0.04341457193776358, 0.04280973145552822, 0.04887487507968871, 0.05660406310886684, 0.055988879183231435, 0.055554398988706497, 0.054908964344683814, 0.061203931757497575, 0.06180370823223127, 0.06180522914942169, 0.061767604813080836, 0.06315316280931639, 0.06605504930221656, 0.06564303160101445, 0.06490696302922737, 0.06436215253858679, 0.06645272184601601, 0.06707476345375517], "train_accurs": [], "valid_losses": [0.832992183310645, 0.8587894248110908, 0.8336766426052366, 0.8165356293320656, 0.03262121553000595, 0.032477672843794735, 0.03081628680229187, 0.03217547719499895, 0.030398677618774985, 0.04735315830579826, 0.04617914876767567, 0.04623203774515007, 0.04683588119223714, 0.0596337143132197, 0.059372574756188054, 0.06006439169868827, 0.05842120246961713, 0.06201595892863614, 0.06963361739846212, 0.06803729428377535, 0.06901167103621576, 0.07117935506227825, 0.07339492673054338, 0.07531456469691225, 0.07365288139720048, 0.07985450174393398, 0.08029348077252507, 0.07962954882532358, 0.07808577621887837], "valid_accurs": []}