{"train_losses": [5.986358672380447, 6.003646389517204, 4.573665430148442, 1.9135264328547887, 1.9052922410309, 0.909198961403004, 0.4929150063051749, 0.4734960522443529, 0.19559165866917402, 0.19597336880507923, 0.1950077499859232, 0.19269869561312059, 0.19360726847062035, 0.2152623775262366, 0.22172204531216747, 0.2244796014967419, 0.2563316362796637, 0.2588712182782945, 0.23731284767941194, 0.21385356371916792, 0.21390376456830867, 0.18797097331474696, 0.18398447963532316, 0.18414420309284377, 0.184620866207061, 0.18328341264179143, 0.20557474305547735, 0.22100272153814635, 0.22129410938926475, 0.26400713048993596, 0.2696647643057442], "train_accurs": [], "valid_losses": [4.592279502323696, 9.259084003312248, 1.6727558821439743, 2.2675175028187886, 2.2872988155909946, 0.2180056633161647, 0.3192885938499655, 0.2565150058695248, 0.09819315121109996, 0.12392806155341012, 0.0917945326572018, 0.13703431228974036, 0.22560266298907145, 0.1989865585097245, 0.10840795029486928, 0.1660391560622624, 0.2224878847066845, 0.18747006409934588, 0.2782568708062172, 0.10022374282457999, 0.1959686963153737, 0.17254534470183508, 0.17199648171663284, 0.15814233438244887, 0.09957619370626551, 0.22569842609976018, 0.16391708701848984, 0.10597147433353322, 0.2003966737538576, 0.2810373657516071, 0.164426683315209], "valid_accurs": []}