{"train_losses": [27.523370150535825, 27.76567183789753, 18.782402031443933, 0.06912621364450802, 0.07004845206423727, 0.11880250113015925, 0.1290358044207096, 0.12264758313971537, 0.18807044173911136, 0.18455777411896085, 0.22326223504921747, 0.27681701937838205, 0.26901493239260854, 10.485226145497075, 0.40862448217849884, 0.32244145058134877, 0.3191414164408805, 0.36670816212734847, 2.642778982324575, 0.23946306084790242, 0.1736221144458762, 0.16218775946390693, 0.23152593024587506, 0.1831165181088542, 0.19481126967048834, 0.2263229897925778, 0.23479469870488165, 0.24141242536445143, 0.35706475345545974, 0.6516198049935084, 0.5791255611748922, 0.26879685600756337, 0.3241158285271869, 0.32479063315050943, 0.8491573532028173, 1.2211317031314133, 0.898275073440302, 6.140573351629197, 6.160227623566118, 4.729017519643382], "train_accurs": [], "valid_losses": [13.248907622482095, 10.313543732677187, 0.05609787315396326, 0.05635388434997627, 0.05205756991303393, 0.13141555671713182, 0.09432130346872977, 0.23690537655992167, 0.14487435349396297, 0.19217651417212828, 0.3351554498076439, 0.2098087389022112, 0.263109970039555, 0.13058948277362756, 0.24639957078865596, 0.1464730819155063, 0.30340658660445896, 0.18549223270799434, 0.04522387739936156, 0.016810145844439312, 0.060938516565199406, 0.1608770713210106, 0.3790026091571365, 0.11570763774216175, 0.2163883282669953, 0.1511035024055413, 0.09949140516774994, 0.12546881062111684, 0.22242171982569353, 1.3469136922753282, 0.17813582478889398, 0.24807065512452806, 0.2506199668028525, 0.2835619625236307, 0.5558128676244191, 0.344429574906826, 1.118999176791736, 1.153823869568961, 9.314698951584953, 0.09407257887401752], "valid_accurs": []}