{"train_losses": [0.41651902216322284, 0.32886813843951507, 0.27279621753757355, 0.2337757767393039, 0.1738623696552143, 0.11318183622883456, 0.1017725346736374, 0.08984953895784341, 0.08373913559978365, 0.07176233717657592, 0.06715296886490481, 0.06423323297224164, 0.06221420433355403, 0.0596848535541091, 0.057550859110792295, 0.05628512426367982, 0.055285053563670875, 0.05439002221087794, 0.05254387285358091, 0.05200483529445003, 0.051506587645519374, 0.050973115172827134, 0.05044383927336915, 0.04944738334811786, 0.049057229417818704, 0.04861800299696119, 0.048731957182996145, 0.04721052998601042, 0.04678468785050633, 0.04651363498248935, 0.046272350374052966, 0.046312362924892436, 0.04598706243011881, 0.04550954372921276, 0.045612156488068774, 0.04551727010771565, 0.04566100054332034, 0.04563604532509233, 0.04564842477238556, 0.04534197800552548, 0.04500254470332445, 0.04478980009591552, 0.04461137828632043, 0.04446180596762248, 0.04435255701708443, 0.04498958151062689, 0.04499270982315502, 0.04514420528504239, 0.04511341142860068, 0.04469984932065145], "train_accurs": [], "valid_losses": [0.12172395017530237, 0.1215824019163847, 0.1220351964501398, 0.1222881878327046, 0.04688129128356065, 0.046692608622834086, 0.04678469813162727, 0.046893474945266335, 0.04668328259140253, 0.043735456985554526, 0.04370822850614786, 0.043724926587726386, 0.04371225238511605, 0.04461989422062678, 0.044618120250691264, 0.044601383219872205, 0.044600473317716806, 0.0446455585770309, 0.04479971877299249, 0.04475799409140434, 0.04480178923612194, 0.04482137973952506, 0.044494899887857695, 0.044501022568770816, 0.04447410491827343, 0.04447735147550702, 0.0444825259369931, 0.04358498422828104, 0.043597612430208495, 0.04356691660359502, 0.04357723958258118, 0.04366024320812097, 0.04366201358581228, 0.043702076289004514, 0.04374923024858747, 0.04368093263890062, 0.04417317789713187, 0.04418119199440947, 0.04415205556766263, 0.044234795695436854, 0.043818366480991244, 0.04381939911815737, 0.04384048469364643, 0.04382193397863635, 0.043845594860613346, 0.04462168611852186, 0.04463499435223639, 0.044612924668139646, 0.044608408684975336, 0.04366828584378319], "valid_accurs": []}