{"train_losses": [0.41128703125964394, 0.29110174367904035, 0.20506315940508135, 0.07381904131126782, 0.06760305214535307, 0.11063928093031916, 0.12708218658845577, 0.129926236011285, 0.17796079018128613, 0.17706669890691365, 0.18802392614818125, 0.20357126569148726, 0.20311181266944875, 0.21954799875143974, 0.22430709388757508, 0.22463451552564506, 0.22830753109205967, 0.22829804494582787, 0.2278609038700187, 0.22800711836054843, 0.2277740697578463, 0.23029883588274952, 0.23063935185708698, 0.23155761935881206, 0.23392378284581125], "train_accurs": [], "valid_losses": [0.032021912812654464, 0.033118214391704114, 0.032370708583455, 0.032305532201592414, 0.031511055737999935, 0.10203046910464764, 0.09957641243402447, 0.15506981020527227, 0.1597086260361331, 0.15788880256669863, 0.18237493320235185, 0.1848856500749077, 0.18278886856777327, 0.2082837431558541, 0.20712195044117315, 0.21309396704392775, 0.21266196481883526, 0.21724488293485983, 0.21060581052941935, 0.20843448330249106, 0.21343605167099408, 0.21714582294225693, 0.211139816524727, 0.22023283051592962, 0.21144782512315682], "valid_accurs": []}