{"train_losses": [0.09789701254524256, 0.06437837007156325, 0.06172580858566103, 0.060385292438090654, 0.07012069807703948, 0.0802588006439387, 0.07874065644331107, 0.0771285240787052, 0.07578927692346174, 0.08143512376192198, 0.08171035340940791, 0.08131240634458367, 0.07896540206920237, 0.07814337528938621, 0.07652696295392729, 0.07701072957349848, 0.07497034671956597, 0.07394287709096169, 0.07410266771238314, 0.07293692055027678, 0.07239514322976721], "train_accurs": [], "valid_losses": [0.005488443528260437, 0.0054893679308796505, 0.005491968203257004, 0.005531281668871608, 0.03279196730415736, 0.03277370192310108, 0.03265904375751104, 0.03271982930268028, 0.03268507355824113, 0.04181722558236548, 0.041937419679015875, 0.041811567498371005, 0.04180991310360176, 0.042575002215536575, 0.0426285529974848, 0.04254156341111021, 0.04257919463062925, 0.042491861286440065, 0.043160470468657355, 0.043092936177604964, 0.043082329876987], "valid_accurs": []}