{"train_losses": [69.9319045959957, 63.46192005197838, 43.64866367155913, 5.760358573583068, 5.622275380545823, 1.8815268416884083, 0.2884376230772841, 0.26471555372453714, 0.032713057391995946, 0.031009349760121454, 0.054430588993623304, 0.08503215521495178, 0.08436585582359127, 0.1500166053809817, 0.16823972201851942, 0.17676075930317875, 0.2440351345157497, 0.24288935159091596, 0.284608635144732, 0.32868162384897315, 0.3271978372146213, 0.3845244041353306, 0.39323380187390344, 0.3972299767943917, 0.4311246991394058, 0.42910727350011707, 0.4093507245656044, 0.39368943128951644, 0.3911134782764647], "train_accurs": [], "valid_losses": [73.41894565309796, 64.9089001928057, 2.5081220460789546, 2.499379194208554, 2.5489221598420824, 0.1109964247526867, 0.12038444707702313, 0.015988786605053713, 0.01086608211543145, 0.012308918430270361, 0.07394285027736, 0.0691863456075745, 0.07073693369914379, 0.15039597571428334, 0.15352598444691726, 0.2161906630332981, 0.22435916694147245, 0.20452188194862433, 0.24878869578242302, 0.31770431622862816, 0.29914006617452416, 0.41775347239204813, 0.2951877808996609, 0.37668395042419434, 0.417617030441761, 0.40763157499688013, 0.3357282972761563, 0.35879781150392126, 0.3136741377945457], "valid_accurs": []}