{"train_losses": [91.35383605957031, 19.25247292543845, 12.295583201858102, 0.6817799983891072, 0.9586481303962134, 0.3663231084349925, 7.924414109024736, 2.6505760552272912, 2.251808551844781, 0.8870599637271235, 1.3062058505281884, 1.9174208728567002, 2.1460229898334813, 1.8873406168487337, 3.4251942114027405, 3.593712347702532, 18.23262214156055, 19.375213693689417, 17.13025911491384, 9.667236766960254, 5.452432614627969, 5.68764361790406, 4.857841854688352, 7.621496608076745, 1.6787078352792868, 2.6117006407843695, 3.9690825873148188, 2.933818685294932, 14.793534052819409, 1.338656432990714, 5.161546292635933, 37.260676543297315, 125.57067967470361, 127.49907009185307, 58.12449281303971, 24.71697124350008, 22.71136012783757, 5.962786355376164, 1.3864563033181838, 6.168808417769258, 3.2544929839710077, 11.998347749736496, 4.767843033389124, 7.96387171808374, 11.633357340893733, 6.093191092291837, 5.584700499853445, 15.42999896208051, 8.008431397610043, 0.6812980481073576, 17.056800150654954, 21.669267312391963, 4.315132608408079, 11.838466145374158, 7.50777901606585, 8.013490078941224, 7.347140764985135, 12.857838578009732, 9.199172385766236, 2.0569571945323517, 8.322817537214153, 8.267764025422, 5.193952647860719, 9.197184138906696, 4.843603790752471, 5.221897041829175, 7.3280655224881475, 9.542927070584877, 5.695355669550953, 8.580862491435948, 5.126165246186906], "train_accurs": [], "valid_losses": [16.35958021879196, 1.780115429844175, 0.17855182183640345, 0.11220806504466704, 0.13664929063192435, 0.18418345493929728, 0.271859242447785, 0.16511682820107257, 0.22451349906623363, 0.1822562020804201, 4.733833006450108, 0.48964705371430944, 15.264475652149745, 0.19951571470924787, 0.6554992358599391, 10.533148629324776, 8.85061023065022, 7.790642312594822, 1.3885474279522896, 1.412922324878829, 1.4769151359796524, 0.5184876356007797, 0.4977373243974788, 0.09192684678626913, 0.3538546439792429, 0.3090396055153438, 2.427187274609293, 0.378126227562981, 0.2589628813522203, 1.6884621275322778, 0.4225084813577788, 33.07645671708243, 75.64016716820854, 65.21360608509609, 17.37074409212385, 38.25956017630441, 4.563464688403266, 0.4551822915673256, 0.0787946620423879, 2.1877173142773763, 0.2796627578458616, 1.5720340013504028, 2.156165854207107, 1.2718678989580698, 1.4984087241547448, 1.1742206806583064, 0.4420960438770375, 0.304592295682856, 16.25976504598345, 0.09177133407709855, 0.018598757667600045, 0.042594001561935456, 31.2744654246739, 4.0893630257674625, 0.19567663209246738, 2.971920145409448, 0.9779051244258881, 4.184230910880225, 0.32409542825605187, 0.2448028614744544, 0.6512271964124271, 1.6346147954463959, 1.0706607880336898, 0.32629999092647005, 0.4872756925012384, 0.49122930264898707, 0.4461871859218393, 2.6031787054879323, 1.4043023820434297, 5.295221013682229, 9.067236466067177], "valid_accurs": []}