{"train_losses": [1.7138538047064484, 1.5758949615297275, 1.5779949151552641, 1.5770100739476907, 0.8346842679287817, 0.026502753525753233, 0.02574393367268381, 0.027631620859634554, 0.026317420902312205, 0.054514815870723037, 0.057136635215978275, 0.05589305357459713, 0.05653827592342822, 0.0451869724541734, 0.02876432287628969, 0.02817990107259532, 0.02882281657965744, 0.02783377793495337, 0.05134378663133577, 0.05329318968284184, 0.05449116294487165, 0.05347615131493068, 0.05370783266438618, 0.05517263163504827, 0.054563474993124535, 0.05477707530055785], "train_accurs": [], "valid_losses": [1.5671125927141734, 1.5638629070350103, 1.5593230894633703, 1.559617749282292, 0.025221818492614796, 0.02304887818172574, 0.024127667753158936, 0.03373611781613103, 0.023358808298196112, 0.052685754939115474, 0.0515761227746095, 0.053137883743537326, 0.052953756148261685, 0.028034842473321726, 0.0251441152067855, 0.024883913890724734, 0.024950173001603355, 0.030361180676014295, 0.050061073719656894, 0.04946917751138764, 0.04938124948447304, 0.05576812698771911, 0.05069491672994835, 0.05191649340226182, 0.057649317530116866, 0.0501900072143014], "valid_accurs": []}