{"train_losses": [60.3103120019533, 24.363109499620638, 18.51839024179122, 27.28575566936942, 9.330053325700343, 6.599152253497165, 6.770055788021316, 0.1749747153455855, 7.659042214475386, 4.009766049986512, 1.4096814110807703, 6.9912825113507955, 6.139749184318258, 0.7357994906595862, 22.697348519624526, 1.5423942489625373, 7.2556939269563525, 0.2128021266117557, 29.827961076978106, 17.690098439945896, 19.30301815352289, 18.0068043173708, 14.595789269299765, 1.7873493527858708, 7.535450715636961], "train_accurs": [], "valid_losses": [5.543030293924468, 5.087516204587051, 4.960509593997683, 7.792771948235376, 0.019395797812779034, 53.575407232557026, 0.01993833530494677, 0.019927674139450704, 4.185013788087027, 1.0296219480889184, 33.83401608467102, 1.088091722556523, 1.1018022181732314, 0.08309496367084128, 0.0440545290974634, 34.83538167817252, 0.043384188220703175, 30.967896733965194, 13.950523972511292, 16.281675270625524, 16.83897088255201, 32.719156980514526, 0.23608590333190346, 11.294417977333069, 0.05559960749399449], "valid_accurs": []}