{"train_losses": [0.1352834433603745, 0.10359080540378708, 0.10342840132265609, 0.10116015969695549, 0.0655894627166718, 0.02189191373916368, 0.02106477499084033, 0.021132673360238788, 0.021180518595206792, 0.038598153615850804, 0.03849324643005073, 0.037923002527074305, 0.03726854662061142, 0.04567005500045702, 0.0561823646845591, 0.0549135061731031, 0.05448210139956949, 0.05396743470642766, 0.06060484395577358, 0.06057517160977578, 0.059816863505818725, 0.05944000059797753, 0.05934793848915203, 0.059830333072506736, 0.05866858487468365, 0.0582506845861134, 0.05794962698686446, 0.06604071568309991, 0.06680827324881274], "train_accurs": [], "valid_losses": [0.0751113850357277, 0.07222996678735528, 0.07066078490710684, 0.06948074997801866, 0.02235584706068039, 0.021776570805481503, 0.02161385305225849, 0.022041431860998273, 0.021565161728566245, 0.03944153202298496, 0.039014875988609025, 0.04017943556287459, 0.03859887854196131, 0.058624050014519265, 0.05864601695377912, 0.05874163703992963, 0.05881200631016067, 0.058450883819854686, 0.0709721583074757, 0.06746186848197665, 0.06696479255333543, 0.06693205094364073, 0.0686250983604363, 0.06731298366295439, 0.06780055584385991, 0.06750716674806816, 0.06796915150646653, 0.07866054926333683, 0.07981900292049561], "valid_accurs": []}