{"train_losses": [0.07993154864909961, 0.0626750740294273, 0.06117456826082182, 0.060270805619825604, 0.05557147164015749, 0.0489390410727303, 0.04929964307577631, 0.04882021982863343, 0.04880482632228557, 0.043067207416662805, 0.04251226819461692, 0.04250005060781586, 0.04245342664858874, 0.04283368595922155, 0.04319476375642877, 0.04326954425409504, 0.04330158462469799, 0.04298724468831158, 0.042318324301374985, 0.041889749985710795, 0.04195045869443481, 0.041960171727269756], "train_accurs": [], "valid_losses": [0.04577395539464695, 0.04214554835510041, 0.042558288999966214, 0.04359160533307919, 0.049242915153237324, 0.04880076417300318, 0.049006605121706216, 0.048802791362894435, 0.04880040019218411, 0.04298073479107448, 0.04623141858194556, 0.04278581915423274, 0.04492266612526562, 0.04380533917407904, 0.043990928114258816, 0.04389776725188962, 0.04400674509815872, 0.044685958119641454, 0.043121258495375514, 0.042861543562529344, 0.04334640975243279, 0.0427519050094166], "valid_accurs": []}