{"train_losses": [30.362836325610125, 30.212094523919323, 19.351544338155282, 0.08014461387283903, 0.07265032037461876, 0.13231521968054707, 0.1438738367663174, 0.1390337248741792, 0.22529699639589698, 0.20350757956741347, 0.22293704614122078, 0.24445405811386764, 0.22471524442905788, 0.30141217504977863, 0.30618634737200207, 0.2940118173482241, 0.34953876675436735, 0.3231309909550917, 0.3311034785534339, 0.32046793297761017, 0.3049263237487702, 0.34910624752205516, 0.33069519984422535, 0.3254096136088409], "train_accurs": [], "valid_losses": [1.1746766620448656, 0.8835898882576397, 0.07351171744189092, 0.061671650502830744, 0.07198973765064563, 0.15957055733140027, 0.1535193571554763, 0.21710822332118238, 0.2649087929832084, 0.19885963148304395, 0.2622796145400831, 0.2801950919841017, 0.287220817857555, 0.5013436451554298, 0.34784058295190334, 0.3501916237707649, 0.3518090189567634, 0.3769723762358938, 0.4009840041399002, 0.4243586558316435, 0.38204764920685974, 0.46205236496669905, 0.39571420954806463, 0.39767937548458576], "valid_accurs": []}