{"train_losses": [0.4115288233325492, 0.3716875943460616, 0.3397017554864625, 0.3175353646548086, 0.2705011273064225, 0.22795152249514247, 0.2111985243823194, 0.19626214284432958, 0.1851808814947152, 0.16506959563669035, 0.15447222335238803, 0.14681982289477172, 0.1404822974453145, 0.1307272567535957, 0.12206660691497014, 0.11890829720311036, 0.11563949531357212, 0.11088499377957836, 0.10577151841774785, 0.10157396131915744, 0.0988167297701895, 0.0975505718076391, 0.09251917384531164, 0.09056056503257061, 0.08835328532155283, 0.08636274970056515, 0.08417679436875684, 0.08159303107210414, 0.08001443066073759, 0.0778814128081723, 0.07699238866297907, 0.07465110709090039, 0.07277247157133272, 0.07168163839575932, 0.07154902761035106, 0.07071403090365871, 0.06942374904838083, 0.06833915708257872], "train_accurs": [], "valid_losses": [0.09763570276222058, 0.09751907336924757, 0.09741741478709239, 0.09736226532342178, 0.04519104804577572, 0.04543549843531634, 0.04526851322901036, 0.045425269386864135, 0.04550646355242601, 0.042382378497027924, 0.04231460741721094, 0.04207486150387142, 0.04228410863184503, 0.042024405706407766, 0.04211410224836852, 0.042145636065730026, 0.04219453642144799, 0.041972918602238805, 0.04278736847585866, 0.04284350487536618, 0.04284956735292716, 0.042798179002212625, 0.042988029175571034, 0.04293890726486487, 0.04293585987761617, 0.042962197081318924, 0.0429032303259841, 0.04300102082613323, 0.04298017094177859, 0.04303375631570816, 0.04298184971724238, 0.04312356864102185, 0.043152488668316176, 0.04309166951238045, 0.04314612005172031, 0.04314027350795056, 0.04312823147379926, 0.04308050608129373], "valid_accurs": []}