{"train_losses": [0.6145294822713054, 0.42938818132120465, 0.3053875356203034, 0.12339867770711266, 0.11758751791739275, 0.1517463915503372, 0.16424328287836737, 0.16601252770691952, 0.2001843368092542, 0.19944302453881219, 0.20529140744890487, 0.2148035475146518, 0.21431956440210342, 0.2225606627959423, 0.22455318240576952, 0.22468374275341235, 0.22976465759769318, 0.23016789301283777, 0.23002973819772402, 0.2305285537408458, 0.23053698811345, 0.23141406793837194], "train_accurs": [], "valid_losses": [0.019301550895241753, 0.01529647920480264, 0.0805643345894558, 0.07829540568803038, 0.0783224566174405, 0.13682103609400137, 0.1359068514513118, 0.17032228197370256, 0.17673598442758834, 0.18055382823305471, 0.19226347947759287, 0.1916361695953778, 0.19235140777059964, 0.20511032428060258, 0.2031464645905154, 0.2043384691434247, 0.20625076469566142, 0.20873093525213854, 0.2116781896246331, 0.21293412521481514, 0.20908402624939168, 0.2134765192334141], "valid_accurs": []}