{"train_losses": [19.004865623655775, 17.76695353833456, 11.78316141346164, 0.06331462941314808, 0.05703875083456594, 0.10258654973632286, 0.10792556717479355, 0.09712187952248666, 0.1319104927128782, 0.11162278300062531, 0.14223448726195823, 0.173935811237368, 0.1536498754605572, 0.1666901658175799, 0.1475709477074878, 0.15097207614471989, 0.21761797393164622, 0.181905657841415, 0.22149609252022057, 0.22528214561481955, 0.20514168518363798, 0.2300416125802609, 0.19999460791232726, 0.19463238689713377], "train_accurs": [], "valid_losses": [0.16557613773537533, 0.16019956847386702, 0.042914290712880235, 0.04281756794080138, 0.07143542429964457, 0.21840624777334078, 0.09345953539013863, 0.10544357914477587, 0.12781424607549394, 0.12469595657395464, 0.25426867151898996, 0.20789542913969075, 0.23049601194049632, 0.20244187888290202, 0.174095562659204, 0.30819290024893625, 0.2735279726662806, 0.3170071592820542, 0.2877311557531357, 0.4151322144482817, 0.38215200124042376, 0.27233611339969294, 0.27735694417996065, 0.3255052220608507], "valid_accurs": []}