{"train_losses": [1.0117860319753174, 0.9093304566605381, 0.7784129206938718, 0.6157085292396092, 0.5621028982457661, 0.4710773854817032, 0.4185442886655293, 0.39702552939375874, 0.35398002053615907, 0.3363579345285577, 0.32074341812619456, 0.3081289533841074, 0.29847331895005136, 0.28633836315816674, 0.2804687128614181, 0.2772040466270434, 0.2716768249553978, 0.26616958619425535, 0.26155007843460354, 0.25913502268059546, 0.2565015307849362, 0.2575184476005022, 0.2558766490134297, 0.25391419245689, 0.25102267534565675], "train_accurs": [], "valid_losses": [0.16123168835682528, 0.15100856311619282, 0.13092023613197462, 0.13618632246341025, 0.12696594611874648, 0.13207107369921037, 0.13157687495861733, 0.1358180254963892, 0.139300894657416, 0.14198772888630629, 0.15183754291917598, 0.1517027108264821, 0.15271766164473125, 0.16081958077847958, 0.16200617647596768, 0.16738617925771646, 0.17080748586782388, 0.1699402601058994, 0.1744467427155801, 0.17483458162418433, 0.17624015281242983, 0.1808918161051614, 0.1815299242734909, 0.18200545651572092, 0.18492777033575944], "valid_accurs": []}