{"train_losses": [5.417775816237764, 4.8626239661177895, 4.751402636998379, 4.839491269167731, 2.642888188572828, 0.2175245975982819, 0.20699524311390938, 0.2166516056697293, 0.21978074639226516, 0.4238941147080644, 0.3272727944327695, 0.3418247315408957, 0.4552824571391576, 0.29940626468526294, 0.23823926107308982, 0.2543459164644528, 0.2517373145756004, 0.24524085490850572, 0.22883706247408736, 0.22353157054683473, 0.21066551247603213, 0.22948520389549873, 0.22208076372439237, 0.23381386499228252, 0.23608149620135446, 0.2343253432878407, 0.23401347358976554, 0.23203634667922468], "train_accurs": [], "valid_losses": [5.543580412864685, 4.36639340860503, 4.930696478911808, 4.424398311546871, 0.2953604055302484, 0.5887181418282645, 0.2785750100655215, 0.02178169319605721, 0.07826553085552794, 0.4987579073224749, 0.5420805492571422, 0.700083219579288, 0.19321589225104877, 0.04094562998839787, 0.16665644571185112, 0.07617362076416612, 0.19101880410952227, 0.141999198655997, 0.05225894367322326, 0.1240671541807907, 0.31683179416826796, 0.27557252613561495, 0.13735174440911838, 0.04418680437707475, 0.3416228438062327, 0.3346648657960551, 0.08582267797152911, 0.15795737664614404], "valid_accurs": []}