{"train_losses": [88.79109756025687, 81.36266303693176, 61.08001977930624, 26.17796396326136, 24.551121885814364, 12.694226572122524, 6.889369256281979, 6.201106450702778, 1.5831296776652968, 1.480415789223222, 1.13619258719935, 0.6683120288388439, 0.6514381818355076, 0.5533916057733, 0.5265245037892509, 0.5182495956067685, 0.4987791278374889, 0.4923270219769427, 0.47493896795012963, 0.45925424208559057, 0.4524213312952607, 0.44893080788472345, 0.4426462788272787, 0.4359421433200912, 0.4300020177055288, 0.42647047001848776, 0.4185888781828224, 0.41012640159439157, 0.41168721248863865, 0.4073321120764213, 0.40535300025943094, 0.40463479296870963, 0.40386505531413214, 0.4035340348091075, 0.4017355644277164, 0.4010803657707083, 0.4004794063549193, 0.39021110097094186, 0.3905478387913376, 0.39114006076540264, 0.40102294686610107, 0.3987559775511424, 0.39709021907950204, 0.39394384573297525, 0.39232317196629035, 0.40026418845016487, 0.4015950064652811, 0.40305114222109, 0.40203140924374264, 0.4031279645268879, 0.4030238084849857, 0.4031098811005158, 0.40526335607603114, 0.4165354226395567, 0.4183358530361186, 0.42326415586408483, 0.42816222328988335, 0.42734849287403953, 0.43608026892419843], "train_accurs": [], "valid_losses": [62.28953232084002, 59.358863421848845, 17.073170048849924, 15.69457393033164, 13.6748982327325, 3.47111000759261, 2.64717641047069, 0.640607685382877, 0.5539927184581757, 0.5197236891835928, 0.3588354316140924, 0.3437694486762796, 0.3262597269245556, 0.320030953469021, 0.31707662530243397, 0.3216809420181172, 0.30331699709807125, 0.3047290439052241, 0.30451928824186325, 0.29919643167938503, 0.3211200261222465, 0.3001294343599251, 0.3077420366129705, 0.2990467322192022, 0.29163920373788904, 0.31020067499152254, 0.2908259712691818, 0.28907901767109123, 0.29378776039396015, 0.2971505437578474, 0.29461330202008995, 0.2945969509226935, 0.29509162583521437, 0.29275702711726936, 0.30311139380293234, 0.29153603820928503, 0.300624029976981, 0.29795522136347635, 0.2879879165972982, 0.30563259098146645, 0.3063934703490564, 0.30185946981821743, 0.2973075836364712, 0.29871764459780287, 0.317016168896641, 0.306345154398254, 0.3086007311940193, 0.3231780052717243, 0.31826632203800337, 0.3097239402788026, 0.31239621101745535, 0.31292831152677536, 0.3235780367893832, 0.33415769625987324, 0.34388156660965513, 0.3105827695024865, 0.34269131028226446, 0.34154992178082466, 0.35747553567801205], "valid_accurs": []}