{"train_losses": [149.71628865721, 116.71649679123546, 90.7656986875232, 77.32789290760438, 64.7105445516595, 52.552848315346836, 49.0850720556613, 45.99786015333633, 42.70743282024677, 37.947478574865, 34.954632608059846, 32.3632841584909, 29.850881559277013, 27.113785704875962, 23.987998832944292, 21.989513423108406, 20.11213684945085, 18.490036138042605, 15.751633613897125, 14.201734696038708, 12.83402421355787, 11.641702017633085, 10.180682597656595, 8.634730769498315, 7.702323346116424, 6.753769742957068, 6.146846234528727, 4.9141559670953185, 4.214551577201257, 3.7309058645731725, 3.345740300497858, 2.8804990077450263, 2.281895502255513, 2.094687226266343, 1.8155942892327028, 1.693933674787504, 1.4584701732812424, 1.2801784392935118, 1.2048776269093897, 1.1538716067825507, 1.0567854220780852, 0.9351983353563024, 0.8552150802172687, 0.8185294337941511, 0.7968533089325439, 0.7481614344867107, 0.7127288157853605, 0.6903795895937881, 0.6896867249076722, 0.6756762897941322, 0.6539566938289151, 0.6395563817334391, 0.6250193045554657, 0.6342308869526397, 0.5862519240419789, 0.5902224723839652, 0.605852966260047, 0.5978050565692634, 0.5940858749040651, 0.5845214044211676], "train_accurs": [], "valid_losses": [127.48907675061908, 94.65721661703927, 68.15833009992328, 52.32850933074951, 11.436979447092328, 6.948028147220612, 5.168584776776178, 5.106311155217035, 4.930474630423954, 0.8919434680470398, 0.8954158499836922, 0.8982691796762603, 0.8839859973107066, 0.5863954121513026, 0.5957834646105766, 0.6173255395676408, 0.6045620569161007, 0.5823318803949016, 0.5035587011703423, 0.505053300144417, 0.49663241926048485, 0.48143827063696726, 0.4433322995901108, 0.40041064683880123, 0.36534646339714527, 0.3390790221414396, 0.30058288254908155, 0.2313144762468125, 0.20292204259229557, 0.1873181892026748, 0.16915940307080746, 0.12760652654937335, 0.11773960232468587, 0.10810002817639283, 0.1007332390706454, 0.0996848578963961, 0.08489645019705806, 0.08134034242747086, 0.07660819816270045, 0.07340995056022491, 0.074958841382925, 0.07400843694007822, 0.0735595132490354, 0.07390152177374278, 0.07455873815342784, 0.07448161340185575, 0.0744345401679831, 0.07654230329873306, 0.07454301909144435, 0.07591570381607328, 0.07541099416890315, 0.07815745319905025, 0.07727084435256464, 0.07845448090561799, 0.07859260675364307, 0.07712190964126162, 0.07751095121992486, 0.07625963339315993, 0.07610045280307531, 0.0743154947246824], "valid_accurs": []}