{"train_losses": [1.9219620575732235, 1.8725949958708492, 1.8711790909055133, 1.8709735653249386, 1.016993080493383, 0.0471916328230662, 0.048341078270749266, 0.04747623554114842, 0.04752571921273054, 0.04817093534150679, 0.04816175350388385, 0.04755452009786038, 0.04806756512240856, 0.048068556348831136, 0.048845141456036814, 0.04940738946587117, 0.04901303851564006, 0.04866294539638909, 0.05456741974684852, 0.0542905798004898, 0.05523036939104623, 0.055026294524482204, 0.04853320378405611, 0.03843180868960074, 0.038057390844862385, 0.03788791141342119, 0.03800713012576508, 0.04637833822906287, 0.0488814436725227, 0.04753310296145095, 0.047938661898456816, 0.04788182883173632, 0.0500122225291319, 0.04938035725080724, 0.04938946336895497, 0.04912887270482282, 0.0484271616131337, 0.04797474635402541, 0.047748079333808355, 0.04807598763293001, 0.049428027317062764, 0.053561617628717584, 0.05365971707616726, 0.05317775038496604], "train_accurs": [], "valid_losses": [1.8615354320832662, 1.8615925908088684, 1.8681720261062895, 1.866161076085908, 0.04667903612633901, 0.0471943014833544, 0.058162784203886986, 0.04693801531435123, 0.046895546738856604, 0.046234209689178636, 0.04588425378980381, 0.04565543318832559, 0.046492304486621706, 0.049319077017051835, 0.05111223934883518, 0.048958288106535165, 0.05397123657166958, 0.04665165644006005, 0.052927278414634724, 0.06593078867133174, 0.06018997695563095, 0.058520926495215723, 0.040846551302820444, 0.03672675705248756, 0.037506169938881485, 0.04382512864789793, 0.04101724180925105, 0.04959391449977245, 0.04640028333025319, 0.04840670519375375, 0.047347594651260545, 0.05743249938158052, 0.04902605659195355, 0.04715992912783155, 0.06306422734633088, 0.047799527911203246, 0.054420767285461934, 0.04608457542157599, 0.04819657360868795, 0.04612640427824642, 0.05120655621535012, 0.05659494133267019, 0.05564447505665677, 0.05698746229921069], "valid_accurs": []}