{"train_losses": [0.1209318152574635, 0.10743001238911082, 0.10574050981886488, 0.1063095370613078, 0.1019274654980532, 0.14385468931622292, 0.15786826520882272, 0.1579921835018371, 0.19411976909432463, 0.19285718578273658, 0.20211222722495675, 0.2185124634277253, 0.21662303154903745, 0.22276517597061615, 0.22291408561997944, 0.22337792648209465, 0.23220847428791105, 0.2298413657400974, 0.2321114000031557, 0.23383863719682846, 0.23351447459645372], "train_accurs": [], "valid_losses": [0.01414522630927552, 0.014801175566390157, 0.03954201078574572, 0.039124261654381244, 0.03940970543771982, 0.10027994415057558, 0.10927591619214841, 0.15319595140005862, 0.14132938161492348, 0.14593049378267356, 0.17529059494180338, 0.1770453014011894, 0.1863430067896843, 0.18534695889268601, 0.19104115319039142, 0.20624629807259356, 0.20236896776727267, 0.1922632958739996, 0.2075422741472721, 0.20855387885655677, 0.21949215845337935], "valid_accurs": []}