{"train_losses": [0.27143380554422497, 0.2715690567222222, 0.27440614347893094, 0.27984965701030673, 0.28160683745666154, 0.28257831286579843, 0.28561191438209443, 0.2867346840008857, 0.28935137014619255, 0.2893753778090868, 0.28873519542277176, 0.28936497646349446, 0.2870558566911511, 0.28888833473520303, 0.28785944142669595, 0.28825794101234464, 0.28768172548719184, 0.28870524397050895, 0.2862901724677868, 0.2865071105105536, 0.28658217282364606], "train_accurs": [], "valid_losses": [0.15685334322707994, 0.15950358153453895, 0.1677749790251255, 0.16997483825044973, 0.17067602569503443, 0.1753607698317085, 0.17697501262383802, 0.17829607453729426, 0.18127606862357684, 0.1810681867812361, 0.18217551548566138, 0.1824444747929062, 0.18236719151692732, 0.1830698980816773, 0.18322586214968137, 0.18443520393754756, 0.18434389175048896, 0.18379154881196363, 0.18339600919612817, 0.1835845738117184, 0.18380088093025343], "valid_accurs": []}