{"train_losses": [67.17548189551582, 39.922369849088504, 38.44350058568549, 38.59755934201754, 20.495323182012026, 0.09818504317516115, 0.08371514799199763, 0.0767843420048375, 0.07095626613538189, 0.05411576979890533, 0.05041881032894909, 0.04923960655438819, 0.04844294434910581, 0.04615809511165746, 0.044607414278239686, 0.04420938754108696, 0.0436563303955405, 0.043354768815926564, 0.0432641555985006, 0.0433179555309102, 0.04287201598944033, 0.04311560183696078, 0.04243849496024227, 0.042338021171207614, 0.042327056997097455, 0.042131052858183554, 0.04202991265938428, 0.04169400619149073, 0.0417130069714461, 0.04173205780261512, 0.04151346460743323, 0.0415859912581135, 0.041992911698119674, 0.04213459544069222, 0.04182519090290253, 0.04181436785155427, 0.0420138058231562, 0.042162999160992344], "train_accurs": [], "valid_losses": [49.054236684526714, 48.080468722752165, 37.42791390419006, 45.58213717596872, 0.05628072250900524, 0.05930462971861873, 0.05213689571246505, 0.05563897779211402, 0.054925737503383844, 0.042591059114784, 0.042398747256291766, 0.04266301216557622, 0.04229371712010886, 0.042010693245434334, 0.04212336172349751, 0.04201429922665868, 0.04200129716524056, 0.041929762644161074, 0.04304996891213315, 0.04327166898708258, 0.042995252746290395, 0.04292969881290836, 0.04289882726568196, 0.042958982687975676, 0.042895967939070294, 0.04287359128440065, 0.0429060924465635, 0.042811604283217876, 0.04285030915135784, 0.04295458438407097, 0.042811233982709904, 0.04354113493380802, 0.043455880135297775, 0.04337132179976574, 0.043444898046020954, 0.04334338731132448, 0.04375744205234306, 0.043779564389426796], "valid_accurs": []}