{"train_losses": [83.10149299278461, 84.1018648046665, 73.50828847935591, 51.04012083124231, 50.528952603617675, 37.32373725547993, 31.5996939593522, 30.659983005473222, 18.663217999947765, 18.61232458220588, 16.170890292162618, 12.850235137989912, 12.808990505006578, 11.132689662080594, 10.630594307152682, 10.430630652992814, 9.345560707112469, 9.319497469871763, 8.679554503430765, 8.002977472764474, 7.976658371390489, 5.621846935105702, 5.1300429033223915, 4.918596352849688, 4.114411109338993, 4.092360532788373, 3.663992426540486, 3.3174683867938937, 3.2922627503279025, 2.8756260890809315, 2.824458859742634, 2.7522226975708413, 2.559344860927138, 2.5585745263982704, 2.188428696028139, 1.9335900453663377, 1.9320154196370847, 1.6969418688110574, 1.6795847693448345, 1.5916059788257357, 1.3823294964416948, 1.3775903849059312, 0.995235687683499, 0.8028602434529198, 0.793714545312382, 0.7369193888845897, 0.7377323248083629, 0.7051891220940484, 0.6516123550830695, 0.6548633185170946, 0.6438910912663217, 0.6411075909380559, 0.6304279537033782, 0.5689064207925367, 0.5677263469450058, 0.6115783538137164, 0.661848980756033, 0.6666022848594125, 0.6786057907279837, 0.6837312260238582, 0.6869698864600015, 0.7240656332048789, 0.7192769008811819, 0.7400444315145256, 0.763065278687805, 0.756018756243287, 0.6538521067569496, 0.6349982191567067, 0.6183640239809556, 0.5654777120503168, 0.5633057295566514, 0.6354371321895135, 0.6888032012752124, 0.6884425090497763, 0.6424510285021767], "train_accurs": [], "valid_losses": [46.8538179397583, 51.75687347139631, 28.969555820737565, 36.692977224077495, 28.7316529410226, 19.770081860678538, 23.93038616861616, 10.533129581383296, 12.30411948476519, 10.672821036406926, 7.342221753937857, 7.271929025650024, 7.120579008545194, 4.947073459625244, 5.213345514876502, 5.302337041922978, 6.5280637953962595, 5.630472557885306, 4.894134317125593, 5.839545130729675, 4.164406478404999, 2.5200895007167543, 2.7460415618760243, 2.206359405602728, 2.07367437013558, 2.154709664838655, 2.1278294112001146, 1.720132670232228, 1.8815961224692208, 2.1007117671625957, 1.981766619852611, 1.4618205172674996, 1.5485938553299223, 1.9046374261379242, 1.1506719823394502, 1.3880385330745153, 1.2006086930632591, 1.1863663356219019, 0.9591027955923762, 0.7473225205072335, 1.1093673525112016, 0.9423915424517223, 0.46288967079349924, 0.5180243083408901, 0.5407566055655479, 0.5303480609187058, 0.4384509766740458, 0.3834627504859652, 0.6505191741245133, 0.3704378969435181, 0.36008588650396894, 0.44947025924921036, 0.5235973995711122, 0.45606847586376326, 0.3333592042326927, 0.4385551741080625, 0.48612138096775326, 0.5362089393394334, 0.44521852848785265, 0.5987787103014333, 0.5802816509136132, 0.7053280185375895, 0.6652536152728966, 0.721692120390279, 0.613776975444385, 0.531134155179773, 0.4053343465285642, 0.38092423177191187, 0.4090245994074004, 0.3755351182605539, 0.3851725592144898, 0.41465972842914717, 0.4078413317246096, 0.551168658903667, 0.4139453396201134], "valid_accurs": []}