{"train_losses": [0.0878186055387442, 0.07181197087958927, 0.06171479797606015, 0.05585536713041871, 0.05582715359377376, 0.05792568018870656, 0.05564314676069431, 0.05361328810891684, 0.05195870832013329, 0.050711204892032825, 0.04995119741936615, 0.049336276792529214, 0.04852829410007636, 0.04775210580792767, 0.04664756090915446, 0.0461199503029566, 0.04561751848297421, 0.045471924534109656, 0.04507154407510661, 0.04468234294679909, 0.04463888536633005, 0.044677901751787416, 0.04422416857009694, 0.0438588827899004], "train_accurs": [], "valid_losses": [0.024461990521688546, 0.024392639552908286, 0.024444823851808906, 0.024332467167239104, 0.04164978885091841, 0.04158988797904125, 0.04157351915325437, 0.04160404544589775, 0.04158359819224903, 0.04327512266380446, 0.04316224769822189, 0.043140905377055914, 0.04347099333868495, 0.042874952512128015, 0.04284040782866733, 0.04282572492957115, 0.04283930896781385, 0.042927398845287304, 0.04334227797309203, 0.043277032972712605, 0.04326911945827305, 0.04327870586088726, 0.04300256392785481, 0.04299747118992465], "valid_accurs": []}