{"train_losses": [2.071774333715439, 2.047782034785659, 1.5742849080020158, 0.7017629709508684, 0.7036778703726158, 0.4443130142710827, 0.3359063064689359, 0.33447934182548017, 0.313430838188324, 0.31276061490335794, 0.3158502632347995, 0.31791491782854475, 0.3179801047518455, 0.3267148501146092, 0.329896166999504, 0.3258591132859389, 0.30097238171510593, 0.3013608983900181, 0.27476819908177413, 0.24885674256575172, 0.24696542212256678, 0.2972456082780525, 0.3074154671695497, 0.28517401750598637, 0.19347552955150604, 0.19492035248765238, 0.21234219777521002, 0.22735143165109017, 0.22769972447443892, 0.2799523735330218, 0.2856117108708652, 0.27740905268324745, 0.2531515673670188, 0.25011379429429925, 0.27052328633095224, 0.28308233719259973, 0.28492315018933917, 0.20058048914664636, 0.19710586356028678, 0.18122177304966108, 0.14658734532536338, 0.14625416498966318, 0.1798928618904144, 0.19803572388947324, 0.20082957746963653, 0.33662986924881655, 0.33487644227881913, 0.345871180768997, 0.3625025967599223, 0.3621057683119067, 0.2998780423686618, 0.276435961759595, 0.27789023644709715, 0.30060819368908015, 0.3038608638382463, 0.3097226956376323, 0.32037039213473834, 0.31971310250579366, 0.26681489481654747, 0.2520397840432389, 0.25767319929347465, 0.282815802113089], "train_accurs": [], "valid_losses": [1.983527313385691, 1.6571307288748878, 0.4293679137315069, 0.49971149223191397, 0.3516923561692238, 0.25971414388290476, 0.2365804665854999, 0.2811440532760961, 0.1924734003841877, 0.23850194151912416, 0.36759585940412115, 0.14196972894881452, 0.19049147782581194, 0.15513448204313005, 0.2689166571944952, 0.13181509849216258, 0.2399775447057826, 0.18894429531480586, 0.10728364357990879, 0.1334518308618239, 0.3549252509006432, 0.3154988331454141, 0.2142243068665266, 0.07820263338674392, 0.08134564471298031, 0.18465153074690274, 0.2463381899786847, 0.25126097484358717, 0.35116489816989216, 0.1791046251143728, 0.13705008144357375, 0.19796491680400713, 0.1197738688705223, 0.14847393839487008, 0.19180563145450183, 0.3012957434569086, 0.31706989875861574, 0.09525807640914406, 0.10525094571390323, 0.20209226704069547, 0.07751434495938676, 0.060964981094002724, 0.13822183704801969, 0.09753145716552224, 0.369303433490651, 0.21331006953758852, 0.5081275994224208, 0.37284700306398527, 0.24731089547276497, 0.3603741813983236, 0.15201046371034213, 0.17245467539344514, 0.14517733680882625, 0.22930150239595345, 0.18675921538046428, 0.40808114036917686, 0.17446636701268808, 0.24057435430586338, 0.16428695752152375, 0.10330229279186044, 0.11005627124437264, 0.15070540564400808], "valid_accurs": []}