{"train_losses": [2678186.319148553, 284710.2857762897, 631545.3737857556, 419173.8869254299, 351698.39012380125, 3059139.4058676423, 3482765.8878968256, 3576920.9350611772, 942779.3480076059, 1720666.1440558862, 1542792.8283730159, 1605620.517609127, 1833431.578083664, 1928086.8586309524, 1249677.8035300926, 1521840.3237020504, 2220137.6555059524, 2361776.220692791, 2822475.344907407, 2947122.5071924604, 2756917.163607804, 6425907.024801588, 5903039.568783069, 5434792.819279101], "train_accurs": [], "valid_losses": [1964084.1473214286, 337616.7421875, 1090447.838169643, 33813.126220703125, 81134.72600446429, 2118401.109375, 4414042.272321428, 1684244.2433035714, 313308.84737723216, 1657795.9799107143, 789432.6584821428, 1792113.46875, 2095524.5691964286, 970452.2287946428, 2165706.2901785714, 815877.7868303572, 384420.4425223214, 781945.7633928572, 2260734.379464286, 3472048.9375, 679271.5407366072, 17728783.214285713, 11387258.767857144, 1073535.0747767857], "valid_accurs": []}