{"train_losses": [100.4947408696331, 82.70218174293558, 52.49831574642784, 1.4014494899246428, 1.2244944126990738, 0.43374025934405386, 0.03951459658755945, 0.0461983347149004, 0.07696043180114535, 0.07060141411545888, 0.10283581956866242, 0.14998307321516294, 0.14202513123946214, 0.24075333881512206, 17.001194355526454, 0.45534966610096117, 3.6311606750996024, 2.5015130759704682, 0.7375750714844024, 0.15376435190182988, 0.13793118372953758, 0.17102929470301778, 17.569350351081795, 0.24577564275059752, 0.3002208436213473, 0.3818668252616017], "train_accurs": [], "valid_losses": [32.93241235188076, 24.916010430880956, 0.44919670931994915, 0.2052803026246173, 0.2389146595128945, 0.009112466168257274, 0.011615490648962026, 0.06193388872114675, 0.06668760414634432, 0.061791013327560255, 0.11144669407180377, 0.09570573503151536, 0.19038835620241507, 0.20059389301708766, 0.3576969876885414, 0.6171619562166077, 247.26683825467313, 1.821347834808486, 0.03852659922891429, 0.02914733544457704, 0.04466344868498189, 0.15790503418871335, 0.12245045855109181, 0.15291602164506912, 2.006943487695285, 0.24587515794805118], "valid_accurs": []}