{"train_losses": [1.0234112032743359, 0.9241171562009387, 0.8891190093345743, 0.8610937663960079, 0.8168485374362381, 0.8426026821767212, 0.8271418521328578, 0.8031666006439577, 0.8641244475015257, 0.8371399419490623, 0.8409698028413076, 0.8681184120831036, 0.8367201866059707, 0.8407527468113042, 0.8089342391877262, 0.7791784941834747, 0.796071831511442, 0.7517107425149155, 0.7533632706476268, 0.7435265911161584, 0.707347251869068, 0.6927983564516854, 0.6460494509055501, 0.624562824647578, 0.5893468146049787, 0.5496563877141665, 0.5443516961008152, 0.5091748961183444, 0.48063317844003595, 0.4695540987073429, 0.4319174626359233, 0.40546361380626283, 0.36404531397832135, 0.33420295236760345, 0.322137606128183, 0.29590701303942496, 0.2776556679653743, 0.293582940267192, 0.26857952204922203, 0.2791158166571111, 0.2927244072632184, 0.26820514700005926, 0.27650255989776085, 0.2562691467326312, 0.24111427065162433, 0.2528748195914049, 0.22574663171101184, 0.23588628668791403, 0.23994642206364208, 0.21782667057775945, 0.24866286580445907, 0.23398061707694695, 0.22368787145291372, 0.2673470845455846, 0.23449389121086195, 0.23455205151722544, 0.21965216530891007, 0.20265576462187465, 0.24563217208420157, 0.22026037526312015, 0.21520802002183345, 0.2338836624942444, 0.2071444474002987, 0.21596014765756472, 0.20685286802195368], "train_accurs": [], "valid_losses": [0.6644541552024228, 0.6572701930999756, 0.7651006749698094, 0.7511773982218334, 0.7852869257330894, 0.6662631167897156, 0.771074367421014, 0.7537562698125839, 0.6967855479036059, 0.6977878090526376, 0.9636067886437688, 0.7923843786120415, 0.769403878067221, 0.8211702848119395, 0.7846923236336026, 0.7077442652412823, 0.7721074947289058, 0.7584753600614411, 0.6100948953202793, 0.7339164641286645, 0.6908753365278244, 0.6814967878162861, 0.6306926576154572, 0.5915892411555562, 0.6064405106008053, 0.5964927785098553, 0.5150322113186121, 0.5126573078866515, 0.5132806237254824, 0.4842243873115097, 0.4593027947204454, 0.3998914927776371, 0.4281066903578384, 0.3738816183592592, 0.3619845850127084, 0.3466830032744578, 0.3397729319653341, 0.3386138169361012, 0.32003490201064516, 0.3542330637574196, 0.3643272771899189, 0.3401720529156072, 0.3613941922251667, 0.3565154748835734, 0.2897831007306065, 0.315748729077833, 0.3214927935706718, 0.37833124824932646, 0.37259703129529953, 0.34189798470054356, 0.3763017202062266, 0.3681127413042954, 0.40953260766608374, 0.409467843494245, 0.4094217251986265, 0.36592411888497217, 0.36530078681451933, 0.4071197038782494, 0.3778096056942429, 0.42866009074662415, 0.39434673530714853, 0.44799583591520786, 0.42670505068131853, 0.42545590177178383, 0.41578288695641924], "valid_accurs": []}