{"train_losses": [8.932556474235803, 4.164857066999193, 6.270631493958413, 4.700054759892943, 2.0745561195461595, 0.037062573499505605, 0.03629149287534515, 0.06399565681022891, 0.03855149780834153, 0.04224055402436003, 0.042770341009205015, 0.04445509059455802, 0.042548959080247854, 0.048714499195776376, 0.048354687561108244, 0.04291024674741526, 0.041693165599119876, 0.041623065429339315, 0.0463689018580304, 0.052927463859049985, 0.0440846389218558, 0.04383829378046736, 0.0441197623536665, 11.202903215937754, 0.13647408710952796, 0.08732128790390101, 0.07721883059812212], "train_accurs": [], "valid_losses": [9.785171659929413, 9.255023260201726, 14.996784640210015, 2.170107153909547, 0.03810976266062686, 0.0377324888748782, 0.036060288082808256, 0.03868100602578904, 0.0381408052718533, 0.043365282006561756, 0.04337238586906876, 0.043350847637546916, 0.04329490884473281, 0.042455004494903345, 0.04188933735713363, 0.04212208208627999, 0.04155879540901099, 0.04212122896154012, 0.04966497737249093, 0.04454111430927047, 0.04461251718125173, 0.04457665830185371, 0.04491280677861401, 0.08508405847741025, 0.04404924646951258, 0.043464739773688574, 0.045205969363451004], "valid_accurs": []}