{"train_losses": [1.5443888659930336, 1.148986628220092, 1.1100065896953393, 1.1569582219846648, 1.0235829368882656, 0.10562936821320343, 0.1130505260796501, 0.11547906355451944, 0.11666823454976621, 0.14638532030214957, 0.14221835545184117, 0.13772720138951125, 0.14116342938020487, 0.14585432596083275, 0.15964080649533424, 0.1670663136129196, 0.15220290304443954, 0.15831801601226245, 0.14806893045647382, 0.14829769624371875, 0.150155650603488, 0.14462891287208277, 0.16915907420015713, 0.1642559131362994, 0.16586076598024477, 0.1748397608637405, 0.16987922965502578, 0.14817745159316925, 0.14347110536556304], "train_accurs": [], "valid_losses": [0.9596564131123679, 1.5919855109282903, 1.1144873244421822, 3.81084400841168, 0.0317773732157158, 0.18858501527990615, 0.04524945660627314, 0.02604577750233667, 0.020370378092463528, 0.12302569605942283, 0.16539306991866656, 0.05089856870472431, 0.04291308318663921, 0.10159528468336378, 0.0797911077471716, 0.2671806588768959, 0.0891426018040095, 0.15325971000960895, 0.07878246397844382, 0.06563799648678728, 0.044005195410656076, 0.11693524037088666, 0.19035140770886624, 0.2282229382544756, 0.34129953171525684, 0.3432898015848228, 0.07848946031715189, 0.11175981483289174, 0.04283730439575655], "valid_accurs": []}