{"train_losses": [0.29349277543012425, 0.26436481350865315, 0.18133945060677079, 0.04583771123240391, 0.04644173573180245, 0.06044906789003305, 0.06200523605008447, 0.0641988739716234, 0.13280266179412445, 0.12576228785254653, 0.152224543450213, 0.18716972598204853, 0.17635571331810698, 0.18993529080161972, 0.18545195307562906, 0.18256069935621724, 0.2352824845011272, 0.21848053699014364, 0.234953451408911, 0.244823948652656, 0.22577912571332442, 0.29650643428482076, 0.28731791368592036, 0.2680191811193865, 0.26446338264005526], "train_accurs": [], "valid_losses": [0.2921722379646131, 0.17619060299226216, 0.013882488261775247, 0.014689940219146333, 0.012738358071406506, 0.06018465258447187, 0.08117263624444604, 0.11207535024732351, 0.14926621889961617, 0.11852009660963501, 0.2170793584414891, 0.19774378476930515, 0.17740559977080142, 0.27661933483822004, 0.27116127578275545, 0.24913365979279792, 0.2651488544153316, 0.28955712275845663, 0.3600043329809393, 0.3344186419355018, 0.26400456737194744, 0.5127917315278735, 0.38128702049808844, 0.46243511885404587, 0.29803204802530153], "valid_accurs": []}