{"train_losses": [194.54127490331257, 176.87803260359183, 129.5103151331503, 50.50537444422485, 48.699917838686986, 24.91543646464272, 13.713965824672155, 12.81605070703244, 3.130382191724878, 2.940396327505667, 2.2789364304965134, 1.3034779452299945, 1.2561217421892459, 1.0030737966299057, 0.9105227693678841, 0.8927792074976775, 0.776464084232295, 0.7615235475872559, 0.7261325441024922, 0.6782144334896532, 0.6765127735084326, 0.613700879038011, 0.5995102881123779, 0.5878566491698461, 0.5404587626536056, 0.535171798218495, 0.5108284190218285, 0.48743704919304165, 0.48624429299875543, 0.45550492835580986, 0.4486525935076532, 0.4424808737698686, 0.426427797192619, 0.425132551166431, 0.41123960979243435, 0.4041531004760631, 0.40300299999890504, 0.38121952766936923, 0.378544888365521, 0.37968458231321717, 0.3822027807513242, 0.38320694615443546, 0.3804504201210365, 0.3801459605810503, 0.38026991995081066, 0.3769636894502337, 0.37997837979642174, 0.37530876069314895, 0.3687595854754801, 0.3683302905903291, 0.37684972264936994, 0.3788544011336786, 0.37946391229828197, 0.3924344550601389, 0.3929870079355265, 0.3909275084733963, 0.39178772014442576, 0.3915087436399763, 0.39012708361186677, 0.390957637202172], "train_accurs": [], "valid_losses": [133.88773373195104, 122.88843713487897, 33.462565660476685, 31.324931383132935, 28.838540724345616, 8.039142455373492, 6.578753743852888, 1.8231046497821808, 1.3992568946310453, 1.295944159584386, 0.7634445029710021, 0.757366454494851, 0.7244699730404786, 0.5665180422365665, 0.5871530952198165, 0.507231915635722, 0.48617455336664406, 0.49168489820190836, 0.4234676603227854, 0.4463756228131907, 0.4259815865329334, 0.3931368222194059, 0.399801424571446, 0.3513092542333262, 0.34795511487339226, 0.3502682859876326, 0.31640750728547573, 0.3266733581466334, 0.32741186395287514, 0.2970454160656248, 0.306095439940691, 0.31095944850572516, 0.3029600828886032, 0.29054340507302967, 0.2880302196634667, 0.2762519331382854, 0.28255729457097395, 0.27828487088637693, 0.2702046502381563, 0.26843036870871273, 0.2904990227626903, 0.28724412327366217, 0.295950104615518, 0.28161567768880297, 0.27893586909132345, 0.2861602144049747, 0.2937996488596712, 0.28274020020450863, 0.27025043724903036, 0.2714473783437695, 0.2829154458429132, 0.2842782935393708, 0.3022546392998525, 0.30109328324241297, 0.30655340531042646, 0.3046927622386387, 0.29907092531876905, 0.31894629581698347, 0.3086029828659126, 0.29486412475151674], "valid_accurs": []}