{"train_losses": [11.722629444631517, 9.863848031376282, 10.68343653991751, 9.867801673811485, 5.352512015657693, 0.07997294261259326, 0.07702001981538345, 0.07638535733288365, 0.07522452079450788, 0.05178708951852845, 0.04984695230067046, 0.04954368024390208, 0.04867294263431794, 0.0514240439062542, 0.05522551760920302, 0.054490898032061655, 0.05357987655335152, 0.05280721678537616, 0.05231060014354967, 0.05131692539613981, 0.050728981505354605, 0.050010825313492865, 0.0523998649007055, 0.057398397517622324, 0.0563233253246856, 0.05530941400390405, 0.05402763039547933, 0.05834830967852703, 0.05777290028128015, 0.05656232461923253, 0.05600805117693894, 0.056957937477839206, 0.06075582240720815], "train_accurs": [], "valid_losses": [9.127821479524885, 15.57131222316197, 12.40426845209939, 8.043252612863268, 0.09231791668571532, 0.08822654789712812, 0.08817709536690797, 0.0887499190534332, 0.08500477861213897, 0.05294719587878457, 0.05462388098905129, 0.05299518516819392, 0.052426950739962716, 0.06074305966363421, 0.061705858180565495, 0.06058681470208934, 0.06011983758902976, 0.061152367653059106, 0.05725452726307724, 0.05922686202185495, 0.06013869534113577, 0.05820284604227969, 0.07367467893553632, 0.07487627225262779, 0.06878415960818529, 0.06930148787796497, 0.06865217130897301, 0.07296923700986165, 0.07106431969441473, 0.07213367664787386, 0.07513738756201097, 0.07854364825678724, 0.08243197754823736], "valid_accurs": []}