{"train_losses": [0.10365264392478973, 0.10253163304061912, 0.10110448936329168, 0.10122581847787443, 0.10298449637123902, 0.10326656315694838, 0.10278111918749314, 0.10357267637126047, 0.1023190438713693, 0.10352744706548177, 0.1028226916910027, 0.10307592441795638, 0.10213757955313268, 0.10099078531111527, 0.10139964896831577, 0.10231889573629625, 0.1010436832196842, 0.1018399196124859, 0.10121048084245278, 0.10020877864228654, 0.1016755336600596, 0.10039038493453917, 0.09977036451592165, 0.09996004797079984], "train_accurs": [], "valid_losses": [0.04158539035623627, 0.041476671085027714, 0.04147210005404694, 0.041455359663814306, 0.043180258512230854, 0.043200996704399586, 0.043172297932739766, 0.043190186543922336, 0.043141207291877696, 0.04362960632092187, 0.043638772796839476, 0.04360392889274018, 0.043583992369739075, 0.04340871559855129, 0.043405543347554545, 0.04338918659569962, 0.04339374059678188, 0.043394934319491894, 0.04348509718797037, 0.04346366153497781, 0.043440735965435, 0.0434610467138035, 0.04349094496241638, 0.04347946252008634], "valid_accurs": []}