{"train_losses": [15.363788462871879, 12.520933835215159, 12.39634802007028, 12.372325887507444, 6.6029319923067655, 0.047873632834878714, 0.04654539471315178, 0.045837259299345144, 0.04594363763978983, 0.04640822686103269, 0.04549863843070301, 0.045307244890584394, 0.045306425010659034, 0.04458010088382668, 0.045085882523615436, 0.04436749813665227, 0.044336862208920094, 0.043938690000024046, 0.04364668803365387, 0.04363640786329815, 0.043680014687156245, 0.04323730078353062, 0.04348324407819169, 0.0432085462032535, 0.04317982234819308, 0.043252168210619446, 0.043145551051253374, 0.042904555009534724, 0.042754850126971486], "train_accurs": [], "valid_losses": [7.912244030407497, 7.8883868881634305, 8.227113945143563, 8.906455831868309, 0.04138411511667073, 0.041018569841980934, 0.04082174313121608, 0.040544431091153195, 0.04048164069120373, 0.04341760177963546, 0.04324059487719621, 0.04315016561719988, 0.04301661751898272, 0.043200829066336155, 0.04320694279990026, 0.043181558239406774, 0.04314727974789483, 0.04297397488595119, 0.043305962113663554, 0.04320697160437703, 0.04323933263575392, 0.043237344295318635, 0.04319386410393885, 0.043006911142063994, 0.04307842327814017, 0.043095573084428906, 0.04301081667654216, 0.04281800556262689, 0.04269398828702314], "valid_accurs": []}