{"train_losses": [135.31073086854641, 125.8771990922393, 102.49253653470801, 58.399090706355985, 55.91218951896385, 39.783357090420196, 31.50929670737534, 30.470000037440546, 24.474707850703485, 23.21912738255092, 21.6575713536096, 19.505879153650273, 18.526797305969964, 16.727533373252424, 15.643382315913206, 14.808669834540634, 13.115283274145984, 12.422353822718222, 11.362344594859572, 10.256334613870692, 9.714410867009844, 8.58691054551059, 7.914835192539074, 7.344172933745006, 6.334001266767109, 5.87800310023878, 5.1820832087249356, 4.591411990463419, 4.271564256577265, 3.5097692951008126, 3.2220535048101313, 2.9068843277673873, 2.396582851491908, 2.226575657015755, 1.9168665698438725, 1.6771590650554686, 1.5721030374052662, 1.279519152625528, 1.206785457632529, 1.1094935639273553, 0.9767766837326307, 0.9315255702566848, 0.8466929863921548, 0.7962183547871453, 0.7670884081532084, 0.7174380308894254, 0.7138825761814597, 0.6856720590638736, 0.6598992392263084, 0.6667199356767236, 0.6343694484974972, 0.6334268811242606, 0.6225430722984057, 0.6181881636105202, 0.6069293874044898, 0.6031650523975413, 0.5918469317060299, 0.5872185749036295, 0.5796889784159484, 0.584449789117253, 0.5627128506108882], "train_accurs": [], "valid_losses": [127.90269211360386, 106.39192186083112, 61.52489628110613, 41.685515131269185, 40.857397726603914, 15.76611592088427, 15.111915094511849, 9.051282320703779, 4.53681418299675, 4.341343922274453, 1.8830528291208404, 1.823583504983357, 1.6333506288272994, 0.8577025064400264, 0.8722738777952534, 0.5158331133425236, 0.4549220821687153, 0.43921004980802536, 0.3601200535361256, 0.3874701892158815, 0.3460298004959311, 0.3616041655519179, 0.34520499780774117, 0.3910829738846847, 0.3280710535390036, 0.3229763795222555, 0.27158082742244005, 0.24618716391601733, 0.22245023106890066, 0.2028090407007507, 0.17844426166266203, 0.1759502315627677, 0.16219509180103028, 0.14872994599863887, 0.1649004387270127, 0.15308103737022197, 0.1378421769477427, 0.13670547306537628, 0.12487021221646241, 0.12620347112949407, 0.12330826691218785, 0.12431436404585838, 0.14434544050267764, 0.14486690584037984, 0.15348946595830576, 0.162339842745236, 0.16440874271626985, 0.17198686009006842, 0.16747939413679497, 0.16481177881360054, 0.1800909150125725, 0.1796407610444086, 0.1789651797818286, 0.178668889749263, 0.17851457319089345, 0.17970090253012522, 0.1799659932564412, 0.18069006595760584, 0.1813684921445591, 0.18205023211027896, 0.18325643467583827], "valid_accurs": []}