{"train_losses": [0.22045560401898842, 0.2112565095777865, 0.21264254128333754, 0.21969441521577734, 0.21939310461046205, 0.23099879886974733, 0.23587647721013694, 0.23800991239055755, 0.27310685679395363, 0.27249850896458144, 0.2701836229356193, 0.26681450835217246, 0.2668626850677861, 0.25621294632317526, 0.2529663259666117, 0.25283216367717143, 0.25443418735943774, 0.2535360559387497, 0.24746669655439085, 0.2417051273363608, 0.2404933717279207, 0.2658461271218522], "train_accurs": [], "valid_losses": [0.15951330933187688, 0.14131980894931725, 0.1628253696752446, 0.17387730308941432, 0.17569254445178167, 0.21637652787779058, 0.2119632131819214, 0.2698087804019451, 0.25144168441849096, 0.26454702844577177, 0.232168192842177, 0.21783148550561496, 0.27250487809734686, 0.2587393806981189, 0.24071845492081984, 0.2441095198903765, 0.22498649757887637, 0.23994351763810431, 0.2186930397791522, 0.24705681497497217, 0.20913213278566087, 0.2563588927899088], "valid_accurs": []}