{"train_losses": [80.8345163436163, 69.09240522838775, 62.065331110878596, 51.17288312457857, 49.33005506021005, 40.84438646659649, 36.43378247659673, 34.89473950169074, 28.957983037151358, 27.908489745760722, 25.744144121805828, 23.24873683313844, 22.30277880032857, 19.56431429474442, 18.177329130273648, 17.20712176706425, 15.123285765370364, 14.477975286503948, 13.036321149932014, 11.150866164732232, 10.869868805168798, 8.66260365582017, 7.914019867698983, 7.555058720565977, 7.441173566712274, 7.0254710881167615, 6.8626042544526396, 6.328804248224491, 6.109502405243576, 7.288230027786638, 6.995431176569096, 7.052878697713216, 7.181593592204745, 6.834081514487191, 6.753537981598465, 6.578195520178982, 6.21902776048297, 6.734749462869432, 6.161654661572169, 6.074075875616578, 5.62412808780317, 5.270076812890472, 4.900566143648965, 4.410520151651726, 4.3653494938025394, 3.814620102051074, 3.484084885981348, 3.359391494639336, 2.8385471992549443, 2.706048369959549, 3.0707715033854126, 2.9208262945924486, 2.833218284148388, 3.0942962802749463, 2.843178625460024, 2.4805402762044673, 1.9246591125373487, 1.8488789874882925, 1.7533155139240006, 1.619710593942612, 1.5156562776950302, 1.3643782935918323, 1.274482870109813, 1.2212228054407412, 1.0710225710398937, 1.0239758556166654, 0.8601011195707888, 0.767705705115404, 0.7325725500624647, 0.6252711468903476, 0.6022712247909376, 0.5449467760426973, 0.49805575313549194, 0.4632916148929369, 0.4325202163210306, 0.3682617640034074, 0.3788326668045508, 0.3920159345029523, 0.35881540429576364, 0.3473961018617191, 0.3262017977931512, 0.31426680824231534, 0.35742692022569594, 0.32514217833953873, 0.3128542805869113, 0.28862559548998007, 0.2679597509325181, 0.31031408339305216, 0.29039959732699333, 0.27583972341996965, 0.3085989552949156, 0.2717838550193442, 0.3136329751698271, 0.35437582062665746, 0.3244804467946764, 0.3689928323266998, 0.3437063513057573, 0.3376412703778851, 0.34254381379910875, 0.30683204299085354, 0.32792242358207074, 0.3258720163512167, 0.3102092630767002, 0.31792678944175207, 0.28812190855818764], "train_accurs": [], "valid_losses": [50.22899014609201, 48.433700629643035, 34.620881761823384, 33.5920251096998, 34.711243220738005, 25.80065635272435, 32.782048395701814, 18.770011731556483, 15.303051522799901, 20.403778110231674, 19.3552998985563, 18.670736619404384, 18.619995849473135, 13.408149898052216, 13.173672565392085, 11.322915528501783, 11.783033349684306, 9.928820077862058, 8.661212929657527, 7.950015725834029, 8.977637746504374, 5.980543915714536, 7.347980644021716, 5.532571001776627, 7.059842194829669, 5.0962425236191065, 8.226531213947705, 4.768795336463621, 6.19283981568047, 6.6786977627447675, 8.888364466173309, 7.737981740917478, 6.883320528481688, 6.894129832940442, 6.457041349794183, 5.895516954362392, 6.753955956016268, 7.45522464332836, 8.108267823500293, 6.617600818829877, 5.57376017048955, 6.706545141126428, 5.8694313157882005, 5.297622593918017, 3.0620136809136187, 5.15999319085053, 3.6209368210818087, 2.725477585302932, 2.7507889957300256, 3.4175835145371303, 3.7942318660872325, 2.757519313267299, 3.1949102644409453, 2.6371397833739008, 3.1052545346319675, 2.245135064635958, 2.051596558519772, 1.6736915015748568, 1.542843656880515, 1.6175421928720815, 1.0158658123442106, 0.9863228494567531, 1.27975400484034, 0.7009955564779895, 0.8345386779734066, 0.6428056582808495, 0.454953826165625, 0.45991367367761476, 0.4148594420403242, 0.44570729828306604, 0.4111943963382925, 0.3321213370987347, 0.307339070630925, 0.3653630151280335, 0.3500319088676146, 0.35535438092691557, 0.2772852322086692, 0.33015077960278305, 0.35766750893422533, 0.2783209995499679, 0.32844032905995846, 0.32406503786998136, 0.3446656276604959, 0.3580082109464066, 0.26915923851941315, 0.2711209918239287, 0.2758217194516744, 0.3494271984589951, 0.30704005381890703, 0.3489604837128094, 0.2975718371037926, 0.33295511959918905, 0.4182782963450466, 0.4624228296535356, 0.495698413678578, 0.4808945972472429, 0.46189933323434423, 0.37531919298427446, 0.381154827773571, 0.4270950020956142, 0.32555167164121357, 0.4219960157892534, 0.4013393529291664, 0.4153271072677204, 0.38374248785632], "valid_accurs": []}