{"train_losses": [0.06779545073595522, 0.04412361766671029, 0.03568706177259327, 0.03255281738549201, 0.03664795095227423, 0.043707925615604645, 0.04274956705849365, 0.042377914356834745, 0.042062290210900535, 0.04644353866863709, 0.046249857930913234, 0.046297649397805535, 0.04606165079930924, 0.044526917206721875, 0.042565906100076246, 0.042472301560930265, 0.04252721574073194, 0.04234726174536469, 0.044675531990960984, 0.044977926994711835, 0.044868692905300746, 0.04493003130397376, 0.04352194410474861, 0.04134823277811794], "train_accurs": [], "valid_losses": [0.01778066816872784, 0.016654088660808548, 0.016650508024862835, 0.016479918866285255, 0.04104937396810523, 0.041297796880826354, 0.04107025106038366, 0.04128802910314074, 0.0410335577492203, 0.04654294478573969, 0.04689212811977735, 0.04679333029447922, 0.04660618774193738, 0.04331025896993067, 0.043209435717601864, 0.043236738736076016, 0.043320292906303494, 0.04325844793181334, 0.046176320972985456, 0.045951145069141476, 0.04605780575158341, 0.04592938774398395, 0.04251692447412227, 0.04242493671232036], "valid_accurs": []}