{"train_losses": [0.23361292552380336, 0.19505650178583525, 0.1749712934904786, 0.16854299186043953, 0.15706494140128294, 0.1837236524002735, 0.1921032229586253, 0.1886517915027167, 0.21143891524385522, 0.20875061145692905, 0.21355559182151285, 0.22072931676708832, 0.21900027509404238, 0.22623364258774373, 0.22778547653760858, 0.22856280497378773, 0.2346741433142039, 0.23399710540891325, 0.2333085123824064, 0.23384223127412418, 0.23367207030218745], "train_accurs": [], "valid_losses": [0.005878220125201291, 0.006566106187944699, 0.06983894222815122, 0.06917734311095305, 0.06505368437085833, 0.14012153712766512, 0.13443130840148246, 0.1739059995327677, 0.16988463726426875, 0.16046289913356304, 0.18951650629086153, 0.18457871143307006, 0.19640124296503408, 0.20474196837416717, 0.20180946455470153, 0.21607493236660957, 0.21189699481640542, 0.20976227867816175, 0.20042364964527742, 0.21524803233998163, 0.2156000573720251], "valid_accurs": []}