{"train_losses": [0.6036782211442878, 0.5234321503482793, 0.5000552742055099, 0.4882417002954095, 0.4595639463598372, 0.42543186179922715, 0.41975796660956216, 0.4174856492297142, 0.4145566128632602, 0.3991396339500652, 0.3969620744701964, 0.39743251201793617, 0.3883035752028901, 0.38451447408663203, 0.3817455103089907, 0.3783112176403201, 0.37642848066884466, 0.3683425199527007, 0.36374377557055443, 0.359767077869959, 0.3566809819160004, 0.35014801135295115, 0.3499114916605108, 0.34293866666598555, 0.3388083398476985, 0.3422010577709427, 0.33544178148605164, 0.3304773201297851, 0.3270376384325696, 0.3254631293844853, 0.31928687289829166, 0.31452740061337053, 0.31136971492977705, 0.3068784503645487, 0.3054588469782027, 0.30441984399411476, 0.2979658633065979, 0.2947914796245044, 0.2940484592143227, 0.28947856927888965, 0.28746545672146984, 0.2882050105888919, 0.28264019759666864, 0.28018865511832736, 0.27626119247254205, 0.27320245171294494], "train_accurs": [], "valid_losses": [0.21675097170685018, 0.16049177838223322, 0.14537273041371787, 0.14167718629219703, 0.052360073131109984, 0.05180181223633034, 0.05199722809317921, 0.05209913700153785, 0.05215353994364185, 0.04301806609146297, 0.043036512531606216, 0.04307184850664011, 0.04310345613131566, 0.0419844375989799, 0.04196014328460608, 0.04199109851781811, 0.04200592743498938, 0.042093505118308325, 0.0415678532860641, 0.041637020684512596, 0.04162894601800612, 0.04164312437309751, 0.04155661648006311, 0.041601895986657055, 0.04157133972538369, 0.04151159993905042, 0.041541990624474626, 0.04187035247949617, 0.04183745307714811, 0.04185102244706026, 0.04186182286191199, 0.04199104766095323, 0.041976309447948425, 0.04198940124894891, 0.04200000149597015, 0.04196808720007539, 0.04198095654802663, 0.04199449441927884, 0.04197574576496014, 0.04197730932251683, 0.04219331878370473, 0.04218526533804834, 0.042179239714252095, 0.04220507483530257, 0.042178447058956535, 0.04207297846941011], "valid_accurs": []}