{"train_losses": [54.486806014858225, 21.05994125711855, 17.63232944056234, 0.4572963447324813, 0.5743583229385198, 0.44524445981969907, 0.9318391137298138, 2.1294359302434027, 1.7271916305143682, 0.5324287123820454, 1.2064454034759253, 2.652360933798331, 5.1487034396046685, 1.463171115470311, 3.3600580354846974, 11.936420278732108, 1.198337623287761, 1.6190884423949732, 2.6692542167646542, 4.870579409378546, 7.286816045247688, 2.6009304488777483, 2.975665525626884, 1.6628602687170897, 0.48611452337847183, 2.391094605896681], "train_accurs": [], "valid_losses": [8.958371964948517, 2.62685635473047, 0.15412263040031707, 0.6430974283388683, 0.11339892200859529, 0.09530402201094798, 0.15195577165910176, 0.24515519983002118, 0.20979146978684834, 0.14152171502688102, 1.2598610094615392, 4.101730631930487, 1.843757688999176, 2.546699813434056, 0.3156542660934584, 0.17529173967029368, 0.12909159157425165, 0.4420853225248201, 0.30481925553509165, 14.540156040872846, 1.513400909091745, 5.628030334200178, 0.10719252790191344, 2.521910841975893, 0.1479801873543433, 0.10738535611225027], "valid_accurs": []}