{"train_losses": [0.1287466660731923, 0.09058572102456071, 0.09061208283065131, 0.08895715090922371, 0.06448037720525561, 0.03855180218015119, 0.03805761798221736, 0.037603241328268026, 0.037275418752964536, 0.04227040893486722, 0.04229600043604951, 0.04222757177958392, 0.04199939188694927, 0.04403001249123078, 0.04703393596228701, 0.04686805425523633, 0.046802421319572365, 0.046654500564501294, 0.04626407571204377, 0.0460941512221934, 0.0460407184394776, 0.04591248232905007, 0.0463130301311275, 0.04702550128978841, 0.04691048038541866, 0.046851653028363825, 0.04677204839143548, 0.046547338838490965, 0.046455561802870006], "train_accurs": [], "valid_losses": [0.055915840701865296, 0.05549506919591555, 0.055325386912695, 0.05437603862290936, 0.04002843946883721, 0.03940619175721492, 0.03895019373989531, 0.038716388234336464, 0.0381389770523778, 0.04362492569323097, 0.04355191233168755, 0.04339226205567164, 0.043193720314385634, 0.04848919406400195, 0.04857056448236108, 0.04857246258429119, 0.04841545087817524, 0.04842712141440383, 0.04763025723929916, 0.04759601014666259, 0.047416889773947854, 0.04737757715130491, 0.04851675745365875, 0.04892727589633848, 0.04830776760354638, 0.048611668104838045, 0.048109294015115926, 0.0481245041425739, 0.04776726696374161], "valid_accurs": []}