{"train_losses": [15.064460611990674, 13.71451146570266, 14.176311045750234, 13.796471529956317, 7.529558522405516, 0.022342766468661807, 0.021280340621736726, 0.020972907026951534, 0.020437597724866138, 0.03720941705991645, 0.0374158597445933, 0.03718340512769659, 0.03676875878117001, 0.03998061900376869, 0.04341545880548824, 0.042629790252150454, 0.041950806730945187, 0.041506634654300247, 0.05221994053909547, 0.05264112948359947, 0.05139957976472728, 0.05066613003830699, 0.05134760501596453, 0.0518836115457421, 0.051161097809335226, 0.05088634421517946, 0.04950424562296851, 0.05539528264061493, 0.055084953303722775], "train_accurs": [], "valid_losses": [15.87416776588985, 9.457507422992162, 10.27301595892225, 14.835387298039027, 0.022010802973194847, 0.021604001106295203, 0.021424401734423424, 0.020748456482708986, 0.020669856807217002, 0.03856748502169337, 0.03862286349093275, 0.038208377065270076, 0.03853275354153344, 0.04827452135006232, 0.0467199386496629, 0.04673807615680354, 0.04736613355843084, 0.04738570051267743, 0.0613998976270003, 0.060709369335589666, 0.059539147918777804, 0.05941594212449023, 0.06013539978968246, 0.060288229691130776, 0.06256598270764309, 0.062113965362576504, 0.062184423341282775, 0.06722091657242604, 0.07809280803693193], "valid_accurs": []}