{"train_losses": [0.2320020259168353, 0.1816629069558096, 0.1791542783817824, 0.17991968625271482, 0.10613432184611847, 0.018116839739970223, 0.017188202631891584, 0.01703059461443976, 0.016995787390874387, 0.037383370501794154, 0.03771375308057706, 0.03739450854666498, 0.03715927765717334, 0.040167580038410235, 0.04450564984889591, 0.044157637055643004, 0.04365688406048992, 0.04334640355013749, 0.04645725112930952, 0.04654533178777312, 0.04617909937085609, 0.04595491987109454, 0.04647951295843761, 0.047626300971971916, 0.04740376068843841, 0.04669231674486426], "train_accurs": [], "valid_losses": [0.16797671733157976, 0.16294678087745393, 0.162084823474288, 0.1584901628749711, 0.01769337773190013, 0.017138036541707282, 0.017330114979163876, 0.01720683844593753, 0.017956007637881806, 0.03909398369225008, 0.03867232264019549, 0.03915999021514186, 0.038522096151219945, 0.04805122089705297, 0.04665228727805827, 0.04716424354618149, 0.04664022661745548, 0.048685959606830566, 0.05085763501535569, 0.050902909000537226, 0.05090338370895812, 0.051027451608596106, 0.054395463450678756, 0.053359629752646597, 0.055296534672379494, 0.05496567288147552], "valid_accurs": []}