{"train_losses": [41.56554053595703, 42.19289933718168, 43.1671882042518, 41.87176744970261, 22.243290490780566, 0.02198849479790052, 0.02160103230134529, 0.02144158863761711, 0.021346990736538535, 0.03694767861024422, 0.03783771447306372, 0.03775854873138046, 0.03770544632375915, 0.03865178249253811, 0.0397257763656421, 0.03963825179946638, 0.039616161240981176, 0.03952295391723446, 0.04318050490650117, 0.043573755429577234, 0.04347231150162301, 0.043411735508472944, 0.04510004433689479, 0.04797454175383392, 0.04792047319385935, 0.04775862716458637, 0.04773970148041507, 0.045335434048491365, 0.04490139188742206], "train_accurs": [], "valid_losses": [51.93448822838919, 52.162043707711355, 41.6869125025613, 51.327111039842876, 0.02339964814018458, 0.02211344290325152, 0.021911870621676956, 0.02186509399741356, 0.021822633587622216, 0.0391837239398488, 0.03908936220354268, 0.03904496861754784, 0.03886876155489257, 0.041037660258423, 0.04083412825795157, 0.04076714171761913, 0.04081904349316444, 0.040785398201218674, 0.04490136248724801, 0.04503543581813574, 0.044803474231490066, 0.04466715378553739, 0.04985236496265445, 0.04946322090524648, 0.0496043210982212, 0.04931719275191426, 0.049491389953930466, 0.046319343748369386, 0.04639653126443071], "valid_accurs": []}