{"train_losses": [0.45675885907950853, 0.40767578845695845, 0.2828715009585259, 0.06679298649369567, 0.06570582739299252, 0.11166497753075665, 0.1275091404538779, 0.13176134679091986, 0.2229699439827412, 0.22080789551769614, 0.2448373548292294, 0.279245841676596, 0.27747026669285285, 0.34827259864914356, 0.36678421595897626, 0.37111390405704103, 0.4126610359738743, 0.4098472548303781, 0.42435084866783607, 0.44185249759722006, 0.4388363229298087], "train_accurs": [], "valid_losses": [0.008044516033675921, 0.008170652943330683, 0.05109105731493661, 0.05218994817031281, 0.046152185781725814, 0.11693050605910164, 0.10991016602409738, 0.21967185022575514, 0.19961940896298205, 0.17300733790865966, 0.27527012835655895, 0.2750171736947128, 0.21457048425717012, 0.31921570960964474, 0.30749873045299736, 0.342837837391666, 0.3679486656827586, 0.3896471139575754, 0.5036340361194951, 0.3487899377942085, 0.3916673431439059], "valid_accurs": []}