{"train_losses": [0.973277438648794, 0.9026452940765513, 0.7990998121559936, 0.6258690410032475, 0.5974319183006489, 0.5838180677127586, 0.5642710524813208, 0.5424145689559361, 0.5930933180072951, 0.5661117595733789, 0.5870180743396598, 0.6178268569881323, 0.588557981545963, 0.5876260310332612, 0.5610970142420637, 0.535349393923762, 0.5201766443236795, 0.49483444998977044, 0.4993141408635195, 0.49982679245017825, 0.4743934650979345, 0.4955122135776691, 0.47257633105156915, 0.472147843628018, 0.4874999397409656, 0.4631381936410747], "train_accurs": [], "valid_losses": [0.4605154948575156, 0.47267131773488863, 0.42128666224224226, 0.6109539658895561, 0.47590949120266096, 0.3979457403932299, 0.5341457203030586, 0.5004238257450717, 0.5154506808945111, 0.483918946236372, 0.5984726995229721, 0.5624590686389378, 0.5574296877852508, 0.5097401072936398, 0.5544486716389656, 0.531284541956016, 0.4279071273548262, 0.41594115351991995, 0.40527576341160704, 0.4321045247571809, 0.4507010890437024, 0.4209749243621315, 0.4713293928653002, 0.5417368188500404, 0.5358867490930217, 0.457718662917614], "valid_accurs": []}