{"train_losses": [4624509.504486913, 334628.9924703054, 432513.4538231759, 263855.5613952913, 1832555.1054422369, 324389.40325403, 875996.9661605628, 899383.0329998586, 559364.7923854638, 986272.2726597851, 1249681.8572186085, 786031.6884544683, 640688.0545107466, 749803.0945630656, 1147592.0452842196, 1544398.8716770362, 1912248.0087316176, 1124245.2150735294, 1033445.3610011312, 825878.9567307692, 2354935.6056278283, 948501.2781391402, 1637889.3207013574, 1723214.2689479638, 2116440.451145362, 3183940.442449095], "train_accurs": [], "valid_losses": [526492.6902901785, 51032.32777622768, 53169.61328125, 408420.02287946426, 313605.4581473214, 34615.33412388393, 336912.34598214284, 646603.3883928572, 153442.35184151787, 516160.6590401786, 122033.21428571429, 220731.736328125, 590021.0619419643, 439958.90848214284, 1398736.546875, 679031.3459821428, 413198.6043526786, 821066.8683035715, 1457306.1361607143, 700231.67578125, 2016856.6205357143, 2689546.3035714286, 914332.5982142857, 1186506.6183035714, 2243751.957589286, 2641817.6785714286], "valid_accurs": []}