{"train_losses": [136.51271675755737, 139.9870582358547, 114.48158205627765, 63.87125620766292, 63.281978107634046, 51.349835976091015, 46.19560321928963, 45.25800221559232, 33.705604081431396, 33.59600961523712, 31.950787501360374, 29.72957529088177, 29.64920068670202, 30.23093915364099, 30.458487979949467, 29.94359859839949, 24.971848190146147, 24.623224013696902, 22.57590949093854, 20.214699959628796, 19.834198994611306, 14.357812590699979, 13.3066694553567, 12.665872315250377, 10.295051927289004, 10.21232132873838, 10.186083904649845, 10.134256188200895, 10.025986360494421, 7.387411320651019, 7.069993654886882, 6.663583707241785, 5.5237635954347235, 5.494643558270086, 4.783390701763214, 4.3163080710582635, 4.2814805097680875, 3.716424991844823, 3.6689610443417986, 3.686516841568013, 3.7201070634145585, 3.7023191972384377, 2.945232843911206, 2.5714898181970787, 2.5376754953432337, 1.9048651050007532, 1.8831298436437334, 1.8832154106841517, 1.8784609247767736, 1.876640151732813, 1.6823667678883467, 1.616337284051552, 1.6125220185707485, 1.703303644896815, 1.6870523758193172, 1.7708367380515608, 1.8707856051820926, 1.8711239853233257, 1.7654344089447507, 1.7282397128917553, 1.7026636020216361, 1.5762051318688368, 1.5704860222875756, 1.6088299036972107, 1.6488158950414606, 1.6371939850862696, 1.6437357091714466, 1.6375923390110965, 1.6217580836601357, 1.5687494132096174, 1.568266460977534, 1.378428500638437, 1.2231216825663098, 1.2191278386526008, 1.0484755951812659, 1.0301601299375454, 0.9998146742582321, 0.927020349436336, 0.9249401448107271, 0.9068977724386271, 0.8962149385106627, 0.8998312026104599, 0.8526292778354473, 0.8488431414441456, 0.8328263404429275, 0.8006059851832491, 0.7974930548321002, 0.8546951882659443, 0.8743947070269358, 0.8746187537120133, 0.9270923633581747, 0.9250923565455845, 0.8475935303817981, 0.7397273441076909, 0.7378132285737486, 0.7893593434303526, 0.8022945420767265, 0.792733648151317, 0.7388999546882967, 0.7308896514316084, 0.7404404444196236, 0.7508473327708622, 0.7485184777114127, 0.7041037483978524, 0.6931025430008217, 0.707514581029062, 0.7606631971540905, 0.7536041693239616, 0.7606009253591457, 0.7648844253764582, 0.7606474178493339, 0.8210467224713986, 0.8256885513426766, 0.7934104091433621, 0.6905738647889208, 0.6885189915854464, 0.7407398604684405, 0.769797376302815, 0.7668104638498296, 0.7391585685588695], "train_accurs": [], "valid_losses": [82.02041299002511, 90.34001650129046, 45.536700759615215, 31.708530153547013, 36.798287698200774, 29.829802887780325, 26.92525271006993, 19.086525474275863, 21.593963350568497, 17.887715918677195, 19.80980976990291, 16.05714818409511, 16.00450837612152, 13.590903741972786, 19.36521874155317, 20.90838829108647, 19.722742898123606, 16.297974518367223, 12.078673788479396, 11.691689159188952, 7.339605859347752, 7.354590160506112, 8.255833911044258, 4.620792048318045, 6.341204788003649, 4.961348942347935, 5.314844923360007, 5.859169065952301, 6.195542718682971, 4.705075055360794, 3.705125536237444, 3.104580187371799, 3.0507537509713853, 2.859866723418236, 2.0592127027256146, 2.6225565480334416, 2.043366799397128, 2.168117548738207, 2.283966083611761, 1.9906394364578384, 2.2255093157291412, 1.8247161273445403, 1.371878407895565, 1.6266750171780586, 1.1050876948450292, 1.1402031438691276, 1.2429604290851526, 1.040344508630889, 1.0532246620527335, 1.4010704436472483, 0.9129709739770208, 1.2708817715091365, 1.3976035479988371, 0.8691649889307362, 1.1321145008717264, 1.160321974328586, 1.288394455398832, 1.0592315324715205, 1.4131878135459763, 1.028938121029309, 1.2177957722118922, 1.0275485600743974, 0.9528426969689983, 1.3020727570567812, 1.0890082716941833, 1.1141203013913972, 0.9699161223002842, 0.9331175652997834, 1.0180885642766953, 1.090844167130334, 0.8500075829880578, 0.6893676157508578, 1.1227968579956464, 0.7774343543819019, 0.7361531390675476, 0.7563408740929195, 0.6101358155054706, 0.6122863649257592, 0.6218115580933434, 0.5909724443086556, 0.5936627340103898, 0.6911952713770526, 0.5969235221190112, 0.6300266667136124, 0.5641462664519038, 0.6275813425225871, 0.525903086577143, 0.6301119513809681, 0.6298170850745269, 0.6931237455989633, 0.6579850081886564, 0.6660221298890454, 0.5048020753477301, 0.4881725955222334, 0.5363068745604583, 0.5882241305496011, 0.6020296460815838, 0.5242154608879771, 0.505120364683015, 0.4420969603317125, 0.5571642374353749, 0.6210758648812771, 0.5389165330146041, 0.5142582463366645, 0.49481002667120527, 0.5848398187330791, 0.5342773981392384, 0.5069227734846729, 0.4796414093247482, 0.5963681648884501, 0.5256736565913472, 0.559412243110793, 0.6130820539380822, 0.4907173721918038, 0.5193889173013824, 0.4758028457207339, 0.6246259207172054, 0.4915400041001184, 0.5876922282789435, 0.5334887994187218], "valid_accurs": []}