{"train_losses": [110.59547421288869, 95.36813086555118, 80.5018629397034, 56.89932872126342, 55.24362613032104, 44.50248541403069, 39.57911786831245, 37.44988934199015, 23.49577946889968, 22.568420316807178, 19.313712156638896, 15.076538111166979, 14.538374950015356, 10.291258658050861, 8.781804418437696, 8.287022342757574, 7.094942222827326, 6.933728238577565, 7.063375996218787, 6.972779798759985, 6.675666868055939, 5.952147499909477, 5.50051616416091, 5.1556062297846275, 4.3978259055702775, 4.206665638893369, 3.552591151661343, 3.0739873780144586, 3.035188524022935, 3.281508033710813, 3.116344354297749, 3.4453584343668013, 4.19716632760391, 3.9439312728939866, 3.9548811579822862, 3.6714890638671855, 3.543219447608978, 2.406238576564839, 2.20525721393565, 2.237630281341139, 2.3149546233434526, 2.1820452656380085, 2.479442473757204, 2.42929132582334, 2.3068476201838286, 3.315281886035803, 3.0469060927314104, 3.074536792184941, 3.023289186416795, 2.87278123507424, 3.375507370544174, 3.280425001428556, 3.232084843374434, 2.7801807884659087, 2.5750786699551753, 2.692840427120842, 2.606272114411233, 2.5514415167469195, 2.6343875507080052, 2.4697905171800545], "train_accurs": [], "valid_losses": [61.3354731968471, 65.9462445804051, 30.344562905175344, 38.53530945096697, 29.191709552492416, 28.698630128587997, 29.25121624129159, 14.51191006387983, 15.46430731671197, 11.839702921254295, 7.188201857464654, 11.000957433666501, 8.075402779238564, 5.279181786945888, 5.305618701236589, 4.642964292849813, 6.534469207482679, 6.514113449624607, 4.93145609327725, 5.387720329420907, 5.205300306635244, 4.268894125840494, 3.314015880227089, 4.757611212453672, 3.7908792038049017, 4.303820417927844, 3.387235304606812, 3.757257917629821, 3.45148024016193, 3.784045976187502, 3.6042637282184193, 3.8932785567428385, 5.370898403759513, 3.9682625164943084, 4.790477894246578, 3.896580501326493, 4.843445607594082, 3.7048824477408613, 4.139773326526795, 3.30513290502131, 3.9804229784224714, 3.837226969322988, 3.379726656047361, 3.989739078762276, 5.635602214772787, 6.149568926010813, 5.4360803456178735, 4.812445695112858, 5.49152964300343, 4.6366908348032405, 6.036942308502538, 5.510216816461512, 3.9793814846447537, 5.017306549474597, 3.316071403878076, 4.4533190325434715, 4.320307490016733, 3.415384266259415, 4.291532228035586, 3.836463843073164], "valid_accurs": []}