{"train_losses": [0.2458906013262335, 0.2199319146337017, 0.20896680744749213, 0.19841284291059882, 0.19535897256284163, 0.2512077554153702, 0.27262121981019694, 0.2783120026388181, 0.37497886719684753, 0.3710870811784709, 0.39916656477741463, 0.43756437045398844, 0.43313871347714983, 0.4923551527280656, 0.505782136289531, 0.5110200381783582, 0.5724578972846742, 0.5670097347684008, 0.5619587546224316, 0.5554228874426039, 0.5511111476355128, 0.6654272550155246], "train_accurs": [], "valid_losses": [0.12190164811909199, 0.11087261100432702, 0.19709301527057374, 0.1838634517043829, 0.1819986498781613, 0.2049149325383561, 0.23283169764493192, 0.30020657793751787, 0.2940252795815468, 0.3849787956901959, 0.36970022320747375, 0.36635060102811884, 0.33540832065045834, 0.4068774841725826, 0.45890171240483013, 0.4513325499636786, 0.5056475651051316, 0.5060838365129062, 0.47201050392218996, 0.5088562725910118, 0.46679641199963434, 0.5264968297311238], "valid_accurs": []}