{"train_losses": [8.295097268275006, 7.594463005324834, 7.189822435648733, 7.579151379306931, 4.181289851838276, 0.023470555571207093, 0.022656438872218132, 0.02247302616605055, 0.022089975521524703, 0.044580162096161786, 0.044892600914505545, 0.044214703458702674, 0.04368272865384952, 0.04894798503118268, 0.055731120848042125, 0.05498829860307647, 0.05363875844123946, 0.05265038337019099, 0.054932120310909605, 0.053917784846442586, 0.05332650061342781, 0.05269588304186299, 0.05124690229856995, 0.04981458765703224, 0.0486357365924511, 0.0480144115426152, 0.04775455345007764], "train_accurs": [], "valid_losses": [6.425402130399432, 6.3734393290110996, 3.1445710148130144, 5.811940584863935, 0.023911440395750105, 0.023678707574228092, 0.022779367431732162, 0.022979756534498717, 0.02293755059197013, 0.0491845944364156, 0.04757586437543588, 0.0467598409990647, 0.046513209152700644, 0.06133379514462182, 0.060765754364963086, 0.060657043143042495, 0.06022289501769202, 0.06124882020854524, 0.0632945481421692, 0.06539351067372731, 0.062215855079037805, 0.06463580119556614, 0.05968138808384538, 0.06289384148216673, 0.06265227017658097, 0.06192130409181118, 0.060154418860163004], "valid_accurs": []}