{"train_losses": [126.44294562163176, 112.31351616269066, 94.04762745408154, 60.83711624145508, 58.423158231866424, 47.80253328091253, 41.693811853095966, 39.29374581543857, 32.978425833283275, 30.787956754997293, 27.852817941595006, 24.6555140510438, 22.99243757964442, 19.98056423853314, 18.05119296482631, 16.718135740391162, 13.89249363651982, 12.950868504387993, 11.373536325636364, 9.691230402421699, 8.952926997785214, 7.331997825985863, 6.5613475804606445, 5.843892466454279, 4.620800750280814, 4.2793926353807805, 3.6109492447641163, 3.0221282636362408, 2.8122943023209848, 2.197459520486297, 2.0566776017978707, 1.8716068982131897, 1.5491515490270795, 1.5015283810398565, 1.3673554812237698, 1.2408207182491582, 1.2302096742328512, 1.1258545399264053, 1.110430014157106, 1.0748263778036864, 1.0402236707784511, 1.0293411758762818, 0.9784329658541729, 0.9792318946864239, 0.9690120308487503, 0.9396191475883363, 0.955615764730191, 0.9206749879651599, 0.8974655728255, 0.8699350387804092, 0.8645329145448548, 0.8569944801705854], "train_accurs": [], "valid_losses": [108.6113828931536, 85.80608517783028, 45.0499666758946, 32.04006096294948, 30.853360107966832, 12.728061829294477, 11.479255710329328, 6.700951823166439, 3.273001347269331, 2.68207494701658, 1.2212643399834633, 1.0260122152311462, 0.9954127190368516, 0.560642231787954, 0.5032914738569941, 0.3344393734421049, 0.28100121872765677, 0.2540107789848532, 0.1729042542033962, 0.15404577579881465, 0.13652089065206902, 0.12797074911317655, 0.11353934775771839, 0.11220232184444155, 0.10580699624759811, 0.10752422794965762, 0.14225528043295657, 0.12154237673218761, 0.1216313276173813, 0.1132466634735465, 0.10941276612824627, 0.10356051361720477, 0.11083822032170636, 0.11435850563326053, 0.1271653011707323, 0.13750051287934184, 0.13824890221336059, 0.1582246876454779, 0.15981719483222281, 0.167743543295988, 0.17212647359286035, 0.17812698427587748, 0.1816888963803649, 0.1797520997268813, 0.18160326938544, 0.1789497718481081, 0.17711228198770965, 0.17907717464757816, 0.17863778783274548, 0.18010591955057212, 0.1788825508473175, 0.17823054095996277], "valid_accurs": []}