{"train_losses": [0.40694730429264603, 0.40661988296994456, 0.4066210570868361, 0.4052996443456443, 0.40661165461180704, 0.4049279320807684, 0.405810450119947, 0.40341218683139357, 0.3973949922534524, 0.3964809098098644, 0.39412219302048757, 0.39523497724501544, 0.3909123793796257, 0.38942140798089364, 0.38951052752909837, 0.38808534869914335, 0.3838961633740279, 0.3842968747571663, 0.3804659414149466, 0.3775340460792736, 0.37815618530783074], "train_accurs": [], "valid_losses": [0.14238351849573, 0.14410976506769657, 0.1487844760662743, 0.15077409467526845, 0.15084749992404664, 0.15529815001147135, 0.15532645104186876, 0.15463543763118132, 0.1570561355245965, 0.1566789411008358, 0.1578075292387179, 0.1566050715212311, 0.1569003468113286, 0.15822234244218894, 0.15818369574844837, 0.15888127445110253, 0.15954536359225, 0.15870240357305324, 0.16081393483494008, 0.15955438491489207, 0.1602310615458659], "valid_accurs": []}