{"train_losses": [0.5941263545152828, 0.34893969931888363, 0.2323908368589112, 0.17789604600805503, 0.12134054516404193, 0.07324220515720176, 0.06414895430544383, 0.058354332423621445, 0.05362183758272575, 0.054197319720058416, 0.05254635905079982, 0.05047628965346792, 0.04991330925324654, 0.04864180733226408, 0.047808717835138285, 0.047196245343504445, 0.046904266238785706, 0.04651923157375862, 0.0464946782781123, 0.04605597309869339, 0.04579309111975167, 0.04558904032008006, 0.0453984083384444], "train_accurs": [], "valid_losses": [0.005191373326981973, 0.004889111491918031, 0.00488116097715517, 0.0049032840012971845, 0.034102908934333494, 0.0341328038235328, 0.03412186597207827, 0.03413639633384134, 0.03411768809227007, 0.04243054260898914, 0.042401924363470504, 0.042402869855452864, 0.04241068062505552, 0.04319622730171042, 0.04320376392986093, 0.043170862598344684, 0.04317370386395071, 0.04327982318188463, 0.04393781804745751, 0.043930562545678446, 0.043937450707224865, 0.04393152150857661, 0.04479308985173702], "valid_accurs": []}