{"train_losses": [30.169650877594318, 28.110208798968603, 22.7820093795736, 13.792946752417025, 12.900107475815627, 11.510085688696968, 10.532151969652327, 9.620586455814422, 8.208528048777707, 7.4050077666681275, 6.607818425963164, 5.195264861697242, 4.749505388673652, 3.787097478512103, 3.092401839437939, 2.93960870857592, 2.768586454252717, 2.4275650569686182, 2.2777337763044567, 2.020763322710991, 1.8619628629829519, 1.5011168316243186, 1.24943493685079, 1.1483420580625534, 0.8213719873437806, 0.7274817850578714, 0.6673028783862869, 0.5629431505997976, 0.5164497282020944, 0.43140808563856853, 0.3608065573547883, 0.351525932984062, 0.3323884552354535, 0.2898662567789119, 0.29544352320215056, 0.2564984475356088, 0.2356218005574885, 0.2532938286642391, 0.21750601510167436, 0.2101421376601571, 0.20224214381681233, 0.18006207615570732, 0.2056819012280179, 0.19049731946535528, 0.17336526477620715, 0.19723126134544453, 0.1657694736939101, 0.18004510915350347, 0.18694441652211247, 0.16607507517334646, 0.19291909683554892, 0.17136064731077386, 0.16394229554546574, 0.18522705380169172], "train_accurs": [], "valid_losses": [13.566059640475682, 15.38060109955924, 9.325675334249224, 8.371027793203082, 8.202683908598763, 6.982169687747955, 6.494090910468783, 5.033497929573059, 4.734151938131878, 5.417084029742649, 2.828104599245957, 3.2285310881478444, 3.46348831483296, 1.8478938447577613, 1.657422271158014, 1.5546449039663588, 1.54260180996997, 1.7151822091213293, 1.0579929077731711, 1.3318397759326868, 1.1137965071414198, 0.5882236773946455, 0.5946451026414122, 0.3964312904115234, 0.39684200898877214, 0.3829398123281343, 0.2857464937759297, 0.29116467892059256, 0.3128520723964487, 0.2598366583032267, 0.2538558497492756, 0.2416943447398288, 0.24629124626517296, 0.21669644210487604, 0.26206701940723826, 0.27509031764098574, 0.25150734425655435, 0.26935921103826593, 0.2706891524472407, 0.24777537797178542, 0.2490297933774335, 0.25068519903080805, 0.2745069611285414, 0.2641558732305254, 0.29001634754240513, 0.28266414547605173, 0.2683551880930151, 0.30534992925822735, 0.318290451541543, 0.2907010151871613, 0.31047543111656395, 0.3386347469474588, 0.33058881254068445, 0.2965182079268353], "valid_accurs": []}