{"train_losses": [157.9085577969098, 62.155498280244714, 57.81415134533498, 55.07071267641508, 30.031011321965387, 2.793449510815996, 1.740373287400509, 1.3259384853268101, 1.1689296637185558, 0.3499513585373287, 0.25383909528746323, 0.22728499179343561, 0.21100720263410747, 0.1913487409490131, 0.1685262516865768, 0.16549246167401652, 0.16001510527406343, 0.15251862375714662, 0.1435002364909352, 0.1381942507688681, 0.13443960057259685, 0.1331823380048728, 0.12470524790127892, 0.12031424063262088, 0.11857752728684726, 0.11481151675881304, 0.11161632557732487, 0.10783030035404059, 0.10408940007783708, 0.09997565829410003, 0.09837359808621364, 0.09758825313586456, 0.09231783807007975, 0.09188516427893445, 0.09019478649002124, 0.08743849116887442, 0.08614492212417978, 0.08321360293860079, 0.08209750170891102, 0.08014664383461842, 0.07941139034286343, 0.0779732847712698, 0.07652384287159367, 0.07681422708429632, 0.0754743987837663, 0.07245996376137119, 0.07079579252159704, 0.07101590402120918, 0.07023447612932635, 0.0694326625976762, 0.06895208222226859, 0.06785851333509474, 0.06721711178980262, 0.06574995413726002, 0.06614711184509739, 0.06478329866753714, 0.06469569418882758, 0.0648748246126922, 0.0633889337774046, 0.06218453293573533, 0.06220468442162237, 0.061692441223669646, 0.062259598142083955, 0.060040384505736344, 0.06030091690953096, 0.05987569640023946, 0.05982297888168922], "train_accurs": [], "valid_losses": [66.82999801635742, 55.89917870930263, 53.2131472996303, 51.25590773991176, 0.6257640597011361, 0.43615211732685566, 0.41588916696075884, 0.39941942212837084, 0.33103220257908106, 0.07718673165488456, 0.062491822122995346, 0.05951079929114452, 0.05785879572587354, 0.05183770880103111, 0.04983518332509058, 0.04798192840202579, 0.04667317993672831, 0.04774696775712073, 0.04831742199270853, 0.05018886029055076, 0.047489654938025136, 0.047289593710697124, 0.04852390312589705, 0.04921079493526902, 0.05080349952913821, 0.04708396433852613, 0.04782733104989997, 0.045126108752031414, 0.046849308136318414, 0.04728362985354449, 0.04580113704183272, 0.04423062353661018, 0.04479911417833397, 0.044409823204789846, 0.043712963383378725, 0.04372785975491362, 0.04476385284215212, 0.04483282832162721, 0.04521011228540114, 0.044433943062488525, 0.044530373033402224, 0.044662721654666324, 0.04436779650859535, 0.044441643403843045, 0.04472688040030854, 0.04406699840910733, 0.043126243931640475, 0.04373475184131946, 0.0432205372822604, 0.04423495062759945, 0.044471399925116985, 0.0442674952293081, 0.04428567201830447, 0.0440389232909573, 0.04460298230073282, 0.044703257868864706, 0.044626995122858455, 0.04465369883525584, 0.04388720415798681, 0.04389383756954755, 0.04417549991714103, 0.043983546717624576, 0.04416192063529577, 0.04374599034365799, 0.043956012365275195, 0.04373477818444371, 0.04361502862801509], "valid_accurs": []}