{"train_losses": [0.2694407451365675, 0.20957726931997708, 0.17003386533725515, 0.1009489307032218, 0.1003472738007389, 0.13501219296699793, 0.14919174018084372, 0.1507852492587907, 0.17591687392384286, 0.17592109503254058, 0.18952598773613177, 0.2091301051830804, 0.20900556997016626, 0.20307290453522925, 0.2010407114115657, 0.2050204780642633, 0.2307892692467523, 0.23081291581272448, 0.23435364352174537, 0.2383614736929457, 0.2382418435047228], "train_accurs": [], "valid_losses": [0.022776490110637888, 0.026204621818448817, 0.07903134676494769, 0.09209797185446535, 0.08610755218459028, 0.15059492896710122, 0.11768476186054093, 0.16451446924890792, 0.14533177337476186, 0.17427107452281884, 0.16294484718569688, 0.1866918546812875, 0.1882736198604107, 0.1738915861185108, 0.21016826267753327, 0.20349826477468014, 0.2350885429020439, 0.21346984830285823, 0.2510643074555056, 0.20165329719228403, 0.24227774542357242], "valid_accurs": []}