{"train_losses": [1.774043164574183, 1.6572052375223842, 1.6553692012620727, 1.6545794008813832, 0.8815461790349284, 0.02611609897892332, 0.02618096335222144, 0.02552595437078724, 0.02559649145095799, 0.04539610878501205, 0.047344369156395685, 0.0466380159821513, 0.04574173765585703, 0.05093639850515316, 0.05786818817544442, 0.05706820579254115, 0.056736512998818545, 0.05740945851978134, 0.04293896907274675, 0.041622351307202786, 0.04200212209489686, 0.0423580602789087, 0.04509197559831369, 0.050108222851352725, 0.050131097187317605, 0.04989014750944948, 0.05034081773554308, 0.04787317740128321, 0.04797388028724296], "train_accurs": [], "valid_losses": [1.6419906999383653, 1.6426108756235667, 1.648171786751066, 1.653312542608806, 0.02612648012914828, 0.025399827897282585, 0.029188360752803937, 0.02617289076027061, 0.024257770772757276, 0.044973387116832395, 0.04477960682873215, 0.04606573632918298, 0.05502141240452017, 0.05798650729203863, 0.060725991880255084, 0.0546005901414901, 0.05812818676765476, 0.05747374682687223, 0.040223251695611646, 0.04026349710433611, 0.043040742232863395, 0.052278187624844055, 0.05425921022625906, 0.05519108414383871, 0.04829561726988426, 0.05396155959793499, 0.055066373997500966, 0.0479027054139546, 0.04531657366481211], "valid_accurs": []}