{"train_losses": [5.15090705138981, 5.165283859091461, 4.125572673858158, 2.1918974151371646, 2.1892605106981975, 0.7629592565908319, 0.16668582242474986, 0.15850505765734446, 0.027769427438557304, 0.029015546139802725, 0.06568038912992628, 0.1132798418599777, 0.11302390397974739, 0.18574603273479082, 0.20333008712561673, 0.2081214639915045, 0.24320287523525103, 0.2430971352551034, 0.2143255268179235, 0.18583649925138584, 0.18567319444957234, 0.19937982504803037, 0.199467003995937, 0.21602018812188395, 0.2753268056130283, 0.2761942671720313, 0.2881539533969271, 0.3003792446205225, 0.30374009047866496], "train_accurs": [], "valid_losses": [4.8701522180012295, 5.157304584980011, 1.5805282954658781, 2.1481200541768755, 1.1716189639908927, 0.06853899818712048, 0.03662332100793719, 0.026569451604570662, 0.009464488788840495, 0.018222759943455458, 0.22173280747873442, 0.0597843344190291, 0.06876642210409045, 0.09089731305305447, 0.13097193970211915, 0.3874995027269636, 0.20455579033919744, 0.18222747317382268, 0.12101118652416128, 0.0877888249233365, 0.18153866699763707, 0.17656539167676652, 0.17481865042022296, 0.19297928709004605, 0.44035450528774944, 0.32808674552610945, 0.35488119402102064, 0.5000218216861997, 0.31952944344707895], "valid_accurs": []}