{"train_losses": [1.608821495895472, 1.5121417137292714, 1.5138205131389437, 1.5124870842128857, 0.8084972920296587, 0.029492540150139128, 0.03108377376680865, 0.0320228145550515, 0.03257532235091695, 0.05495065107216797, 0.05572129635570141, 0.05416659731839307, 0.0555866262896568, 0.050075269241003965, 0.046017550319702914, 0.04604245235983333, 0.04559373845055497, 0.044276363077274276, 0.06194696339411973, 0.06165805256744316, 0.06248788468168871, 0.061883819630849955, 0.05873982367691546, 0.0521679602361103, 0.05108497932351013, 0.05149915407736242, 0.05343504210015363, 0.05339660063571385], "train_accurs": [], "valid_losses": [1.4866718649864197, 1.487549677491188, 1.5067228504589625, 1.485585174390248, 0.02196967901961346, 0.021640506889005855, 0.022395902637591853, 0.021586729330010712, 0.02183452821502994, 0.04248889568927033, 0.0439611858954387, 0.04421851644292474, 0.04641374875791371, 0.03721199304397617, 0.0416978122333863, 0.034956214583611915, 0.03938665909559599, 0.035090740803363066, 0.0523401865669127, 0.055685046328497786, 0.05009164395076888, 0.04996103992951768, 0.04119698856292026, 0.04062242290404226, 0.04289919081410127, 0.043105225112023096, 0.04132176489968385, 0.050562603665249686], "valid_accurs": []}