{"train_losses": [82.09518826169666, 52.21159827978902, 37.468689616449275, 28.730956468107475, 15.21184967168316, 1.6522930536874278, 1.1943616716705296, 1.037877450431634, 0.9961607997301477, 0.5191609806537089, 0.4432618685437543, 0.42187836515080873, 0.4130803517221865, 0.37682361042809703, 0.32937271206964197, 0.3180384872422229, 0.2950924225151539, 0.29142130865837657, 0.25072854037535675, 0.2385685671609721, 0.2330681140538794, 0.21622298637666315, 0.2078762895415002, 0.1892803353152124, 0.18154634601053068, 0.18017446288493424, 0.17395628051520473, 0.15867268454232905, 0.15427128933538678, 0.1480105849429628, 0.1413813550783768], "train_accurs": [], "valid_losses": [35.18628604071481, 29.577655962535314, 27.56050385747637, 25.799814871379308, 0.3243913234078458, 0.2717931911881481, 0.2704779105260968, 0.2675344229542783, 0.26781671427722487, 0.04816029254080994, 0.04317395671802972, 0.04694854192036603, 0.04583723743313125, 0.04607262512269829, 0.04558223858475685, 0.05142136523500085, 0.04356784669549337, 0.050581069895997643, 0.044614688659619005, 0.04722460183048887, 0.04485361680521497, 0.04527344444899687, 0.0530310799700341, 0.04571457373510514, 0.05189547960513404, 0.05511326419322619, 0.0453379289912326, 0.04558803144443248, 0.0453895040056003, 0.04539524391293526, 0.04497506459509688], "valid_accurs": []}