{"train_losses": [16.78549215804398, 15.097743444313291, 13.118226815133074, 12.734729889830852, 6.385350415023777, 0.04701107572679876, 0.046741691725623556, 0.04598121342936118, 0.045159593692293803, 0.04708269884498006, 0.04631077091955491, 0.04556818231855987, 0.045204483941871654, 0.05008551411381269, 0.05751010872069662, 0.056631519720464, 0.05643315213348936, 0.05537477144086523, 0.055449799777796634, 0.05436128470625273, 0.053294224091447316, 0.05195347223919711, 0.05290215011534378, 0.055724005294938435, 0.05478072297923705, 0.054751992651274034, 0.052932849672214205, 0.05898557105670552, 0.05857335039882234, 0.05795655857636783, 0.05665425421054816, 0.05872455063566768, 0.0632639898037816], "train_accurs": [], "valid_losses": [18.37679750578744, 14.763648305620466, 11.03265837260655, 11.095178246498108, 0.048725187844995944, 0.04883958795107901, 0.047020820734490244, 0.046477869452376454, 0.04730221206721451, 0.04801088707920696, 0.04692506344456758, 0.04668456641957164, 0.046292261752699106, 0.06020195788836905, 0.06065462735880699, 0.06218393040554864, 0.060107382014393806, 0.06093200176422085, 0.058423386088439395, 0.06050263338589242, 0.058361274655908346, 0.05948430226583566, 0.062170801451429725, 0.06284597695672087, 0.06282853434926697, 0.06366513343527913, 0.06339601716691894, 0.07151371127526675, 0.0719981649890542, 0.07193335378542542, 0.07605305799682226, 0.07904900966345199, 0.07889835370172348], "valid_accurs": []}