{"train_losses": [0.12442366978912442, 0.1045235399422901, 0.11346909541774679, 0.14177870318766625, 0.13888746626162654, 0.1682371728851524, 0.17948498797637444, 0.18055395856893883, 0.20473112067375235, 0.20414733959647713, 0.21148096488187554, 0.22122450835174984, 0.22161372475050115, 0.23056355741604295, 0.2328351471750509, 0.23270434070201146, 0.2375311058152605, 0.23769333221451946, 0.2377505361363686, 0.23886578003801998, 0.2386574724876376, 0.24185307796985384], "train_accurs": [], "valid_losses": [0.036356711494071145, 0.03119256696663797, 0.11630049999803305, 0.09688927698880434, 0.1003135589084455, 0.1412232947934951, 0.14805921127221414, 0.17936481349170208, 0.17938240617513657, 0.1898052136280707, 0.2137782642883914, 0.20636405902249472, 0.210535001541887, 0.2245851382613182, 0.2066398755248104, 0.2206451701266425, 0.23193408761705672, 0.2197732124477625, 0.22346362790891103, 0.22693819845361368, 0.23448433860072068, 0.23030345168496882], "valid_accurs": []}