{"train_losses": [52.15554244429977, 45.99366978488902, 38.73901646477835, 25.351956787563505, 23.532589561724787, 15.851570140747796, 11.95974676381974, 10.856953435473972, 6.884688650174116, 6.2244709733302, 5.883544240048323, 5.313327129240389, 4.946384144365473, 3.1636191546601595, 2.3679300022346004, 2.2082644660794544, 1.9959871621516647, 1.8301142793168466, 1.5124690022181582, 1.1609675728927844, 1.085939429858059, 0.8682854357298719, 0.7527065376046473, 0.6797452314347817, 0.5001316124169284, 0.4636689665771666, 0.439220439465273, 0.4003512165928013, 0.36982264306652485, 0.4297544408451628, 0.3894015255546759, 0.37983943342610643, 0.3619801406723955, 0.33234241425439165, 0.3299216388591698, 0.30044541674020586, 0.27403463588820565, 0.34576506080923886, 0.30106369753875745, 0.2916036291767365, 0.272695934606923, 0.24497765808233193, 0.2884602279022888, 0.2738766211168791, 0.256489404235725, 0.2892128721707397, 0.2575735704943774, 0.2601224295400753, 0.24397655211822697, 0.2216999672708057, 0.24127621009512237, 0.22465850807056226, 0.2079257175089821, 0.23090391198084467, 0.20360570838527073], "train_accurs": [], "valid_losses": [24.220444747379847, 17.88008921486991, 14.23897317477635, 13.875260608536857, 16.34045229639326, 5.887891215937478, 4.89149825487818, 2.5901729986071587, 2.9383401349186897, 4.3536040144307275, 2.348078151898725, 2.6317667024476186, 2.9082977516310557, 1.1162829050528151, 1.166725895766701, 0.9184246664600713, 0.8668437477733407, 1.1457824068410056, 0.55140770226717, 0.6104545242020062, 0.5493311126317296, 0.4213018039507525, 0.36455216551465647, 0.32676684404058115, 0.3368406399552311, 0.342200083392007, 0.30197993852198124, 0.27418019862047266, 0.3108129118170057, 0.3505291124539716, 0.3352932975228344, 0.282255349148597, 0.3036233905170645, 0.3585427440702915, 0.24983424959438189, 0.30385441785412176, 0.2656401890729155, 0.33654235303401947, 0.33776829072407316, 0.3408722941364561, 0.3018020170607737, 0.29970162228814196, 0.3708015919796058, 0.3160448143524783, 0.3054226256374802, 0.30924560129642487, 0.3553392817931516, 0.3423584026417562, 0.3355811946094036, 0.2901847359857389, 0.29627225707684246, 0.3203572519123554, 0.3303082428340401, 0.3305471387824842, 0.30426129246396677], "valid_accurs": []}