{"train_losses": [0.6187728671062046, 0.37280113995075226, 0.25103988066922484, 0.19191426814141857, 0.13115782771107837, 0.0789004228082043, 0.06715775077227014, 0.06013820625049361, 0.05654449803476555, 0.05538775159121908, 0.0529568883257484, 0.051870097570559555, 0.0503227150033974, 0.049623970608163745, 0.04852247938126056, 0.048104421517967635, 0.04741523661376799, 0.046937523814280645, 0.04699151339304393, 0.04683149696171823, 0.0467415405395209, 0.046340010984383555], "train_accurs": [], "valid_losses": [0.008918719599023461, 0.008657629485242069, 0.008727473032195121, 0.008706849035141724, 0.0351231848056029, 0.03512388071976602, 0.03510348934547177, 0.035095442535488734, 0.035107762536167035, 0.042144187759341936, 0.04209760812643383, 0.04207933344878256, 0.042067220933469276, 0.04311930843895035, 0.04312338184432259, 0.04318823379331401, 0.043209141719021966, 0.043132421926462224, 0.04423495614901185, 0.04424445244616696, 0.04425665649718472, 0.044247580891741176], "valid_accurs": []}