{"train_losses": [0.5059525616585262, 0.4586138662601274, 0.40339634512309674, 0.3105083944069015, 0.2944371569014731, 0.3659452894535014, 0.3850216418898926, 0.36772558473484224, 0.3791695847397759, 0.35856656253180175, 0.34523327285965916, 0.3372576483106487, 0.31731534222998314, 0.39939281977121793, 0.39892851411507874, 0.3921089305212258, 0.42043045563278375, 0.3947794645551651, 0.4192777653298681, 0.4304938992416417, 0.3917644740373054, 0.46544417626564466, 0.45733752511638814, 0.4447172845876406, 0.46042708721425796], "train_accurs": [], "valid_losses": [0.26929946350199835, 0.335297880428178, 0.28819541819393635, 0.2968991342931986, 0.1944672433393342, 0.3993154673704079, 0.34882742166519165, 0.4227340450244291, 0.2844855426145451, 0.3321166184863874, 0.30347820025469574, 0.3884763547352382, 0.3250202725508383, 0.5294444960142884, 0.39018248713442255, 0.387999086241637, 0.45515264730368343, 0.3770300040819815, 0.4301618028964315, 0.46928529867104124, 0.4688254488365991, 0.5643859175699097, 0.4919741481010403, 0.4883730552558388, 0.5001769598041262], "valid_accurs": []}