{"train_losses": [1.0741526652423163, 0.9037359714035004, 0.6748746039454269, 0.3510717844206189, 0.32774964235131704, 0.27112872275725874, 0.2456226879484439, 0.2425580331612201, 0.2356533087671749, 0.23398381004494334, 0.23361208591432797, 0.23509631238917195, 0.23411566458603061, 0.23376326842440498, 0.23300293990701595, 0.23325573327758956, 0.2353852860353611, 0.23546565057975904, 0.23245106732088422, 0.22864698033247674, 0.22922660274401543, 0.23498367476794454, 0.23651568232863038, 0.23705742575188793, 0.2402073021721903, 0.2398978202313027], "train_accurs": [], "valid_losses": [0.4096377965595041, 0.3564311718302114, 0.21104070863553456, 0.19892777555755206, 0.21505175610738142, 0.1901118933622326, 0.1992431916296482, 0.20255105117602007, 0.20773003569671086, 0.21176247405154364, 0.20993630401790142, 0.21228513973099844, 0.21677672490477562, 0.21110241753714426, 0.20368612637477262, 0.20872029396040098, 0.2177005223929882, 0.21219477589641297, 0.2056967288787876, 0.2110102634344782, 0.21026141781892096, 0.21602454302566393, 0.21254002994724683, 0.21907538707767213, 0.22077149472066335, 0.22659898096961634], "valid_accurs": []}