{"train_losses": [37.11288883459514, 32.74411609054151, 33.266033420735354, 33.51126752827502, 17.943457075862458, 0.05841318530987156, 0.05629713349128605, 0.056062080315841, 0.05534533931287975, 0.04817404334193171, 0.047152653488233616, 0.04632792393445159, 0.04620557537563651, 0.0458371653495466, 0.04465720164947785, 0.04462595477835086, 0.04434815637042484, 0.04444903008665097, 0.043502829480090294, 0.04367671125227105, 0.043604734657138454, 0.04371508390840766, 0.043291115857306786, 0.04332788112021275, 0.04338467575407406, 0.04334078169937722, 0.04326570519073382, 0.042941654448679804, 0.04311228948497799, 0.04321657677867968, 0.04262705143052259, 0.042823304974250666, 0.04291860811513473, 0.04256162883048009, 0.04257948692609889, 0.04268666127553353, 0.04256607756456908, 0.04222919500319127, 0.04217243876004786, 0.042503859546473795, 0.04222164708042172, 0.0420858006148991, 0.04213611453737878, 0.04194515147899611, 0.041901957361676574, 0.04176617388474456, 0.04184196279615973, 0.04189929818709242, 0.04190735436756821, 0.04186621501333843, 0.04180858433836591, 0.041617560697660455, 0.04145893279243918, 0.04164839372021985, 0.04158251501232116, 0.04133756714767663, 0.04165330365704735, 0.041365384849049655, 0.04139715340831296, 0.04125450211851036, 0.041200845554993565, 0.041245666433682, 0.04111670735987468, 0.04134496201327011, 0.04124455998242913, 0.04128883352157622, 0.0411881223843513, 0.041213678764980034, 0.04132929612878221, 0.041187945070647006, 0.04120880438697554, 0.04111226579401962, 0.04118454479717763, 0.041000587520151656, 0.04106579762272436, 0.04115261358727292, 0.04099210862458022, 0.04100567391521521, 0.04100585107299672, 0.0410715209497181, 0.04096099287187217, 0.04119243059829889], "train_accurs": [], "valid_losses": [32.410717078617644, 30.656103100095475, 32.9166122845241, 32.36823051316397, 0.052277628664991686, 0.05217400865097131, 0.052197113034448454, 0.05202307302637824, 0.051847916994509954, 0.0441231275908649, 0.044085287721827626, 0.04412999004125595, 0.04395336574608726, 0.043461888296795745, 0.04334318571324859, 0.04344228136220148, 0.043326485902071, 0.04319816784534071, 0.04314469945217882, 0.04315786948427558, 0.043094608367287686, 0.04307063875187721, 0.0431646393345935, 0.04322281908909125, 0.04324144374446145, 0.0432363656083388, 0.04318086353928915, 0.04315992055593857, 0.043124413350597024, 0.04308002136115517, 0.04312202783434519, 0.04315735020541719, 0.04310746547499938, 0.04297311840179775, 0.04307676183192858, 0.04304807516746223, 0.04277297002928598, 0.04285543874305274, 0.04287249525077641, 0.04284542782365212, 0.042670615848952105, 0.04269091518861907, 0.0426530702970922, 0.04263752226584724, 0.0426322879003627, 0.04267200950666198, 0.04270968662707934, 0.042655980813183954, 0.042604964525837986, 0.04252597756151642, 0.04236444973919008, 0.04245449719019234, 0.04231420016315367, 0.042354474941800745, 0.04225501481310597, 0.04237863890427564, 0.042317581263237765, 0.042329992001344054, 0.04204346668640418, 0.042002483271062374, 0.042027011181094816, 0.04196669247799686, 0.04201482203123825, 0.04221407636733992, 0.04218722201351609, 0.042223022618730156, 0.042166029036577256, 0.042097553777109296, 0.04210780378031943, 0.04212221895743694, 0.0421045694633254, 0.04211342627448695, 0.042158768545570116, 0.04215707234106958, 0.04214847510281418, 0.04217302666178772, 0.04207333430115666, 0.04214096611498722, 0.04204696293787232, 0.04206995513024075, 0.042061306070536375, 0.04205796980698194], "valid_accurs": []}