{"train_losses": [9.102754661400393, 6.627222068169537, 6.773014401957999, 6.75654988267303, 3.622369074338533, 0.04660572143633981, 0.04468126758949924, 0.043887126356430724, 0.04313836665191936, 0.046060399274548254, 0.04595280938878723, 0.044991901940855776, 0.04488856745757398, 0.04460081804914577, 0.04476309917041214, 0.04421950600265917, 0.044657312084950204, 0.04404329243052869, 0.044110063948074346, 0.04345934300333666, 0.04355997879192975, 0.04354262554267952, 0.04329513348807577, 0.042931608733514585, 0.042964901357922886, 0.04264428733734254, 0.042802430950610884, 0.042439983007224166, 0.042579609673149985], "train_accurs": [], "valid_losses": [1.530820065311023, 1.637157380580902, 1.9728841909340449, 2.087834671139717, 0.03936705678435309, 0.03831040203970458, 0.038056179615003724, 0.037806459868858965, 0.03775329901171582, 0.04337385040707886, 0.043315985439611335, 0.0431295273426388, 0.04301542113535106, 0.04373953431578619, 0.043642591984410374, 0.04355485707388392, 0.04351486428640783, 0.04352075194141695, 0.04315275466069579, 0.043193333715732606, 0.04305630722748382, 0.04306206695868501, 0.043005326529964805, 0.042973952068548114, 0.04293391318060458, 0.042952613605718525, 0.04283846888159003, 0.042786536971107125, 0.04275913842554603], "valid_accurs": []}