{"train_losses": [131.14859213652434, 110.11828216673835, 69.51346012618806, 5.053720914497577, 5.048002857379813, 3.254120403812045, 2.4783446452920397, 2.421603460948934, 1.8838594401324238, 1.8693122240916762, 1.7778196008432479, 1.6558972272292647, 1.6476819940975733, 1.4697199574223272, 1.4144811411067921, 1.391121360833052, 1.2850778366207445, 1.2784360819077365, 1.1691182566382898, 1.0521388169791963, 1.0463018370841546, 0.8516129012461062, 0.8084011798497861, 0.7797190151201985, 0.6752367849072451, 0.6727261795568719, 0.6386173578797194, 0.6084516762346818, 0.6069778162572119, 0.570245839379452, 0.5603585698538356, 0.550881756124673, 0.5245174836544764, 0.5211794109492706, 0.5090577320525886, 0.5006531293666552, 0.49840198133988356, 0.537061549447201, 0.5377887229991969, 0.5362787575081542, 0.5359922382960874, 0.5327080925384526, 0.5351635033570269, 0.5327483837408994, 0.5300511459194163, 0.42733648190738033, 0.4259991821630922, 0.4420811825249561, 0.46643598697015215, 0.46730407508750443, 0.4717278072127589, 0.4729212630520422, 0.47871749339595676, 0.5561093045053659, 0.5540379620102979, 0.5387269245095985, 0.520466543635521, 0.5189122200091049, 0.6077158768814077, 0.6287217780001579, 0.6188862304444667, 0.5922362807566527, 0.5908799157256172, 0.6363625260336059, 0.6802964097371808, 0.6745307476274551, 0.5993086269135197], "train_accurs": [], "valid_losses": [37.31801973070417, 32.17970878737314, 2.493621971990381, 2.4774046561547687, 2.3990104411329543, 1.7769846937486105, 1.4319507628679276, 1.2555019302027566, 1.0206700414419174, 1.4291354322007723, 1.09553346570049, 1.327383881168706, 1.0240852630564146, 1.203646186207022, 0.8142428334270205, 0.9512992384178298, 0.8347575004611697, 0.9068037505660739, 0.682614696345159, 0.6313085662467139, 1.0796860169087137, 0.5028878386531558, 0.7209366347108569, 0.5485996917954513, 0.43351729160973, 0.4571945422462055, 0.6143282050532954, 0.596328716725111, 0.4482001816587789, 0.3686798292079142, 0.43784565797873903, 0.36056302434631754, 0.44371137501938, 0.5629529064255101, 0.470622287264892, 0.38893628865480423, 0.38244729968053953, 0.4202471316925117, 0.4886806591280869, 0.5130920537880489, 0.4790249184838363, 0.5124206676014832, 0.6377411404890674, 0.5213196261652878, 0.33135842957666944, 0.2851714361459017, 0.2824402400957687, 0.36621588468551636, 0.42440476321748327, 0.35508258188409464, 0.33543304034641813, 0.3477180687976735, 0.4515506529382297, 0.4303537303847926, 0.48019054159522057, 0.6154223967875753, 0.5468344778886863, 0.5822506536330495, 0.3601686781538384, 0.5380278187138694, 0.3649715270314898, 0.4934641399553844, 0.3913962500435965, 0.672454239002296, 0.6431166423218591, 0.5066856896238667, 0.44170321843453814], "valid_accurs": []}