{"train_losses": [4.6621414730451765, 4.083506449315343, 4.100596859174616, 4.037679472120639, 2.355493546071635, 0.3862076173810398, 0.3424609114007173, 0.4002976254033287, 0.3256919306799837, 0.39744940147275837, 0.3504932573343294, 0.3735508208428573, 0.3650926128704084, 0.43173174030775396, 0.5059162796352783, 0.5407087971115004, 0.5096115609504518, 0.5316344462166545, 0.6867760985550297, 0.7028527938807172, 0.6678359998701924, 0.7223402575939489, 0.5735219528569895, 0.3402754170525128, 0.35098766555748373, 0.43467481731019947, 0.3180964288061561, 0.373677443460102, 0.38479005595947285, 0.3940593646122859, 0.37245068928370106, 0.4040279722186775, 0.3653808410081389, 0.41210133396931903, 0.3369720239040539, 0.3821635336964918, 0.409563774301995, 0.4625471109246237, 0.45890476541146974, 0.4001014081263974, 0.4130409868998765, 0.33274384898163073, 0.3192236018261758, 0.3242265997934935, 0.32582170642676395, 0.3357417740062621], "train_accurs": [], "valid_losses": [4.04245063662529, 3.582786181143352, 4.383576682635716, 4.465929286820548, 0.1197552653029561, 0.5549312680959702, 0.025828000174702277, 0.049082802542086156, 0.10864473254020725, 0.34957454832536833, 0.46819746653948513, 0.25268832221627235, 0.06033555092290044, 0.85621875418084, 0.25862583571246694, 0.3522607253066131, 0.15140576314713275, 0.5321156669940267, 0.43673553849969593, 0.33882815710135866, 0.7401089104158538, 0.40555153148514883, 0.16822239836411818, 0.012822930077423475, 0.07795943785458803, 0.011459086339787714, 0.181352488430483, 0.3235668609184878, 0.33622163427727564, 0.1015645203047565, 0.07037846431402224, 0.05959832947701216, 0.2056868648422616, 0.08398329945547241, 0.03659144336623805, 0.03388966949257467, 0.10458022236291852, 0.28307123774928705, 0.27115825563669205, 0.19446156679519586, 0.1239159167078989, 0.12863864909325326, 0.1983572689018079, 0.02382402042193072, 0.014436802311268235, 0.012748882274276443], "valid_accurs": []}