{"train_losses": [49.49501958725944, 45.43642545629431, 32.74650651594949, 5.460114024934315, 5.372110834197392, 4.767092094219551, 4.4503806507776655, 4.258914877971013, 2.511839416607347, 2.479444519237236, 2.399364015885762, 2.2727078130005527, 2.2433277288126567, 1.7193765280738709, 1.5516615066894148, 1.5027434334710792, 1.2466818945748466, 1.233625924855313, 1.149414282232996, 1.0628265617858796, 1.0528035042462525, 0.9403403244478993, 0.9084357699310338, 0.9078573013739611, 0.8942322987254965, 0.8874047333128238, 0.7923607849097126, 0.7075527145591363, 0.7051832464636949, 0.7029754192267776, 0.6978019330867384, 0.7041658591971827, 0.7305350177502506, 0.7266536353441774, 0.626042684037534, 0.5557171360604347, 0.5552091845286586, 0.5252139827719441, 0.5221037533942354, 0.5334472354678881, 0.5667742115479929, 0.5615463452758612, 0.5589479701544242, 0.5530604210007127, 0.550134354601146, 0.5685669446669558, 0.5680474072064041, 0.5943612488252776, 0.6424812717097146, 0.6369610197014279, 0.6872526822345597, 0.7014875439582048, 0.6973399235300286, 0.6923132286106468, 0.6876106315425464, 0.6816933491715679], "train_accurs": [], "valid_losses": [13.595919166292463, 12.790343999862671, 2.6484026930161884, 3.2128467708826065, 2.581729618566377, 1.9544998173202788, 3.3661252558231354, 1.474074974656105, 1.3297894139375006, 1.150277660361358, 0.9577109595494611, 1.215896602187838, 1.5272848095212663, 0.9406746923923492, 0.9789414618696485, 0.7953263946941921, 0.761936870536634, 0.9028649574943951, 0.6152556751455579, 0.8913847176092011, 0.9516271416630063, 0.592631109058857, 0.5922291906816619, 0.5201955341867038, 0.6934671497770718, 0.49120341507451876, 0.5529614420873779, 0.5325534279857363, 0.5403354833168643, 0.5908458765063967, 0.5626633385462421, 0.6351291569215911, 0.5992726609110832, 0.6051768591361386, 0.4594282821885177, 0.38540901616215706, 0.503907572478056, 0.6069669398878302, 0.41867041694266455, 0.5455019149397101, 0.5226183405944279, 0.40287401367511066, 0.4819646083882877, 0.4341264159551689, 0.5011171863547393, 0.5779378094843456, 0.4704549381775515, 0.5904561850641455, 0.5531406636748996, 0.6048185740198407, 0.5613069145807198, 0.4511096685060433, 0.6089648604393005, 0.5054053078804698, 0.5493836796709469, 0.5027143407080855], "valid_accurs": []}