{"train_losses": [1.9279941698005296, 1.7876747320680058, 1.787872774433766, 1.7875854073606465, 0.9653213841259075, 0.05600019759283616, 0.05864153335047928, 0.05690847349466916, 0.056437380772033426, 0.06674843798159744, 0.06922967620699653, 0.06706685426632339, 0.06594673050272519, 0.05392629708841915, 0.03635262738812159, 0.03676859880860777, 0.03816860857761014, 0.03577582072677318, 0.04820949951296344, 0.04991652339073193, 0.05049873682843074, 0.05100255791199018, 0.05456013214770215, 0.06384657773429452, 0.0632731265417928, 0.062248880338614886, 0.06268432568253031, 0.05590664264977788, 0.05635158376709234, 0.055588737543149774, 0.05588353126061178, 0.05404349491084458, 0.049933281478501554, 0.04945970785159331, 0.049874559318756354, 0.04949587394327465], "train_accurs": [], "valid_losses": [1.787756079009601, 1.7773023886340005, 1.7954549491405487, 1.800647292818342, 0.05398127273656428, 0.067190674466214, 0.05402894733872797, 0.05950399874044316, 0.05250660619432373, 0.07297147890286786, 0.06200125214776823, 0.07202811865136027, 0.0625567534007132, 0.0353865642765803, 0.04441960837825069, 0.033343396615237, 0.06008134858815798, 0.0334374969658841, 0.04705815828804459, 0.05494455959913986, 0.0670891563807215, 0.05668709340638348, 0.07469410096694316, 0.05799923464655876, 0.057911420174475224, 0.07911512721329927, 0.0652723131435258, 0.0540615225410355, 0.05255316237785986, 0.05275962608201163, 0.052436533849686384, 0.04838649309905512, 0.05901206184976867, 0.05124227063996451, 0.050322339603943486, 0.04669457856964852], "valid_accurs": []}