{"train_losses": [0.0611834185054669, 0.04811586042217135, 0.04763025911398468, 0.04710918318320116, 0.04349631103539494, 0.03879847907254734, 0.03862746236887992, 0.038751811867925375, 0.03907954498990628, 0.04670515336618839, 0.04696116392917898, 0.046946210525424234, 0.04725451659984314, 0.04493098357077098, 0.04231315238898561, 0.042400319196654664, 0.04277647625048101, 0.04227196729881057, 0.04069592271472129, 0.04097032975995433, 0.04070117056150647, 0.04054209367873577, 0.04317153883651236, 0.047815667014417335], "train_accurs": [], "valid_losses": [0.03722889864418123, 0.038295580173975656, 0.03709123200470848, 0.03707884002609977, 0.038948526339871545, 0.039480197542746155, 0.03861542581580579, 0.03979015446800206, 0.03955766997699227, 0.05019630681324218, 0.0503856237711651, 0.047637789244098325, 0.04760613794704633, 0.043553223833441734, 0.043703397403338125, 0.04440351402653115, 0.04330894407550139, 0.04311858559958637, 0.04266748600639403, 0.0430615732579359, 0.04163838520513049, 0.04164113350478666, 0.04895471395658595, 0.04893166704901627], "valid_accurs": []}