{"train_losses": [91.58424357762412, 90.48759918111973, 56.559409883267506, 0.23626721729204136, 0.2326125218754723, 0.2333591753055179, 0.23361565249543342, 0.23299449128369806, 0.24764078004019602, 0.2504257977836662, 0.24978765447146048, 0.25673858439007763, 0.2528160413894704, 0.29116687955206666, 0.3014834931208974, 0.3029721446295895, 0.3100773446932041, 0.30840503315998136, 0.3347974064607154, 0.36411777308220583, 0.36359832246625234, 0.3598481344167518, 0.3567213389687437, 0.3607000283226765, 0.38206028615040755, 0.38060356242946847, 0.4058822486451063, 0.42637603126821066, 0.4249681073521811, 0.3950714124415917, 0.3899273968957089, 0.391959817833686, 0.4013186168102991], "train_accurs": [], "valid_losses": [23.909046036856516, 23.829142774854386, 0.21204991904752596, 0.21853447891771793, 0.21533866945121968, 0.22466835752129555, 0.222580062225461, 0.20920095140380518, 0.23528985226792948, 0.2281208402876343, 0.22282902337610722, 0.2536567627851452, 0.20818565972149372, 0.2094534688762256, 0.27057598318372456, 0.26568632147141863, 0.2588979687009539, 0.22164037424538816, 0.29375077837279867, 0.30560241267085075, 0.3092433035905872, 0.309677533273186, 0.26018322525279863, 0.3138012353863035, 0.29381133190223147, 0.32913669464843615, 0.3799705297819206, 0.4007549706314291, 0.3032604972166674, 0.3437811663108213, 0.3232242741755077, 0.27804977180702345, 0.3296734488436154], "valid_accurs": []}