{"train_losses": [1.113819589846814, 0.8138833989250175, 0.8130885773249881, 0.8056194597172521, 0.496932147315185, 0.2067541004373477, 0.18911386339828304, 0.174743026629832, 0.16484542401945768, 0.13363405075598492, 0.1190217655885341, 0.10808930916045856, 0.10040243813237049, 0.09411895558305455, 0.08474411618605054, 0.07252833900374794, 0.06671268786872607, 0.06325767960239252, 0.07583047753006085, 0.0667714786113185, 0.058558669866260765, 0.054062640418749454, 0.05542465914209369, 0.05672753465096403, 0.047751944683854596, 0.04176267551898754, 0.04005626831582971, 0.06519427718763235, 0.06051829361200872, 0.05358607179540045, 0.047254919799306, 0.05315217069809523], "train_accurs": [], "valid_losses": [1.0281963955078806, 0.8667892952050481, 0.8615858927369118, 0.8452183391366687, 0.19473612308502197, 0.18757563244019235, 0.1871836985727506, 0.19827311905100942, 0.2006911930761167, 0.13862404646351933, 0.15202444811750734, 0.1352835628869278, 0.1545157991349697, 0.1556300539523363, 0.13881673171584094, 0.14130751283041068, 0.1477184793246644, 0.1515181651338935, 0.16646415527377809, 0.15915089739220484, 0.16696940349148853, 0.1667919833479183, 0.15891284003321612, 0.16345683259091207, 0.15305266715586185, 0.17930691955345018, 0.17895671951451472, 0.2234772401196616, 0.2147564341181091, 0.20438892966402428, 0.20933946727641992, 0.25148023132766995], "valid_accurs": []}