{"train_losses": [1.6246817152424635, 1.377245484501528, 1.3793310325474761, 1.3330297998713152, 0.7264830736175804, 0.020800571391417968, 0.01963737541156488, 0.01985634855475125, 0.0193193689066647, 0.034221695146072505, 0.033882959726860756, 0.03353609857507623, 0.033089150666212874, 0.04006780677673099, 0.04962603120150137, 0.0484076806837145, 0.04767153221625009, 0.04700004333436354, 0.06469041106135193, 0.06486198975708825, 0.06377844064922085, 0.06199014368909517, 0.06079498857967724, 0.05968875108851432, 0.05809390064480618, 0.05631095991465705, 0.05495493565327846, 0.0638731341699467], "train_accurs": [], "valid_losses": [1.8967526235750742, 1.3512283489108086, 1.0674421159284455, 1.2390110141464643, 0.01911714388656297, 0.018125124608299563, 0.01821392270669873, 0.017599675255561515, 0.018101082058689957, 0.03578899494771447, 0.036209107226958234, 0.035458016475396495, 0.034301080192173164, 0.05203697674109468, 0.05277626063408596, 0.05304158535519881, 0.052830867535833805, 0.051879227227930515, 0.07438931101933122, 0.08164061852065581, 0.07416524811248694, 0.07406456615509731, 0.07126424604627703, 0.07205861660518817, 0.0741925830620208, 0.07314936746843159, 0.07040385442918964, 0.082175936616425], "valid_accurs": []}