{"train_losses": [323542.84251272626, 259784.22179015836, 251115.9219633767, 239513.0979213801, 124316.63050064232, 0.11625223835230683, 0.11279236832085777, 0.07417844964098606, 0.0660191629486521, 0.06562321604865844, 0.057524396683936475, 0.05502382938948152, 0.0594979625625106, 0.04956835027935818, 0.04888389648540931, 0.04727553325911722, 0.046550302247925585, 0.05356273222798945, 0.04405826445652079, 0.043523789092696094, 0.04327521967908106, 0.04303247871812922, 0.04294018619335615, 0.042713578904207745, 0.0475860771541884, 0.042418397815552504, 0.0421883185221329, 0.04317196499033751, 0.044421869734664575, 0.06625240880203732, 0.04715035922353354, 0.046269413121718894, 0.04566621296192051, 0.04349473562529858, 0.04301220549447504, 0.04181247096239037, 0.04059739868320963, 0.040221618378863615, 0.040059046021228596, 0.11693578176368954, 0.1024359747202755, 0.04763131125143211, 0.039916153449346035, 0.03969104123213307, 0.03961282593042198, 0.06382349847154313, 0.1064574183702334, 0.05643567133576891, 0.043482695760972356, 0.044367515852851834, 0.04758144813543396, 0.04739037241651866, 0.047405714510489104, 0.047226932738397724, 0.04573316107255436, 0.04482352351390533, 0.04422629817612301, 0.0434507636302804, 0.043459861977573705, 0.04691611379974973, 0.04639738138630244, 0.04573396061930586, 0.045473982765427814, 0.04910006343357568, 0.051105217435039006], "train_accurs": [], "valid_losses": [263816.9140625, 268612.212890625, 243054.6732700893, 231230.96651785713, 0.10558448918163776, 0.08894500781648926, 0.07391706677818936, 0.07325210834720305, 0.07250599336943456, 0.0627622983218836, 0.05417788936756551, 0.05720900358366115, 0.05460976203903556, 0.051221571530082395, 0.05181218301212149, 0.049468252807855606, 0.04934620261857552, 0.048273230104574134, 0.045712064851873686, 0.04544385732151568, 0.045299230908442824, 0.04521954947683428, 0.04434333365809705, 0.044272555936393995, 0.043546131712251475, 0.043663439873073785, 0.04330422586229231, 0.04434978602720158, 0.04502821620553732, 0.04523173234026347, 0.04482246699210789, 0.04654376398372863, 0.04464069614186883, 0.04148374215167548, 0.04167731252631971, 0.04210405573914094, 0.041844899233962805, 0.0414937146540199, 0.04100694311117487, 0.31772669524486574, 0.04291314003057778, 0.04125964814530952, 0.04105273833764451, 0.04093691400651421, 0.04061609706176179, 0.07151722296008042, 0.0448179513748203, 0.04520081505844636, 0.04453356810180204, 0.0488034380001149, 0.04850456178454416, 0.048298995077077835, 0.04889017556394849, 0.048089366705556004, 0.04580848833679089, 0.045540199448753683, 0.04429037127244685, 0.04366750895444836, 0.048814259635816724, 0.04894111478435142, 0.048361896603767364, 0.04756996517867914, 0.048084715081911, 0.053994119400158525, 0.05379561714029738], "valid_accurs": []}